=== Detailed Model Weights Export ===
Export Time: 1776421594
=====================================

Layer: input0 (Type: input)

Layer: embedding0 (Type: tie_word_embeddings)
  Weight 0 (Name: embedding0:Embedding, Dim: 155582464): 1.000602 1.000601 1.000601 1.000601 0.999403 1.000601 1.000601 1.000601 1.000601 1.000601 ... 0.999970 0.999966 0.999991 1.000021 1.000029 0.999987 1.000043 0.999956 1.000018 0.999924 

Layer: embedding0/generated_out_0 (Type: multiout)

Layer: layer0_attention_norm (Type: rms_norm)
  Weight 0 (Name: layer0_attention_norm:gamma, Dim: 1024): -0.009277 0.033691 -0.074707 -0.018066 -0.006165 -0.015137 -0.031982 0.007812 -0.023071 0.039307 ... 0.023193 0.003479 0.023560 0.065918 -0.036865 0.054688 0.009094 0.011963 -0.010559 0.015991 

Layer: layer0_attention_norm/generated_out_0 (Type: multiout)

Layer: layer0_wq (Type: fully_connected)
  Weight 0 (Name: layer0_wq:weight, Dim: 2097152): 0.031982 0.023804 -0.059326 0.003815 0.011292 -0.042725 -0.002045 0.019409 -0.084961 -0.035156 ... -0.009216 0.042969 -0.073242 -0.025879 -0.011780 -0.015198 0.019043 -0.019409 -0.077637 -0.026489 
  Weight 1 (Name: layer0_wq:loraA, Dim: 8192): 0.045166 -0.002121 -0.026245 -0.007202 0.018066 -0.033447 -0.016968 0.027832 -0.036621 0.010193 ... 0.032959 0.055176 -0.052734 -0.027710 0.018066 -0.011230 0.016968 -0.039795 0.017700 -0.015137 
  Weight 2 (Name: layer0_wq:loraB, Dim: 16384): 0.057129 -0.001846 -0.005066 -0.021729 0.002594 -0.014465 -0.005646 0.046631 -0.012085 -0.039307 ... 0.051270 0.017334 -0.018311 -0.013916 -0.027466 0.038086 -0.030151 -0.003525 -0.014648 -0.012390 

Layer: layer0_q_norm (Type: reshaped_rms_norm)
  Weight 0 (Name: layer0_q_norm:gamma, Dim: 128): -0.023560 -0.001411 -0.062500 0.056396 0.015747 -0.019531 -0.019043 0.031250 -0.105469 -0.039062 ... 0.049805 0.001350 -0.035645 -0.001884 -0.010376 0.023926 0.008240 -0.042725 -0.016113 -0.013611 

Layer: layer0_wk (Type: fully_connected)
  Weight 0 (Name: layer0_wk:weight, Dim: 1048576): 0.038086 0.010010 -0.011353 -0.041504 0.010315 -0.022217 0.025757 -0.004395 -0.004333 0.008850 ... 0.042725 0.003876 0.019897 -0.011230 0.022095 0.012268 0.012085 0.025635 0.003189 -0.013489 
  Weight 1 (Name: layer0_wk:loraA, Dim: 8192): 0.019043 -0.025635 -0.004669 0.021118 0.015564 0.003403 -0.003052 0.013672 0.031250 -0.021973 ... -0.026001 0.037354 0.035156 0.013184 -0.020386 0.024902 -0.024292 -0.011719 -0.041748 -0.020508 
  Weight 2 (Name: layer0_wk:loraB, Dim: 8192): -0.015442 -0.028198 0.025635 0.008972 -0.002106 -0.020264 -0.026855 0.024292 -0.071777 -0.103027 ... 0.029663 0.008423 -0.008362 0.027222 0.015625 0.031738 -0.042236 0.001816 -0.033447 -0.031250 

Layer: layer0_k_norm (Type: reshaped_rms_norm)
  Weight 0 (Name: layer0_k_norm:gamma, Dim: 128): -0.008606 -0.029419 -0.005829 0.041504 0.028442 0.017822 -0.021240 -0.017700 -0.013367 0.020020 ... -0.017944 0.024658 -0.057373 -0.017700 -0.016846 -0.021362 0.007416 -0.008118 -0.010315 0.031250 

Layer: layer0_wv (Type: fully_connected)
  Weight 0 (Name: layer0_wv:weight, Dim: 1048576): -0.009277 -0.000748 -0.023071 0.015320 0.053223 -0.039795 0.006042 -0.025879 -0.019653 -0.009216 ... 0.014893 -0.052246 -0.002777 0.030273 -0.037354 -0.054443 0.010864 0.015564 -0.006744 -0.013184 
  Weight 1 (Name: layer0_wv:loraA, Dim: 8192): -0.002171 -0.007330 0.019740 -0.004205 0.008138 0.023384 0.060555 -0.021079 0.042056 0.002489 ... 0.028330 0.055707 -0.005827 0.000968 -0.005284 -0.060216 0.028264 -0.001978 0.005418 0.011780 
  Weight 2 (Name: layer0_wv:loraB, Dim: 8192): -0.025865 -0.053464 0.056900 0.003831 0.014837 0.009045 -0.021666 -0.008171 -0.051850 0.026590 ... 0.002288 0.022050 0.021845 0.002189 0.031395 -0.071019 0.032095 0.031919 0.028220 -0.004831 

Layer: layer0_attention (Type: mha_core)

Layer: layer0_attention_out (Type: fully_connected)
  Weight 0 (Name: layer0_attention_out:weight, Dim: 2097152): 0.021118 0.000984 -0.030762 0.021240 0.024536 0.009155 -0.035889 -0.012939 -0.055664 0.031494 ... -0.027100 -0.013672 -0.003204 -0.056641 -0.050293 -0.043213 0.012512 0.004303 0.065430 -0.016602 
  Weight 1 (Name: layer0_attention_out:loraA, Dim: 16384): 0.026436 -0.023074 -0.003697 0.031296 0.055079 0.024759 -0.047209 0.044405 0.009281 -0.020263 ... 0.002446 0.032268 0.025223 -0.020511 -0.034763 -0.036583 0.015359 0.025877 -0.040115 0.011023 
  Weight 2 (Name: layer0_attention_out:loraB, Dim: 8192): -0.022363 -0.016720 0.063471 -0.007096 -0.024810 -0.040517 -0.015087 -0.007736 -0.061021 -0.003959 ... 0.028059 -0.002761 -0.009020 0.014191 -0.028420 -0.021104 0.001696 -0.004200 0.040549 -0.004422 

Layer: layer0_decoder_add (Type: addition)

Layer: layer0_decoder_add/generated_out_0 (Type: multiout)

Layer: layer0_ffn_norm (Type: rms_norm)
  Weight 0 (Name: layer0_ffn_norm:gamma, Dim: 1024): -0.025635 -0.026367 -0.026489 -0.029541 0.033691 0.038574 -0.020752 0.023926 0.017578 -0.071289 ... 0.004578 0.044434 -0.023560 0.000584 -0.042480 -0.014648 0.027588 0.012512 0.029541 -0.011292 

Layer: layer0_ffn_norm/generated_out_0 (Type: multiout)

Layer: layer0_ffn_up (Type: fully_connected)
  Weight 0 (Name: layer0_ffn_up:weight, Dim: 3145728): -0.024902 0.016235 0.047607 -0.013306 -0.013733 -0.033691 -0.043945 -0.048340 -0.047119 -0.026978 ... 0.054688 0.034912 0.041748 -0.009705 0.039551 0.001633 0.001678 -0.005096 0.020874 -0.000256 
  Weight 1 (Name: layer0_ffn_up:loraA, Dim: 8192): -0.003647 0.025635 -0.002014 -0.004364 0.021118 0.055176 -0.006989 -0.011536 0.000357 -0.005219 ... 0.003723 0.009094 0.014893 0.002899 -0.050537 -0.032715 -0.018311 0.035889 0.028076 -0.036621 
  Weight 2 (Name: layer0_ffn_up:loraB, Dim: 24576): -0.027710 0.013306 0.043213 0.013794 0.000142 -0.039062 -0.016602 0.052979 -0.027466 -0.000182 ... -0.032959 -0.009399 -0.046631 0.036865 0.048340 -0.042725 -0.011353 0.012573 -0.018433 -0.028442 

Layer: layer0_ffn_gate (Type: fully_connected)
  Weight 0 (Name: layer0_ffn_gate:weight, Dim: 3145728): -0.001968 -0.017334 0.020630 -0.020020 0.062500 -0.013062 -0.032471 0.002274 0.023315 -0.022461 ... -0.005829 -0.012207 0.024048 0.003357 -0.043945 -0.055420 -0.063477 -0.046631 -0.031128 -0.049561 
  Weight 1 (Name: layer0_ffn_gate:loraA, Dim: 8192): -0.006500 -0.030762 0.042725 -0.000820 0.006134 0.039551 0.008484 0.041260 0.017944 0.019165 ... -0.016724 0.025513 0.015625 0.029297 -0.020386 -0.017334 0.016846 0.013855 -0.016968 -0.023560 
  Weight 2 (Name: layer0_ffn_gate:loraB, Dim: 24576): -0.005066 -0.047119 0.017822 0.002304 0.015137 -0.009705 0.004822 0.020996 0.021973 -0.040283 ... 0.043945 -0.013733 -0.024780 -0.014221 0.027832 -0.024414 -0.041748 -0.002335 0.011414 0.006897 

Layer: layer0_ffn_swiglu (Type: swiglu)

Layer: layer0_ffn_down (Type: fully_connected)
  Weight 0 (Name: layer0_ffn_down:weight, Dim: 3145728): -0.042236 0.000908 -0.017944 0.027832 -0.001053 -0.010071 0.044922 -0.029541 0.054199 0.024292 ... -0.013672 0.038574 -0.032715 -0.016968 -0.003006 -0.030029 0.022583 0.024414 -0.056396 0.005371 
  Weight 1 (Name: layer0_ffn_down:loraA, Dim: 24576): 0.003208 0.003891 0.046143 0.023927 0.001359 0.003253 -0.036622 0.033446 0.028320 -0.025024 ... 0.007110 0.023315 0.002365 -0.005890 -0.046875 -0.014771 0.003525 0.026733 -0.001190 -0.021728 
  Weight 2 (Name: layer0_ffn_down:loraB, Dim: 8192): 0.026488 -0.044189 0.016479 -0.010804 0.009886 -0.033447 0.040527 -0.037841 -0.014770 -0.052246 ... -0.024415 -0.024658 -0.000972 0.036867 -0.050048 -0.041259 0.007265 -0.012941 -0.034911 -0.011175 

Layer: layer0_decoder_output (Type: addition)

Layer: layer0_decoder_output/generated_out_0 (Type: multiout)

Layer: layer1_attention_norm (Type: rms_norm)
  Weight 0 (Name: layer1_attention_norm:gamma, Dim: 1024): -0.008911 0.041992 -0.009827 -0.016235 0.052979 0.023682 -0.027344 0.020752 -0.048828 -0.021484 ... 0.012695 0.002502 -0.009583 -0.018555 -0.017334 -0.010681 -0.025879 -0.025757 -0.001732 -0.019775 

Layer: layer1_attention_norm/generated_out_0 (Type: multiout)

Layer: layer1_wq (Type: fully_connected)
  Weight 0 (Name: layer1_wq:weight, Dim: 2097152): -0.011292 -0.017334 -0.008667 -0.007538 -0.005402 0.027710 -0.030151 0.018799 -0.028320 0.018311 ... 0.030151 -0.041748 0.006958 -0.010742 0.000557 -0.060791 -0.028442 -0.007751 0.041504 -0.004425 
  Weight 1 (Name: layer1_wq:loraA, Dim: 8192): -0.009766 -0.018677 -0.003525 -0.034424 -0.034668 -0.003418 -0.032715 0.015869 -0.006317 0.037842 ... 0.010986 -0.033203 -0.026611 0.023438 0.015625 -0.040283 0.024292 0.011047 -0.005035 -0.027344 
  Weight 2 (Name: layer1_wq:loraB, Dim: 16384): 0.002258 -0.017578 0.016113 0.002853 0.025513 0.026123 -0.029175 -0.046387 0.042725 0.026855 ... -0.003052 0.000877 0.035400 -0.005493 -0.030273 -0.046387 -0.021118 0.007874 -0.031006 0.004974 

Layer: layer1_q_norm (Type: reshaped_rms_norm)
  Weight 0 (Name: layer1_q_norm:gamma, Dim: 128): 0.000626 0.029175 -0.023071 -0.029297 0.004883 -0.004181 0.009766 -0.012634 -0.027344 -0.050781 ... -0.030151 -0.021851 0.016602 -0.028198 -0.001358 0.002914 -0.002197 0.027222 -0.043457 0.027344 

Layer: layer1_wk (Type: fully_connected)
  Weight 0 (Name: layer1_wk:weight, Dim: 1048576): -0.003326 -0.050049 0.019775 0.052979 0.009094 -0.044922 0.049072 0.002899 -0.057617 0.037109 ... -0.011902 -0.005463 0.042969 -0.026489 -0.004547 -0.004578 0.011658 0.005035 0.018555 -0.020020 
  Weight 1 (Name: layer1_wk:loraA, Dim: 8192): 0.018433 0.021484 0.013916 0.011108 0.010132 0.025269 0.005920 0.013000 0.029419 0.038086 ... 0.026855 -0.031738 -0.031128 -0.012573 0.013611 0.009460 0.009338 0.029663 -0.004059 -0.011414 
  Weight 2 (Name: layer1_wk:loraB, Dim: 8192): 0.016968 0.030151 -0.021118 -0.032959 -0.017212 0.005890 -0.021118 0.059082 -0.039062 0.050049 ... 0.006287 -0.009583 -0.006378 0.043457 0.008545 0.046143 0.014160 -0.015015 -0.001236 -0.021484 

Layer: layer1_k_norm (Type: reshaped_rms_norm)
  Weight 0 (Name: layer1_k_norm:gamma, Dim: 128): -0.007141 0.020874 -0.025269 0.043945 -0.034180 -0.014832 -0.004974 0.022949 -0.018066 -0.010193 ... 0.011169 0.036133 0.041992 0.045410 -0.012817 -0.063477 -0.066895 -0.025513 0.009094 -0.007202 

Layer: layer1_wv (Type: fully_connected)
  Weight 0 (Name: layer1_wv:weight, Dim: 1048576): -0.016357 0.006592 -0.042236 0.041992 0.035400 0.044189 -0.010986 -0.022095 0.066406 0.010742 ... -0.022583 -0.032959 -0.002563 -0.050049 0.003540 0.010559 0.003555 -0.003906 0.016235 0.055664 
  Weight 1 (Name: layer1_wv:loraA, Dim: 8192): -0.017785 -0.007208 0.004780 -0.011519 0.041039 -0.014250 0.007801 -0.040010 0.002099 -0.027641 ... 0.049055 -0.031122 0.023265 0.017442 -0.019614 0.009189 0.030691 -0.002281 0.035014 0.047425 
  Weight 2 (Name: layer1_wv:loraB, Dim: 8192): -0.018685 -0.004845 -0.006777 -0.018638 0.017064 -0.023495 0.044855 -0.004478 -0.034727 0.013902 ... 0.028349 -0.007584 0.004395 -0.022922 0.016028 -0.012076 -0.018082 -0.005895 -0.029763 0.008051 

Layer: layer1_attention (Type: mha_core)

Layer: layer1_attention_out (Type: fully_connected)
  Weight 0 (Name: layer1_attention_out:weight, Dim: 2097152): -0.014832 0.022583 -0.036621 0.025879 -0.009155 0.008301 0.028320 0.028442 -0.005005 -0.000668 ... -0.052002 -0.003525 -0.009216 -0.009094 0.020386 -0.020630 -0.022705 0.026123 -0.011780 0.023926 
  Weight 1 (Name: layer1_attention_out:loraA, Dim: 16384): -0.017636 0.015665 -0.040975 0.002888 -0.019437 -0.010067 0.040563 0.059866 -0.012932 -0.040213 ... -0.040893 0.034013 0.004514 0.000839 -0.021691 0.022859 0.032200 0.059574 0.069856 0.024705 
  Weight 2 (Name: layer1_attention_out:loraB, Dim: 8192): -0.000193 -0.013756 0.010770 -0.013655 0.041874 -0.008862 0.018235 -0.026949 0.040697 0.000358 ... 0.010206 0.000622 -0.015561 -0.000689 0.008147 -0.027037 0.004894 0.006613 -0.019746 0.036646 

Layer: layer1_decoder_add (Type: addition)

Layer: layer1_decoder_add/generated_out_0 (Type: multiout)

Layer: layer1_ffn_norm (Type: rms_norm)
  Weight 0 (Name: layer1_ffn_norm:gamma, Dim: 1024): 0.034180 0.047363 0.016968 0.059326 0.022461 0.005005 -0.050781 -0.032959 0.018066 0.017456 ... -0.027954 -0.015991 -0.011475 0.042480 0.007782 0.057373 -0.011169 -0.008789 0.037109 -0.004517 

Layer: layer1_ffn_norm/generated_out_0 (Type: multiout)

Layer: layer1_ffn_up (Type: fully_connected)
  Weight 0 (Name: layer1_ffn_up:weight, Dim: 3145728): 0.016113 -0.027832 0.052979 0.057129 -0.025269 0.062256 -0.000206 -0.011414 -0.020874 -0.013123 ... 0.006653 -0.006531 0.068359 -0.017944 0.024048 0.060059 -0.039795 0.015198 -0.067871 -0.006073 
  Weight 1 (Name: layer1_ffn_up:loraA, Dim: 8192): 0.028564 -0.007355 -0.040771 0.010742 -0.098633 0.011413 -0.007172 -0.038330 0.029419 0.002624 ... -0.001145 -0.047363 0.039551 0.047119 0.009521 -0.028564 0.008789 0.012268 0.020874 -0.000870 
  Weight 2 (Name: layer1_ffn_up:loraB, Dim: 24576): -0.011169 0.040527 -0.044678 -0.027954 0.037842 -0.017456 0.008301 0.009705 0.019043 -0.005981 ... 0.042236 -0.019043 0.005402 -0.018066 -0.020630 -0.032715 -0.025269 0.008545 0.026978 -0.043457 

Layer: layer1_ffn_gate (Type: fully_connected)
  Weight 0 (Name: layer1_ffn_gate:weight, Dim: 3145728): 0.003220 0.014282 -0.010376 -0.016479 0.030884 -0.014648 -0.015564 -0.005402 -0.032227 0.044189 ... 0.025757 -0.017700 -0.032959 -0.029053 -0.013367 -0.048340 -0.048096 -0.017334 -0.031738 0.045166 
  Weight 1 (Name: layer1_ffn_gate:loraA, Dim: 8192): 0.028809 0.006836 -0.030151 0.005066 0.008667 0.026733 0.028442 -0.023926 0.005707 -0.006409 ... -0.019775 -0.008179 0.052490 0.020142 -0.001587 -0.018799 -0.007538 -0.025269 -0.006683 0.024658 
  Weight 2 (Name: layer1_ffn_gate:loraB, Dim: 24576): 0.007874 0.026367 -0.004425 0.014587 0.016235 -0.015381 0.016968 -0.057129 -0.031128 0.024902 ... 0.046875 -0.022705 0.029419 0.019165 0.022461 0.028564 0.016602 -0.009216 -0.000961 0.045898 

Layer: layer1_ffn_swiglu (Type: swiglu)

Layer: layer1_ffn_down (Type: fully_connected)
  Weight 0 (Name: layer1_ffn_down:weight, Dim: 3145728): 0.017212 -0.001999 0.019409 -0.031006 -0.009888 0.037598 -0.002777 -0.011658 -0.001701 -0.011841 ... 0.037842 0.026855 0.013550 -0.004730 0.015442 -0.067871 0.012573 0.012634 -0.017822 -0.001488 
  Weight 1 (Name: layer1_ffn_down:loraA, Dim: 24576): 0.028077 -0.016598 -0.005217 -0.042480 0.009582 -0.013915 -0.000843 -0.050781 0.015441 0.024166 ... 0.092773 -0.002304 0.014954 0.061524 0.004944 0.023682 0.012573 -0.052734 -0.017456 -0.002029 
  Weight 2 (Name: layer1_ffn_down:loraB, Dim: 8192): 0.023560 -0.025391 0.046631 0.024903 -0.032226 -0.024781 -0.027954 0.060302 -0.017090 0.066894 ... 0.022949 0.021973 0.018066 0.024414 -0.004303 -0.002029 -0.024048 0.025879 -0.060303 -0.016480 

Layer: layer1_decoder_output (Type: addition)

Layer: layer1_decoder_output/generated_out_0 (Type: multiout)

Layer: layer2_attention_norm (Type: rms_norm)
  Weight 0 (Name: layer2_attention_norm:gamma, Dim: 1024): -0.040527 -0.009766 -0.008545 -0.002213 0.018188 0.023193 0.025879 -0.045898 0.039551 0.022217 ... 0.001808 0.031006 0.019165 -0.038574 -0.013733 -0.011169 0.033447 -0.016479 -0.028809 0.009705 

Layer: layer2_attention_norm/generated_out_0 (Type: multiout)

Layer: layer2_wq (Type: fully_connected)
  Weight 0 (Name: layer2_wq:weight, Dim: 2097152): 0.027710 -0.027832 -0.008118 -0.058105 0.008606 0.003021 0.004944 -0.022949 -0.003525 0.033691 ... -0.040283 0.006134 0.047119 0.078613 0.003738 -0.029541 0.055908 0.023682 0.046387 0.047119 
  Weight 1 (Name: layer2_wq:loraA, Dim: 8192): 0.009644 0.027832 -0.002274 0.010559 0.018921 -0.004272 0.020020 0.035889 -0.029175 0.001984 ... -0.017090 -0.012329 0.020386 0.025146 0.006042 0.010498 -0.012329 -0.015320 0.025146 0.000119 
  Weight 2 (Name: layer2_wq:loraB, Dim: 16384): -0.004242 -0.032959 0.057373 0.012756 0.002823 -0.003830 -0.002808 -0.023071 -0.039551 0.016724 ... -0.005432 0.004730 0.024292 -0.067871 -0.010010 -0.001808 0.044434 -0.057373 0.002014 0.009888 

Layer: layer2_q_norm (Type: reshaped_rms_norm)
  Weight 0 (Name: layer2_q_norm:gamma, Dim: 128): 0.040771 0.041260 0.001335 0.018799 -0.027222 0.012512 0.031128 0.003876 0.008423 0.029663 ... -0.045166 0.003937 -0.047119 -0.013245 -0.011658 -0.050537 0.021484 -0.019287 -0.000174 0.010437 

Layer: layer2_wk (Type: fully_connected)
  Weight 0 (Name: layer2_wk:weight, Dim: 1048576): -0.024292 0.026245 -0.009888 -0.006134 0.059082 -0.001823 -0.009216 -0.028198 0.010437 -0.056641 ... 0.010071 0.011536 0.007996 0.019653 -0.001572 -0.004456 0.015991 -0.002289 0.015198 -0.061279 
  Weight 1 (Name: layer2_wk:loraA, Dim: 8192): -0.004456 -0.022705 -0.030396 0.008057 0.029663 -0.072266 0.022949 -0.018311 -0.059814 0.003494 ... 0.001602 0.017334 0.043457 0.017334 -0.000475 -0.041016 -0.028931 0.006775 -0.019165 0.029907 
  Weight 2 (Name: layer2_wk:loraB, Dim: 8192): 0.053955 -0.000256 0.020996 0.004944 -0.015625 0.036865 0.020508 0.013855 -0.029297 -0.032715 ... -0.032227 -0.034180 -0.008911 0.004486 -0.019165 0.009644 0.010315 -0.004333 -0.037842 -0.040527 

Layer: layer2_k_norm (Type: reshaped_rms_norm)
  Weight 0 (Name: layer2_k_norm:gamma, Dim: 128): -0.033691 -0.014221 0.010803 0.010193 -0.000465 0.030273 0.029541 0.031128 0.005829 -0.023682 ... -0.043701 -0.045410 0.006744 -0.017090 -0.061035 -0.006866 -0.019897 -0.027954 -0.057861 0.028687 

Layer: layer2_wv (Type: fully_connected)
  Weight 0 (Name: layer2_wv:weight, Dim: 1048576): 0.044434 0.003998 -0.038086 -0.014648 -0.046387 -0.019409 -0.018311 -0.027100 -0.010132 -0.009644 ... -0.049805 0.007019 0.017334 0.010193 -0.008362 -0.013916 -0.026978 -0.031738 -0.021240 -0.005280 
  Weight 1 (Name: layer2_wv:loraA, Dim: 8192): -0.053462 0.022859 0.020574 0.014478 0.087265 0.024836 0.026835 0.026958 -0.054931 0.061572 ... -0.015396 0.017683 -0.012391 -0.016895 -0.045679 -0.046303 0.029461 0.036114 -0.009638 -0.022209 
  Weight 2 (Name: layer2_wv:loraB, Dim: 8192): -0.003036 -0.057103 -0.066461 -0.002215 -0.023331 -0.007807 0.005388 0.021252 -0.038085 0.031911 ... -0.003228 0.028190 -0.011332 0.013955 0.052733 -0.020581 -0.024183 -0.035155 -0.033231 0.013395 

Layer: layer2_attention (Type: mha_core)

Layer: layer2_attention_out (Type: fully_connected)
  Weight 0 (Name: layer2_attention_out:weight, Dim: 2097152): 0.017578 0.013855 -0.029175 -0.021240 0.014160 -0.011292 -0.000032 -0.002914 -0.035645 -0.048340 ... -0.001465 0.049072 -0.009399 -0.007141 -0.032959 0.012024 0.075195 0.009338 0.042236 -0.014099 
  Weight 1 (Name: layer2_attention_out:loraA, Dim: 16384): -0.007422 0.003056 0.030754 0.019652 -0.011358 -0.019783 0.025137 -0.064938 0.058143 -0.013607 ... -0.036728 0.003257 -0.050124 -0.001831 0.015290 0.018781 -0.024483 -0.004500 0.028456 0.037395 
  Weight 2 (Name: layer2_attention_out:loraB, Dim: 8192): 0.007841 -0.008250 -0.051014 0.020425 0.024597 0.001370 0.003587 -0.005205 -0.030913 -0.010579 ... -0.008851 0.015380 -0.062988 -0.067382 0.029053 -0.012451 0.004823 -0.004792 0.048584 0.029051 

Layer: layer2_decoder_add (Type: addition)

Layer: layer2_decoder_add/generated_out_0 (Type: multiout)

Layer: layer2_ffn_norm (Type: rms_norm)
  Weight 0 (Name: layer2_ffn_norm:gamma, Dim: 1024): -0.037109 -0.070801 0.066895 -0.029907 0.031982 0.008240 -0.014954 0.006683 -0.026367 0.012085 ... -0.036621 0.034180 -0.011719 0.051758 -0.005341 -0.048096 -0.006866 0.002563 -0.016357 0.014954 

Layer: layer2_ffn_norm/generated_out_0 (Type: multiout)

Layer: layer2_ffn_up (Type: fully_connected)
  Weight 0 (Name: layer2_ffn_up:weight, Dim: 3145728): 0.045166 0.042725 -0.001366 0.042725 0.046631 0.020874 -0.007812 -0.000220 0.005371 -0.001381 ... 0.010132 0.012634 0.011902 -0.000418 0.001457 -0.043457 -0.039551 0.009460 0.041016 0.018677 
  Weight 1 (Name: layer2_ffn_up:loraA, Dim: 8192): 0.054443 0.009582 -0.065918 0.035645 0.004852 -0.019897 0.003601 0.009033 -0.019287 -0.000786 ... -0.016357 -0.015564 -0.059570 -0.021728 0.042969 0.006134 0.010681 0.007782 -0.002975 -0.020020 
  Weight 2 (Name: layer2_ffn_up:loraB, Dim: 24576): 0.045654 -0.048584 -0.008911 -0.010742 0.024902 -0.000774 0.002655 0.006867 -0.028076 0.059082 ... 0.006287 0.005554 -0.037598 0.051514 -0.002792 0.004883 -0.036133 0.003006 -0.031128 0.062012 

Layer: layer2_ffn_gate (Type: fully_connected)
  Weight 0 (Name: layer2_ffn_gate:weight, Dim: 3145728): 0.021606 -0.011841 -0.012817 -0.030518 -0.011963 0.027344 0.041504 -0.027832 -0.031494 0.027344 ... -0.019531 0.016602 0.012695 0.005341 -0.027710 -0.033936 -0.025635 0.046631 -0.017944 0.006012 
  Weight 1 (Name: layer2_ffn_gate:loraA, Dim: 8192): -0.040771 -0.006805 -0.012878 0.032227 0.017456 -0.014893 0.006927 0.011658 0.014771 -0.007416 ... 0.020264 0.018921 -0.029541 0.018555 0.058594 -0.062500 -0.102539 -0.003403 0.000809 -0.012512 
  Weight 2 (Name: layer2_ffn_gate:loraB, Dim: 24576): -0.030396 -0.060303 -0.009399 -0.023926 0.024170 0.039795 0.045410 -0.021484 0.019043 -0.034668 ... -0.028809 -0.023804 0.042969 0.002396 0.003479 0.001076 -0.005371 -0.017700 -0.004517 0.013611 

Layer: layer2_ffn_swiglu (Type: swiglu)

Layer: layer2_ffn_down (Type: fully_connected)
  Weight 0 (Name: layer2_ffn_down:weight, Dim: 3145728): -0.014160 0.053711 -0.061768 -0.029541 0.069336 -0.059082 -0.017578 0.032471 0.006439 0.044189 ... -0.033691 -0.000475 -0.005707 -0.030518 -0.009705 -0.002914 0.026245 -0.005219 0.016846 -0.007507 
  Weight 1 (Name: layer2_ffn_down:loraA, Dim: 24576): -0.030029 -0.002197 -0.035400 0.017700 -0.003967 -0.006714 0.005005 -0.013000 0.028930 0.028564 ... -0.040771 0.005615 -0.026001 -0.047363 -0.009094 0.003815 -0.072754 0.020020 -0.022216 -0.043945 
  Weight 2 (Name: layer2_ffn_down:loraB, Dim: 8192): 0.025032 0.055419 -0.036132 -0.033687 0.029305 0.015256 0.047367 0.044428 -0.030521 0.026365 ... 0.010315 -0.012085 0.054687 0.004516 0.017212 -0.038818 0.040283 0.017212 0.062256 0.020997 

Layer: layer2_decoder_output (Type: addition)

Layer: layer2_decoder_output/generated_out_0 (Type: multiout)

Layer: layer3_attention_norm (Type: rms_norm)
  Weight 0 (Name: layer3_attention_norm:gamma, Dim: 1024): -0.039307 0.017578 -0.057373 0.046875 0.028687 0.001808 -0.039062 0.024536 0.007019 -0.007172 ... -0.004364 0.005188 0.067383 -0.017700 0.003906 -0.049316 -0.038086 0.015259 0.013855 -0.011292 

Layer: layer3_attention_norm/generated_out_0 (Type: multiout)

Layer: layer3_wq (Type: fully_connected)
  Weight 0 (Name: layer3_wq:weight, Dim: 2097152): -0.026733 0.036621 -0.021973 -0.006683 0.002213 0.021729 -0.004669 0.012512 0.021118 -0.014221 ... 0.011780 0.003937 -0.037842 -0.040771 -0.031494 -0.022095 0.016113 -0.010498 -0.038818 0.013428 
  Weight 1 (Name: layer3_wq:loraA, Dim: 8192): -0.011719 0.002121 -0.005219 -0.004761 -0.000591 0.017334 -0.007080 -0.024170 0.002136 -0.011597 ... -0.033203 -0.007477 -0.046387 -0.002243 0.010315 -0.007812 0.014954 -0.027710 -0.023438 0.005341 
  Weight 2 (Name: layer3_wq:loraB, Dim: 16384): 0.055176 0.037842 0.004974 0.024048 0.004883 0.015198 -0.017212 -0.002289 -0.016602 -0.000106 ... -0.069336 -0.000496 -0.003098 -0.041748 0.003937 -0.016724 0.004700 0.012085 0.006744 0.025146 

Layer: layer3_q_norm (Type: reshaped_rms_norm)
  Weight 0 (Name: layer3_q_norm:gamma, Dim: 128): 0.052734 -0.003281 0.002914 -0.060303 0.001114 0.005585 0.067383 -0.013184 0.021851 0.047363 ... -0.058105 -0.024048 0.011536 -0.045166 -0.020142 0.005646 0.031006 -0.026855 0.029907 -0.001480 

Layer: layer3_wk (Type: fully_connected)
  Weight 0 (Name: layer3_wk:weight, Dim: 1048576): -0.019165 -0.003113 -0.009277 -0.015991 -0.057129 -0.085449 -0.030884 -0.029297 -0.030029 -0.040771 ... -0.000115 -0.032715 -0.053711 -0.022583 0.048340 -0.013489 -0.005280 -0.016602 -0.023926 -0.004852 
  Weight 1 (Name: layer3_wk:loraA, Dim: 8192): 0.038818 0.047852 -0.043457 0.052734 -0.003082 -0.001930 -0.028320 0.013794 0.010071 -0.035645 ... -0.007996 0.025269 0.046631 -0.008423 0.018677 -0.002792 0.052490 -0.014282 0.046143 -0.020508 
  Weight 2 (Name: layer3_wk:loraB, Dim: 8192): -0.019897 -0.010193 -0.040283 0.011292 0.004669 -0.004242 -0.045654 -0.010864 0.025513 -0.035889 ... 0.035400 0.007629 0.050537 -0.061768 -0.035889 -0.026855 -0.015198 -0.044189 0.010742 -0.041748 

Layer: layer3_k_norm (Type: reshaped_rms_norm)
  Weight 0 (Name: layer3_k_norm:gamma, Dim: 128): 0.024780 0.001678 -0.031494 0.024292 -0.010254 0.012085 0.027344 0.022583 0.004700 -0.035645 ... 0.016846 0.020386 -0.029541 -0.017578 0.028320 -0.051514 -0.019897 0.001968 0.015320 -0.029297 

Layer: layer3_wv (Type: fully_connected)
  Weight 0 (Name: layer3_wv:weight, Dim: 1048576): 0.013245 -0.015015 0.041016 0.040039 -0.014587 -0.010742 0.086914 0.061768 0.012146 -0.017578 ... -0.012207 -0.003067 -0.003235 0.005524 0.057373 0.010254 0.039795 0.000969 -0.022217 -0.019897 
  Weight 1 (Name: layer3_wv:loraA, Dim: 8192): -0.059323 -0.071636 0.025690 0.073155 -0.012128 0.002158 -0.003248 0.022846 0.035398 0.017255 ... 0.050306 -0.033700 0.022585 -0.034125 0.052954 -0.006716 -0.006739 -0.005092 0.004933 0.003379 
  Weight 2 (Name: layer3_wv:loraB, Dim: 8192): 0.004814 -0.058251 0.069847 0.022008 0.044066 -0.049325 0.027297 0.055235 -0.023333 -0.092152 ... 0.035925 0.034743 -0.017215 0.059619 0.010028 0.035853 -0.016655 -0.054096 -0.030967 -0.025295 

Layer: layer3_attention (Type: mha_core)

Layer: layer3_attention_out (Type: fully_connected)
  Weight 0 (Name: layer3_attention_out:weight, Dim: 2097152): 0.028809 -0.019775 0.058594 0.100098 0.023804 0.001244 0.030029 0.083984 0.004883 -0.050049 ... 0.029175 -0.008484 -0.019653 0.035889 0.021729 -0.026611 -0.005432 0.039307 0.016235 -0.030762 
  Weight 1 (Name: layer3_attention_out:loraA, Dim: 16384): -0.034647 -0.026852 0.022043 0.026446 0.029980 -0.012343 0.035662 0.069275 -0.079586 -0.069335 ... -0.008437 -0.009961 0.010373 0.000377 -0.016228 -0.019037 0.017323 0.029412 -0.031741 -0.003714 
  Weight 2 (Name: layer3_attention_out:loraB, Dim: 8192): -0.002669 -0.059568 0.048823 0.009757 -0.014546 -0.019158 0.044425 0.049328 0.026375 0.014104 ... 0.050826 0.007692 -0.036413 -0.034510 0.052185 -0.000775 0.021535 0.010121 0.043154 -0.057178 

Layer: layer3_decoder_add (Type: addition)

Layer: layer3_decoder_add/generated_out_0 (Type: multiout)

Layer: layer3_ffn_norm (Type: rms_norm)
  Weight 0 (Name: layer3_ffn_norm:gamma, Dim: 1024): -0.047607 -0.021118 -0.002380 0.051514 -0.007416 -0.033936 0.017212 0.034912 0.048096 0.015259 ... 0.020020 0.012390 -0.006226 -0.002090 -0.009460 -0.030029 0.001762 -0.033691 -0.045166 -0.005920 

Layer: layer3_ffn_norm/generated_out_0 (Type: multiout)

Layer: layer3_ffn_up (Type: fully_connected)
  Weight 0 (Name: layer3_ffn_up:weight, Dim: 3145728): -0.032227 -0.039307 0.036377 0.047363 0.006470 -0.054443 0.025146 0.056396 0.031128 -0.035645 ... -0.018921 0.000246 -0.012878 -0.008911 -0.001968 -0.009949 -0.011292 0.004242 0.014832 0.027954 
  Weight 1 (Name: layer3_ffn_up:loraA, Dim: 8192): 0.055908 -0.060547 0.022827 0.046387 -0.037109 -0.012512 0.046387 0.067383 -0.023071 -0.029053 ... -0.006714 -0.034668 0.064453 -0.048828 -0.020874 -0.047607 -0.005920 0.021484 0.018799 0.005310 
  Weight 2 (Name: layer3_ffn_up:loraB, Dim: 24576): 0.031006 -0.064941 0.066406 0.044189 0.005341 -0.069824 0.016357 0.078125 0.036377 -0.023804 ... -0.049561 0.031494 0.017090 0.004364 0.031006 -0.036377 -0.012512 -0.038086 0.006866 -0.029785 

Layer: layer3_ffn_gate (Type: fully_connected)
  Weight 0 (Name: layer3_ffn_gate:weight, Dim: 3145728): 0.051758 -0.055420 0.052002 0.041992 0.022583 -0.041260 0.038574 0.034668 -0.001434 -0.019653 ... -0.002457 0.019043 -0.025879 -0.062500 0.007141 0.052246 -0.051025 0.029419 0.016113 -0.031738 
  Weight 1 (Name: layer3_ffn_gate:loraA, Dim: 8192): -0.013794 -0.083496 0.015320 0.055908 -0.011353 -0.036377 0.029297 0.060059 0.030273 -0.029907 ... -0.012451 0.002731 -0.003662 0.038818 -0.008728 0.008667 -0.043457 -0.000056 0.017578 0.012085 
  Weight 2 (Name: layer3_ffn_gate:loraB, Dim: 24576): -0.001602 -0.077148 0.019287 0.074707 -0.013672 -0.035889 -0.008484 0.042236 0.072266 0.033691 ... 0.012146 0.001503 -0.045654 0.004822 -0.002151 0.017334 -0.001793 0.024536 -0.017334 0.007446 

Layer: layer3_ffn_swiglu (Type: swiglu)

Layer: layer3_ffn_down (Type: fully_connected)
  Weight 0 (Name: layer3_ffn_down:weight, Dim: 3145728): 0.009155 -0.048584 0.062012 0.027344 0.041992 -0.065918 0.019043 0.064453 -0.023315 -0.095215 ... -0.002563 -0.004944 -0.019287 -0.057861 0.079102 0.008667 0.040771 0.009949 0.004242 -0.031494 
  Weight 1 (Name: layer3_ffn_down:loraA, Dim: 24576): -0.042481 -0.057129 0.021850 0.035644 -0.025147 -0.014222 -0.009583 0.050294 -0.021730 -0.020141 ... 0.012207 -0.035890 0.025511 0.013916 0.008117 -0.029054 -0.004212 -0.040041 -0.016724 -0.016356 
  Weight 2 (Name: layer3_ffn_down:loraB, Dim: 8192): -0.027709 -0.044678 -0.042480 0.030518 0.046876 -0.041993 0.026246 0.057861 0.053466 -0.004914 ... 0.049316 0.056885 -0.002594 -0.021728 0.015748 0.005402 0.029786 -0.011780 -0.064941 -0.071292 

Layer: layer3_decoder_output (Type: addition)

Layer: layer3_decoder_output/generated_out_0 (Type: multiout)

Layer: layer4_attention_norm (Type: rms_norm)
  Weight 0 (Name: layer4_attention_norm:gamma, Dim: 1024): -0.009277 -0.077637 -0.027588 0.028198 0.012817 -0.027710 0.052979 0.044922 0.068848 0.043701 ... 0.043457 0.020264 -0.008362 0.021973 0.055420 0.047607 0.003601 0.032959 -0.044922 0.031738 

Layer: layer4_attention_norm/generated_out_0 (Type: multiout)

Layer: layer4_wq (Type: fully_connected)
  Weight 0 (Name: layer4_wq:weight, Dim: 2097152): -0.001968 -0.027954 0.051758 0.034668 -0.001389 -0.018799 0.000334 0.064941 -0.001198 -0.041016 ... -0.035645 0.049316 0.066895 -0.041504 0.042969 -0.068359 -0.009277 0.014465 0.025391 -0.036865 
  Weight 1 (Name: layer4_wq:loraA, Dim: 8192): 0.028687 -0.082520 0.048584 0.043213 0.030640 -0.036133 0.038818 0.026733 0.000835 0.015198 ... 0.040527 0.007507 -0.014465 -0.007874 -0.005066 0.004517 -0.038818 -0.029053 -0.023682 -0.050293 
  Weight 2 (Name: layer4_wq:loraB, Dim: 16384): 0.022705 -0.058594 0.031006 0.025757 -0.016235 -0.019775 0.052979 0.062988 0.035156 -0.005646 ... 0.047607 -0.006866 -0.031006 -0.026611 0.060059 -0.007080 -0.015747 0.013733 -0.044434 0.048096 

Layer: layer4_q_norm (Type: reshaped_rms_norm)
  Weight 0 (Name: layer4_q_norm:gamma, Dim: 128): 0.082031 -0.047119 0.016602 0.025269 0.030151 -0.036133 -0.005524 0.041260 -0.004120 0.000893 ... -0.015991 -0.008057 -0.002594 0.031982 -0.024658 -0.079590 0.005707 -0.013733 0.018555 0.023438 

Layer: layer4_wk (Type: fully_connected)
  Weight 0 (Name: layer4_wk:weight, Dim: 1048576): -0.056396 -0.019043 0.001854 0.002640 -0.002533 0.001190 0.008850 0.022217 -0.012451 -0.033447 ... -0.009460 0.005157 -0.017334 -0.016479 0.001617 0.021973 -0.015869 -0.010681 0.007935 0.020752 
  Weight 1 (Name: layer4_wk:loraA, Dim: 8192): -0.024414 -0.014771 -0.018677 0.015564 0.007050 -0.002731 0.027954 0.005432 -0.021362 0.034668 ... -0.010071 0.000359 0.042480 0.000992 -0.001144 0.004211 0.002518 -0.014221 0.009888 0.009216 
  Weight 2 (Name: layer4_wk:loraB, Dim: 8192): -0.022339 0.018921 -0.057861 0.001709 0.014343 0.016357 0.005035 0.010010 0.010132 -0.041260 ... -0.040527 0.032471 -0.061523 -0.018433 -0.045166 -0.008789 -0.048584 0.015625 -0.003571 0.006958 

Layer: layer4_k_norm (Type: reshaped_rms_norm)
  Weight 0 (Name: layer4_k_norm:gamma, Dim: 128): -0.002319 -0.088867 -0.010681 0.014221 -0.038818 0.019043 -0.041992 -0.028564 0.028687 -0.035889 ... -0.018799 -0.016113 0.021973 -0.015442 0.072754 -0.036377 0.051758 -0.029053 0.033691 -0.009766 

Layer: layer4_wv (Type: fully_connected)
  Weight 0 (Name: layer4_wv:weight, Dim: 1048576): 0.002853 -0.025024 -0.024658 -0.073242 -0.003128 0.034180 -0.027100 -0.021240 0.026733 -0.001503 ... -0.005798 -0.006195 0.007874 -0.008911 0.023438 -0.057617 0.005402 0.006409 -0.021362 0.020508 
  Weight 1 (Name: layer4_wv:loraA, Dim: 8192): -0.072282 -0.001950 0.042213 -0.016581 -0.042725 0.004194 0.038170 -0.031930 -0.021959 0.011936 ... 0.007948 -0.019341 -0.009467 0.001134 0.014114 -0.043274 0.028811 0.031060 -0.003586 -0.023588 
  Weight 2 (Name: layer4_wv:loraB, Dim: 8192): 0.027384 -0.023754 -0.001202 -0.008692 -0.009568 0.021127 -0.015773 -0.002822 0.007346 0.002392 ... 0.107769 -0.023913 -0.026894 -0.032473 -0.050889 -0.036598 -0.027729 0.032978 -0.033974 0.068705 

Layer: layer4_attention (Type: mha_core)

Layer: layer4_attention_out (Type: fully_connected)
  Weight 0 (Name: layer4_attention_out:weight, Dim: 2097152): 0.010315 -0.026001 -0.039307 0.016235 -0.029053 0.013367 -0.021484 0.008362 0.013733 -0.056152 ... -0.002258 -0.011841 -0.002563 -0.017456 -0.016968 -0.029175 0.009033 -0.005859 0.041748 -0.049561 
  Weight 1 (Name: layer4_attention_out:loraA, Dim: 16384): -0.060313 -0.020085 0.018977 0.041150 0.003044 -0.016048 0.039447 0.039990 -0.030754 -0.015323 ... -0.005188 0.050781 -0.073732 -0.015397 -0.054733 -0.087861 -0.003243 -0.050279 0.029641 -0.016123 
  Weight 2 (Name: layer4_attention_out:loraB, Dim: 8192): -0.024856 0.016350 -0.033224 0.024611 0.005945 -0.043906 -0.011505 -0.020094 0.011384 0.026526 ... -0.034296 0.023806 -0.012956 -0.027279 0.026982 -0.064007 -0.009129 -0.001876 -0.028696 -0.005042 

Layer: layer4_decoder_add (Type: addition)

Layer: layer4_decoder_add/generated_out_0 (Type: multiout)

Layer: layer4_ffn_norm (Type: rms_norm)
  Weight 0 (Name: layer4_ffn_norm:gamma, Dim: 1024): 0.050293 -0.020630 0.016724 -0.020386 -0.044434 0.008423 0.003540 0.039795 0.040771 -0.020142 ... 0.006958 0.036377 -0.048096 -0.019775 0.006989 -0.026245 -0.050781 0.023071 0.019531 -0.027832 

Layer: layer4_ffn_norm/generated_out_0 (Type: multiout)

Layer: layer4_ffn_up (Type: fully_connected)
  Weight 0 (Name: layer4_ffn_up:weight, Dim: 3145728): -0.062256 0.016968 0.063477 0.026245 0.031738 -0.032471 0.008240 -0.006378 -0.039307 -0.044922 ... -0.005493 -0.013123 -0.015991 0.017822 0.028320 -0.036133 0.033447 0.043457 0.024048 0.016113 
  Weight 1 (Name: layer4_ffn_up:loraA, Dim: 8192): 0.021362 0.045166 0.013245 -0.027588 0.032959 0.021973 0.002274 0.018311 0.016357 -0.042725 ... 0.017822 -0.030273 -0.002808 -0.021484 0.057129 -0.047119 -0.041748 -0.034180 -0.028564 0.002075 
  Weight 2 (Name: layer4_ffn_up:loraB, Dim: 24576): -0.041748 0.040039 0.019165 0.007416 -0.005920 0.015442 -0.029419 0.003067 0.026001 -0.033691 ... 0.033203 -0.023560 -0.002243 0.007507 0.042236 -0.020874 0.004395 0.004639 -0.045898 -0.020996 

Layer: layer4_ffn_gate (Type: fully_connected)
  Weight 0 (Name: layer4_ffn_gate:weight, Dim: 3145728): -0.029907 -0.025513 0.010315 -0.007263 0.030396 0.026611 0.014282 0.014160 -0.018921 -0.038086 ... -0.004669 -0.022827 0.029053 0.015259 -0.047119 -0.049561 -0.024170 -0.015442 -0.003937 -0.004944 
  Weight 1 (Name: layer4_ffn_gate:loraA, Dim: 8192): -0.021606 0.031982 0.022949 0.033936 -0.006073 0.011230 -0.016724 0.056885 0.005524 -0.024658 ... 0.011292 -0.014648 0.006042 0.000341 -0.031982 -0.017944 0.013977 -0.018433 -0.068359 -0.024292 
  Weight 2 (Name: layer4_ffn_gate:loraB, Dim: 24576): 0.010376 -0.007874 -0.042969 0.052490 0.020020 0.014771 0.036377 -0.041260 -0.004303 -0.038330 ... 0.020996 0.031494 -0.005188 -0.048096 -0.000641 -0.042725 -0.020874 -0.027222 -0.021851 -0.007446 

Layer: layer4_ffn_swiglu (Type: swiglu)

Layer: layer4_ffn_down (Type: fully_connected)
  Weight 0 (Name: layer4_ffn_down:weight, Dim: 3145728): -0.012268 -0.009277 -0.009277 0.029663 -0.027588 0.031982 0.024048 0.021606 -0.005920 -0.052246 ... 0.008728 0.012695 -0.027344 0.019531 -0.000462 -0.041016 -0.038574 -0.052734 -0.006836 -0.049805 
  Weight 1 (Name: layer4_ffn_down:loraA, Dim: 24576): -0.002945 -0.005188 0.002394 0.030762 -0.004944 0.013793 -0.034424 -0.091308 0.025146 -0.082520 ... 0.107422 -0.007599 0.036865 0.003601 -0.006501 -0.056152 -0.003082 0.054687 0.018799 -0.026001 
  Weight 2 (Name: layer4_ffn_down:loraB, Dim: 8192): -0.054688 0.044434 -0.031006 -0.010315 0.008178 0.001877 -0.000321 -0.017212 -0.017334 0.011597 ... -0.020996 -0.028687 0.051026 -0.011840 0.030152 -0.001381 -0.060058 0.005707 -0.017944 0.039550 

Layer: layer4_decoder_output (Type: addition)

Layer: layer4_decoder_output/generated_out_0 (Type: multiout)

Layer: layer5_attention_norm (Type: rms_norm)
  Weight 0 (Name: layer5_attention_norm:gamma, Dim: 1024): 0.043945 0.045166 0.007568 -0.023438 0.006226 0.044678 0.004822 0.007874 -0.021240 0.019897 ... -0.058838 0.029175 0.002426 -0.054443 0.031006 -0.031738 0.028442 0.009399 -0.041016 -0.035645 

Layer: layer5_attention_norm/generated_out_0 (Type: multiout)

Layer: layer5_wq (Type: fully_connected)
  Weight 0 (Name: layer5_wq:weight, Dim: 2097152): -0.010864 -0.013428 0.021118 -0.053223 -0.044434 0.022217 0.016113 -0.004486 -0.028687 0.021118 ... -0.012390 -0.011047 0.020020 -0.007935 -0.048096 -0.059570 -0.013245 -0.007629 -0.020508 0.004761 
  Weight 1 (Name: layer5_wq:loraA, Dim: 8192): -0.009033 -0.037109 -0.012939 0.006104 0.028076 0.041992 0.015564 0.007385 -0.015625 -0.024902 ... -0.009094 -0.014587 0.008484 0.017334 -0.000005 -0.089355 0.019409 -0.043457 0.012207 0.032471 
  Weight 2 (Name: layer5_wq:loraB, Dim: 16384): 0.016968 0.017700 0.032471 0.001389 -0.035889 0.019165 -0.021729 -0.026367 -0.052002 -0.057861 ... -0.001587 0.006836 0.026489 -0.019531 -0.031738 -0.053223 0.057129 -0.003601 0.073242 -0.010498 

Layer: layer5_q_norm (Type: reshaped_rms_norm)
  Weight 0 (Name: layer5_q_norm:gamma, Dim: 128): 0.038574 0.001457 -0.007141 0.041504 0.013000 -0.023804 0.021729 0.004791 -0.050537 -0.051270 ... -0.020142 -0.062012 -0.022583 0.020874 0.010559 -0.044189 -0.020508 -0.022339 0.041016 0.013794 

Layer: layer5_wk (Type: fully_connected)
  Weight 0 (Name: layer5_wk:weight, Dim: 1048576): 0.017212 0.052246 0.022705 0.001892 -0.012268 -0.011475 -0.022095 0.026489 0.010254 0.040039 ... -0.011475 -0.043701 0.024170 0.010559 0.026001 -0.022217 -0.034424 -0.008179 0.000431 -0.030273 
  Weight 1 (Name: layer5_wk:loraA, Dim: 8192): 0.036865 0.049561 -0.001907 -0.054932 0.012695 -0.037842 -0.020874 0.014648 0.011841 0.005676 ... 0.002457 -0.005341 0.019653 -0.038818 -0.000526 -0.075195 0.029541 -0.005249 0.014587 -0.016479 
  Weight 2 (Name: layer5_wk:loraB, Dim: 8192): 0.028320 -0.008301 0.015625 0.039551 -0.009155 -0.011963 0.031982 -0.050293 0.014648 0.058350 ... 0.009888 -0.039795 0.010254 -0.019409 -0.001083 0.024902 0.023438 -0.020264 -0.004791 -0.008606 

Layer: layer5_k_norm (Type: reshaped_rms_norm)
  Weight 0 (Name: layer5_k_norm:gamma, Dim: 128): -0.030884 -0.029419 0.044678 -0.020386 -0.032715 0.020508 -0.003342 -0.056641 -0.006592 0.063965 ... 0.046143 -0.029175 0.013916 -0.001396 0.010986 -0.010681 -0.009399 0.059570 -0.083008 0.006927 

Layer: layer5_wv (Type: fully_connected)
  Weight 0 (Name: layer5_wv:weight, Dim: 1048576): 0.058594 0.069336 -0.018555 0.015625 0.010681 -0.029419 -0.061768 0.027100 0.043457 0.013550 ... 0.019043 -0.021851 -0.006561 0.062500 0.001923 -0.022949 -0.008362 0.024536 -0.013062 0.023071 
  Weight 1 (Name: layer5_wv:loraA, Dim: 8192): -0.038010 0.020126 0.031877 -0.042671 0.022109 0.049308 0.034626 0.007837 0.021563 0.007103 ... 0.005835 -0.005398 -0.001553 0.012127 -0.041415 0.010025 -0.011182 -0.031244 0.007948 0.024863 
  Weight 2 (Name: layer5_wv:loraB, Dim: 8192): 0.046462 0.042685 -0.012218 -0.034939 -0.035691 0.023358 -0.010670 -0.036106 0.011754 0.030390 ... 0.042816 -0.068748 0.040350 0.008859 0.007500 0.052675 0.006580 0.005060 -0.016043 0.065468 

Layer: layer5_attention (Type: mha_core)

Layer: layer5_attention_out (Type: fully_connected)
  Weight 0 (Name: layer5_attention_out:weight, Dim: 2097152): -0.008667 0.005463 0.007050 0.025269 -0.000648 -0.018188 0.026245 0.029175 0.014038 0.007141 ... 0.015320 -0.031250 0.039551 -0.026245 -0.040039 0.042725 -0.018921 -0.041016 0.032227 -0.005341 
  Weight 1 (Name: layer5_attention_out:loraA, Dim: 16384): -0.011770 0.017827 0.008592 0.041518 -0.002472 0.042025 -0.013966 -0.022674 -0.008648 0.028177 ... 0.046591 -0.035258 0.017329 0.004576 0.003240 -0.041265 0.003220 0.032212 -0.000565 0.026598 
  Weight 2 (Name: layer5_attention_out:loraB, Dim: 8192): 0.037089 -0.011296 -0.015876 0.006395 -0.009549 -0.027943 -0.012216 0.009288 -0.024286 -0.020499 ... -0.000084 -0.015563 0.037098 0.005129 -0.008498 -0.003945 -0.008930 0.044693 0.058817 0.036698 

Layer: layer5_decoder_add (Type: addition)

Layer: layer5_decoder_add/generated_out_0 (Type: multiout)

Layer: layer5_ffn_norm (Type: rms_norm)
  Weight 0 (Name: layer5_ffn_norm:gamma, Dim: 1024): 0.045166 0.015625 -0.026001 -0.003815 -0.030640 0.035645 -0.011536 0.003159 -0.020508 0.019775 ... -0.013000 -0.014465 0.088867 0.007080 -0.031494 -0.004242 -0.013428 0.021851 0.032715 -0.019287 

Layer: layer5_ffn_norm/generated_out_0 (Type: multiout)

Layer: layer5_ffn_up (Type: fully_connected)
  Weight 0 (Name: layer5_ffn_up:weight, Dim: 3145728): -0.028442 0.063965 0.049805 -0.033447 0.038330 -0.032471 0.052002 0.012573 -0.000035 0.052979 ... 0.053955 -0.016357 0.002670 -0.017700 0.009033 -0.032715 -0.030640 0.040039 0.029419 0.003906 
  Weight 1 (Name: layer5_ffn_up:loraA, Dim: 8192): -0.039795 -0.015076 0.033691 -0.003632 0.003021 -0.060547 0.037598 0.007446 0.008057 0.036133 ... 0.001335 -0.009094 0.009888 -0.007019 0.005249 0.004608 -0.010132 0.031982 0.039307 -0.035645 
  Weight 2 (Name: layer5_ffn_up:loraB, Dim: 24576): 0.057861 -0.031738 0.023071 0.030029 0.036621 -0.032715 0.001022 -0.032715 -0.000572 0.011108 ... 0.015625 -0.057861 0.010132 -0.022217 -0.023682 -0.050049 0.012695 0.026733 -0.007599 0.026245 

Layer: layer5_ffn_gate (Type: fully_connected)
  Weight 0 (Name: layer5_ffn_gate:weight, Dim: 3145728): 0.055664 -0.022827 0.005798 0.031250 -0.013489 0.030640 -0.047607 -0.038574 -0.011902 0.001472 ... 0.019653 -0.028320 -0.000404 -0.013489 -0.027222 0.000423 0.048340 0.017822 -0.021362 0.025391 
  Weight 1 (Name: layer5_ffn_gate:loraA, Dim: 8192): -0.021729 0.033936 0.015747 -0.032471 0.024658 -0.041016 -0.014709 -0.042236 -0.013489 0.022705 ... -0.068359 -0.007690 0.007874 0.054199 -0.000402 -0.056396 0.049316 0.044678 0.041992 0.001259 
  Weight 2 (Name: layer5_ffn_gate:loraB, Dim: 24576): 0.001221 -0.094727 0.006775 -0.035645 0.058105 0.035400 -0.041748 -0.010559 0.030884 -0.013550 ... 0.014343 -0.043701 0.029053 0.039551 0.014038 0.027466 0.033936 -0.020996 0.025513 -0.043945 

Layer: layer5_ffn_swiglu (Type: swiglu)

Layer: layer5_ffn_down (Type: fully_connected)
  Weight 0 (Name: layer5_ffn_down:weight, Dim: 3145728): 0.015991 0.006958 -0.030396 -0.014587 0.009949 0.025879 0.001572 -0.008057 0.031982 0.030518 ... -0.010620 0.017700 0.025391 0.026367 0.025146 0.011597 0.010803 0.024780 -0.007080 0.063477 
  Weight 1 (Name: layer5_ffn_down:loraA, Dim: 24576): -0.023558 0.020018 -0.031250 0.018669 0.043701 -0.031991 -0.013735 0.005918 0.001648 0.009216 ... 0.002975 -0.052735 -0.011719 -0.032959 0.018677 -0.012206 0.043213 0.027955 0.014404 -0.018799 
  Weight 2 (Name: layer5_ffn_down:loraB, Dim: 8192): 0.000063 0.010925 -0.061768 0.003616 0.033691 -0.015442 -0.038819 0.025269 0.063477 0.031494 ... 0.011779 -0.011780 0.033448 -0.004423 0.015260 -0.009460 0.007936 -0.012452 0.001848 -0.011296 

Layer: layer5_decoder_output (Type: addition)

Layer: layer5_decoder_output/generated_out_0 (Type: multiout)

Layer: layer6_attention_norm (Type: rms_norm)
  Weight 0 (Name: layer6_attention_norm:gamma, Dim: 1024): -0.046387 -0.007294 -0.032715 -0.000063 -0.035156 0.042725 0.031494 -0.007874 -0.006378 0.040527 ... -0.029053 -0.006165 0.026123 -0.010193 0.006744 0.005829 0.001709 -0.016479 0.021606 0.052979 

Layer: layer6_attention_norm/generated_out_0 (Type: multiout)

Layer: layer6_wq (Type: fully_connected)
  Weight 0 (Name: layer6_wq:weight, Dim: 2097152): 0.055420 0.022339 -0.031738 -0.027832 0.030029 -0.022339 -0.037598 -0.029175 0.002838 -0.015747 ... 0.082520 -0.064453 -0.007812 -0.061523 0.009583 -0.024902 0.045654 0.023071 0.013550 0.024902 
  Weight 1 (Name: layer6_wq:loraA, Dim: 8192): 0.021851 -0.032715 -0.004730 -0.054443 0.005707 -0.023315 0.019409 -0.017212 0.042725 -0.005524 ... -0.050781 -0.031738 0.027344 -0.055908 -0.030151 -0.027954 -0.001266 -0.012329 -0.048096 0.050537 
  Weight 2 (Name: layer6_wq:loraB, Dim: 16384): 0.055176 0.114258 0.047852 0.039307 0.023193 0.034912 0.047607 -0.000580 -0.025146 0.017944 ... 0.025024 -0.001640 -0.000626 0.007507 -0.010864 -0.023438 -0.000277 0.015503 0.022095 0.013306 

Layer: layer6_q_norm (Type: reshaped_rms_norm)
  Weight 0 (Name: layer6_q_norm:gamma, Dim: 128): 0.010742 0.052246 -0.017090 -0.051270 0.018433 -0.004730 -0.026733 -0.002060 0.015137 0.048828 ... -0.037109 0.031250 0.006531 0.005707 -0.023193 -0.003036 -0.030029 -0.014160 0.030762 0.009766 

Layer: layer6_wk (Type: fully_connected)
  Weight 0 (Name: layer6_wk:weight, Dim: 1048576): -0.020874 0.013794 -0.020386 -0.016602 -0.026733 -0.003220 -0.000546 0.032471 -0.041748 -0.003326 ... 0.057129 0.026123 0.014038 -0.047607 -0.031738 -0.025146 0.043701 0.027710 0.022705 0.000576 
  Weight 1 (Name: layer6_wk:loraA, Dim: 8192): 0.049072 -0.021484 0.058105 -0.045654 -0.027344 0.008972 -0.015564 0.037109 0.032959 0.012939 ... 0.033203 0.029785 0.002808 -0.011597 -0.004578 -0.005432 -0.010803 -0.039795 -0.026611 -0.031128 
  Weight 2 (Name: layer6_wk:loraB, Dim: 8192): -0.006897 -0.059570 0.020264 0.065430 -0.016479 0.039551 -0.009033 0.000383 -0.002380 0.034912 ... -0.023804 0.004425 0.033203 -0.066895 0.027588 0.044434 0.052246 -0.013062 0.017212 -0.025269 

Layer: layer6_k_norm (Type: reshaped_rms_norm)
  Weight 0 (Name: layer6_k_norm:gamma, Dim: 128): -0.003754 -0.053467 -0.025635 0.029297 -0.015320 0.008606 0.015503 0.022339 -0.015076 -0.027954 ... 0.002548 0.026367 -0.006042 0.013123 -0.012634 0.009521 -0.031250 0.017212 0.004700 0.032471 

Layer: layer6_wv (Type: fully_connected)
  Weight 0 (Name: layer6_wv:weight, Dim: 1048576): -0.018921 0.019897 0.031982 0.010376 0.033936 -0.019897 0.031250 -0.011841 -0.047607 0.017700 ... -0.005127 -0.031982 0.026611 0.006195 0.040283 0.034424 -0.011108 -0.009521 -0.010010 0.039551 
  Weight 1 (Name: layer6_wv:loraA, Dim: 8192): 0.029322 0.031602 0.009010 0.070547 0.086896 0.026329 0.014138 -0.011895 -0.024869 -0.054662 ... 0.017255 0.042936 0.001167 -0.040644 0.011273 -0.002767 -0.015239 -0.004185 -0.017120 0.059494 
  Weight 2 (Name: layer6_wv:loraB, Dim: 8192): 0.002979 -0.010401 -0.064896 -0.004706 0.004085 0.049979 0.009373 -0.040631 -0.013289 -0.030230 ... -0.034682 0.010142 0.038322 -0.014760 -0.011950 -0.044919 -0.021116 -0.013620 -0.041707 -0.016831 

Layer: layer6_attention (Type: mha_core)

Layer: layer6_attention_out (Type: fully_connected)
  Weight 0 (Name: layer6_attention_out:weight, Dim: 2097152): -0.000778 -0.008301 -0.033203 0.016846 -0.020752 -0.007080 -0.019287 -0.018311 -0.022339 0.024048 ... -0.006927 -0.055664 -0.005463 -0.015259 -0.030762 -0.053711 -0.010925 0.061279 -0.004639 0.031982 
  Weight 1 (Name: layer6_attention_out:loraA, Dim: 16384): 0.015253 -0.019975 0.000235 -0.033875 0.067306 -0.021542 0.022833 0.047486 0.002790 0.016382 ... -0.024779 -0.014283 0.028442 0.016361 -0.017582 -0.019915 -0.021369 -0.003602 0.034190 -0.014780 
  Weight 2 (Name: layer6_attention_out:loraB, Dim: 8192): -0.001554 -0.061750 -0.007607 0.003433 0.045736 0.071238 -0.027191 0.041222 -0.065940 0.020590 ... -0.006961 0.044912 0.021039 -0.010867 -0.038018 0.010961 -0.047024 0.000526 0.021460 0.019764 

Layer: layer6_decoder_add (Type: addition)

Layer: layer6_decoder_add/generated_out_0 (Type: multiout)

Layer: layer6_ffn_norm (Type: rms_norm)
  Weight 0 (Name: layer6_ffn_norm:gamma, Dim: 1024): 0.065430 -0.027588 -0.039062 0.012939 -0.023193 0.039062 -0.023926 0.013489 0.017090 -0.001312 ... -0.037598 0.016968 0.000885 -0.029541 -0.033447 0.036865 -0.008728 0.028931 -0.028076 0.005493 

Layer: layer6_ffn_norm/generated_out_0 (Type: multiout)

Layer: layer6_ffn_up (Type: fully_connected)
  Weight 0 (Name: layer6_ffn_up:weight, Dim: 3145728): 0.008667 0.053223 0.015076 0.030396 0.026123 0.000282 0.026733 -0.033203 -0.024048 -0.036377 ... 0.003876 -0.034912 -0.025513 -0.030884 -0.007202 0.009583 0.013367 -0.031128 0.022827 0.016846 
  Weight 1 (Name: layer6_ffn_up:loraA, Dim: 8192): -0.017578 0.005280 -0.001884 0.002930 -0.016479 -0.015076 0.041504 0.032715 -0.003647 -0.008423 ... 0.026489 0.038330 -0.044922 0.017334 -0.004578 0.037109 0.025391 0.020874 0.010254 -0.029419 
  Weight 2 (Name: layer6_ffn_up:loraB, Dim: 24576): -0.033936 0.006775 -0.054199 -0.024292 -0.047363 0.003967 0.006348 0.018799 0.039062 0.011902 ... -0.032227 0.054932 -0.024536 -0.009094 -0.022583 0.000267 -0.052246 -0.038574 -0.013000 0.009155 

Layer: layer6_ffn_gate (Type: fully_connected)
  Weight 0 (Name: layer6_ffn_gate:weight, Dim: 3145728): -0.017456 -0.025269 0.006256 0.014404 -0.000006 0.014648 0.040771 0.008850 -0.004364 0.004669 ... 0.056396 0.014221 -0.034912 0.042725 0.035400 -0.010376 -0.014343 -0.030884 0.017334 -0.035889 
  Weight 1 (Name: layer6_ffn_gate:loraA, Dim: 8192): -0.010620 0.002258 -0.019409 -0.000280 0.011841 -0.047607 0.051514 0.007080 -0.016846 -0.014587 ... -0.008240 0.004364 -0.005707 -0.032715 0.033936 -0.012817 -0.026978 0.026611 0.045410 0.040527 
  Weight 2 (Name: layer6_ffn_gate:loraB, Dim: 24576): -0.003235 -0.034912 -0.031128 0.007507 -0.054932 0.057861 -0.000368 0.078125 -0.054443 0.055176 ... -0.033936 0.030640 0.012939 0.010193 -0.006470 0.050537 0.007477 -0.023315 -0.030029 0.038818 

Layer: layer6_ffn_swiglu (Type: swiglu)

Layer: layer6_ffn_down (Type: fully_connected)
  Weight 0 (Name: layer6_ffn_down:weight, Dim: 3145728): -0.023682 0.060303 -0.044434 0.000351 0.016846 0.007019 0.036621 0.059570 -0.012878 0.028687 ... 0.017578 0.001839 -0.052734 -0.001953 -0.016846 -0.054199 -0.036133 -0.036377 0.019653 -0.005127 
  Weight 1 (Name: layer6_ffn_down:loraA, Dim: 24576): 0.013792 -0.020021 -0.044441 0.040044 0.000353 -0.008424 -0.012517 -0.000641 -0.032227 -0.032471 ... -0.042236 -0.022827 -0.023192 -0.012390 0.023807 -0.041750 -0.016358 0.040284 -0.037107 -0.013672 
  Weight 2 (Name: layer6_ffn_down:loraB, Dim: 8192): 0.002274 0.057373 -0.007416 -0.033447 -0.020873 0.002121 0.022705 0.000171 -0.010681 -0.026245 ... -0.026977 0.003098 0.026123 0.022338 0.001411 -0.018921 0.008911 -0.006347 0.017211 0.005007 

Layer: layer6_decoder_output (Type: addition)

Layer: layer6_decoder_output/generated_out_0 (Type: multiout)

Layer: layer7_attention_norm (Type: rms_norm)
  Weight 0 (Name: layer7_attention_norm:gamma, Dim: 1024): 0.025635 0.030396 -0.036621 -0.009033 0.015076 -0.012268 -0.069824 -0.005768 -0.021362 0.034912 ... 0.018066 -0.023071 0.028809 0.014832 0.010559 -0.031250 0.024658 -0.063477 0.001907 0.037842 

Layer: layer7_attention_norm/generated_out_0 (Type: multiout)

Layer: layer7_wq (Type: fully_connected)
  Weight 0 (Name: layer7_wq:weight, Dim: 2097152): 0.013245 -0.002930 0.001167 -0.007568 -0.060791 0.013977 -0.024414 -0.032227 0.048828 0.056152 ... -0.009094 0.017822 0.035645 0.046387 -0.014954 0.018066 0.033936 0.025635 0.032715 0.014709 
  Weight 1 (Name: layer7_wq:loraA, Dim: 8192): 0.015320 0.005676 -0.024780 0.060547 0.041016 0.028809 -0.004211 0.010498 -0.008667 0.053711 ... -0.001114 0.021729 -0.012756 0.028687 0.007233 -0.083984 -0.058594 -0.015503 -0.000580 0.013794 
  Weight 2 (Name: layer7_wq:loraB, Dim: 16384): 0.022583 0.032471 -0.010315 0.000454 0.022095 -0.027588 -0.000444 -0.027222 -0.078125 0.044189 ... -0.002213 0.012085 0.015625 -0.073242 0.021362 -0.030396 -0.020996 -0.010681 -0.013428 0.002792 

Layer: layer7_q_norm (Type: reshaped_rms_norm)
  Weight 0 (Name: layer7_q_norm:gamma, Dim: 128): 0.028198 -0.001480 0.011658 -0.026489 0.029663 -0.046875 -0.024658 -0.008362 -0.030518 -0.070801 ... 0.014893 -0.070312 -0.000208 -0.004791 0.030273 0.023071 -0.098145 -0.037598 0.049316 0.003784 

Layer: layer7_wk (Type: fully_connected)
  Weight 0 (Name: layer7_wk:weight, Dim: 1048576): 0.041504 -0.002838 -0.005646 0.003754 0.019897 0.001503 -0.011108 0.042725 0.003632 0.037109 ... 0.020996 0.042236 -0.051514 0.013428 -0.023682 -0.029297 0.012939 -0.065430 0.029785 0.011047 
  Weight 1 (Name: layer7_wk:loraA, Dim: 8192): 0.009949 0.019287 0.026733 0.035156 0.002304 0.005859 -0.020752 0.020630 -0.049561 -0.008728 ... -0.002167 -0.016724 -0.009338 -0.009033 -0.008240 0.024658 -0.033691 -0.030762 0.006500 0.005005 
  Weight 2 (Name: layer7_wk:loraB, Dim: 8192): 0.032959 0.026245 -0.013672 -0.006104 -0.049805 0.025513 0.007294 0.045410 0.011169 -0.059082 ... -0.005035 0.022705 -0.002823 -0.028442 -0.055908 0.018311 0.016846 0.018677 0.025146 -0.001251 

Layer: layer7_k_norm (Type: reshaped_rms_norm)
  Weight 0 (Name: layer7_k_norm:gamma, Dim: 128): -0.026123 -0.004181 -0.015015 0.006561 0.020508 -0.005432 -0.001076 0.009521 -0.038574 0.004639 ... 0.047607 0.005188 -0.032471 -0.046875 0.039551 -0.006927 0.014282 0.042236 -0.040527 -0.022705 

Layer: layer7_wv (Type: fully_connected)
  Weight 0 (Name: layer7_wv:weight, Dim: 1048576): 0.015198 -0.046875 0.078613 0.050537 0.088379 -0.020142 0.042236 0.050537 0.001221 0.005310 ... 0.040527 -0.038086 0.033203 0.008667 0.064453 0.035645 -0.001190 0.004883 0.048096 -0.005951 
  Weight 1 (Name: layer7_wv:loraA, Dim: 8192): 0.027996 -0.050542 -0.001769 0.030812 0.020572 -0.062102 0.026089 0.040872 -0.016818 0.032708 ... 0.050778 -0.026603 -0.024889 -0.035409 0.023260 0.000053 0.017500 -0.022460 0.008196 0.019665 
  Weight 2 (Name: layer7_wv:loraB, Dim: 8192): 0.032491 -0.070287 0.016406 0.040450 0.021261 -0.062262 0.018567 0.063967 0.039488 0.029547 ... 0.041520 0.009506 -0.014734 0.033167 0.017362 0.026448 -0.016577 0.021199 0.003756 0.026354 

Layer: layer7_attention (Type: mha_core)

Layer: layer7_attention_out (Type: fully_connected)
  Weight 0 (Name: layer7_attention_out:weight, Dim: 2097152): -0.001419 -0.066895 0.071777 0.036133 0.055908 -0.065918 0.026001 0.074707 0.050781 0.028442 ... -0.026855 0.017090 -0.031982 0.009583 0.032959 0.003250 -0.027100 -0.027954 -0.002228 0.006348 
  Weight 1 (Name: layer7_attention_out:loraA, Dim: 16384): 0.044212 -0.070811 0.032744 0.060544 0.029302 -0.019048 0.014966 0.073288 0.016200 0.029313 ... 0.001944 0.016526 -0.039847 -0.055396 -0.015809 0.021614 -0.016491 0.005932 -0.016021 -0.033292 
  Weight 2 (Name: layer7_attention_out:loraB, Dim: 8192): -0.016502 -0.080083 0.038080 0.044909 0.053442 -0.101548 0.019397 0.057872 0.009219 0.011242 ... 0.026799 0.020398 0.015966 0.050210 0.030839 -0.022365 -0.002254 -0.000992 -0.025947 -0.005573 

Layer: layer7_decoder_add (Type: addition)

Layer: layer7_decoder_add/generated_out_0 (Type: multiout)

Layer: layer7_ffn_norm (Type: rms_norm)
  Weight 0 (Name: layer7_ffn_norm:gamma, Dim: 1024): 0.027588 -0.059326 0.038818 0.060547 0.006165 0.000889 0.021851 0.067383 0.006927 -0.014709 ... -0.032715 0.017456 -0.004883 -0.036377 0.005310 0.032471 0.005280 -0.001450 -0.010071 -0.008728 

Layer: layer7_ffn_norm/generated_out_0 (Type: multiout)

Layer: layer7_ffn_up (Type: fully_connected)
  Weight 0 (Name: layer7_ffn_up:weight, Dim: 3145728): 0.023926 -0.051758 0.058838 0.060791 -0.030396 -0.033936 0.039062 0.042969 -0.016235 -0.011108 ... 0.009521 0.029419 -0.034912 0.010925 -0.006714 -0.012817 -0.013428 -0.028198 0.009460 -0.018433 
  Weight 1 (Name: layer7_ffn_up:loraA, Dim: 8192): -0.010254 -0.082520 0.021606 0.024536 0.009827 0.004669 0.046631 0.060059 0.002609 0.018433 ... -0.001312 0.017822 0.006470 -0.037842 0.030396 0.001999 -0.003464 0.082520 -0.024048 -0.010681 
  Weight 2 (Name: layer7_ffn_up:loraB, Dim: 24576): -0.001259 -0.081543 0.002823 0.059570 0.003113 -0.061035 0.051758 0.068848 0.044678 0.040039 ... 0.006104 0.022095 -0.051025 -0.012756 0.005676 0.001373 0.003403 0.020874 -0.003342 -0.015137 

Layer: layer7_ffn_gate (Type: fully_connected)
  Weight 0 (Name: layer7_ffn_gate:weight, Dim: 3145728): -0.032471 -0.077148 0.050049 -0.004028 0.054443 -0.004578 0.029785 0.070801 -0.013611 -0.010376 ... -0.013855 0.015625 0.001717 -0.024414 0.038818 0.003616 0.021484 -0.020630 -0.058350 0.007812 
  Weight 1 (Name: layer7_ffn_gate:loraA, Dim: 8192): 0.036865 -0.047363 0.081055 0.034424 -0.002579 -0.032715 0.052734 0.057129 0.034424 0.022461 ... 0.070801 0.038086 -0.022705 -0.031494 0.021973 0.000900 -0.009338 -0.008606 0.015991 0.053223 
  Weight 2 (Name: layer7_ffn_gate:loraB, Dim: 24576): -0.021973 -0.046631 0.012390 0.049316 0.021973 -0.005219 0.037109 0.056396 0.034668 0.006012 ... 0.063477 0.066895 0.020630 -0.025757 0.031128 0.072266 -0.020142 0.000874 -0.041016 -0.026489 

Layer: layer7_ffn_swiglu (Type: swiglu)

Layer: layer7_ffn_down (Type: fully_connected)
  Weight 0 (Name: layer7_ffn_down:weight, Dim: 3145728): 0.042969 -0.055176 0.027222 0.071289 -0.016479 -0.020630 0.055664 0.066895 0.004120 -0.007477 ... -0.049805 0.054199 -0.043701 0.010925 0.032959 -0.022583 0.035156 0.026367 0.002777 -0.055176 
  Weight 1 (Name: layer7_ffn_down:loraA, Dim: 24576): -0.051024 -0.043212 0.046876 0.032472 0.028566 -0.001595 0.021974 0.043457 -0.054200 0.004272 ... 0.003174 0.005554 0.003939 -0.004699 0.024050 -0.010192 -0.004118 -0.000832 -0.006499 -0.001564 
  Weight 2 (Name: layer7_ffn_down:loraB, Dim: 8192): -0.000664 -0.056885 0.032226 0.041260 0.000701 -0.029907 0.051025 0.049317 0.017700 -0.026489 ... 0.002869 -0.026733 0.024658 0.009827 0.078125 0.018433 0.017090 0.011353 -0.019653 0.011597 

Layer: layer7_decoder_output (Type: addition)

Layer: layer7_decoder_output/generated_out_0 (Type: multiout)

Layer: layer8_attention_norm (Type: rms_norm)
  Weight 0 (Name: layer8_attention_norm:gamma, Dim: 1024): 0.002609 -0.041504 0.049561 0.030029 -0.025146 -0.011536 0.061035 0.051514 -0.008118 -0.008484 ... 0.005981 -0.004364 -0.028198 0.000572 0.016235 -0.010315 0.014954 -0.005463 0.021729 0.025879 

Layer: layer8_attention_norm/generated_out_0 (Type: multiout)

Layer: layer8_wq (Type: fully_connected)
  Weight 0 (Name: layer8_wq:weight, Dim: 2097152): 0.003220 -0.038086 -0.008362 0.028931 0.022461 -0.031006 0.046631 0.046387 0.010742 -0.021606 ... -0.010925 -0.051514 0.020874 -0.026123 0.044434 -0.010071 -0.025757 0.027466 0.005280 -0.035645 
  Weight 1 (Name: layer8_wq:loraA, Dim: 8192): 0.016479 -0.056396 0.034912 0.013672 0.013611 -0.037842 0.035645 0.053955 0.011719 0.008423 ... 0.028564 -0.020020 0.012756 -0.006470 0.045654 0.043945 0.033203 -0.003036 0.007690 -0.060059 
  Weight 2 (Name: layer8_wq:loraB, Dim: 16384): 0.006073 -0.092773 0.025146 0.059326 -0.000713 -0.022949 0.027710 0.072266 0.016602 -0.022827 ... 0.004974 0.015381 0.008240 -0.038330 -0.031128 0.019775 0.054443 0.000123 -0.001663 -0.008850 

Layer: layer8_q_norm (Type: reshaped_rms_norm)
  Weight 0 (Name: layer8_q_norm:gamma, Dim: 128): -0.015198 -0.037598 -0.012146 0.018799 0.013489 -0.016113 0.087891 0.078613 -0.015991 -0.046631 ... -0.061768 0.010071 -0.018433 -0.012207 -0.009399 -0.036133 -0.028076 0.029541 -0.006958 0.011780 

Layer: layer8_wk (Type: fully_connected)
  Weight 0 (Name: layer8_wk:weight, Dim: 1048576): 0.025024 0.047363 0.003586 -0.003143 0.003235 -0.020996 -0.090332 0.036865 -0.033691 0.017456 ... -0.092285 0.025513 0.047119 -0.035889 -0.010132 0.028320 0.037109 -0.006226 -0.023560 0.014771 
  Weight 1 (Name: layer8_wk:loraA, Dim: 8192): -0.097168 -0.007141 -0.018066 0.029297 0.017944 0.008850 0.038574 -0.034180 -0.070312 -0.005463 ... -0.011475 -0.026489 -0.008057 -0.003311 -0.027954 0.000146 0.004486 -0.017578 -0.001022 -0.006866 
  Weight 2 (Name: layer8_wk:loraB, Dim: 8192): 0.006561 0.009277 -0.008484 0.020630 0.030518 -0.005341 0.002213 -0.044678 -0.033203 0.024414 ... 0.034180 -0.024902 0.036621 0.009888 0.060303 0.066895 -0.003693 -0.024170 -0.043457 0.034424 

Layer: layer8_k_norm (Type: reshaped_rms_norm)
  Weight 0 (Name: layer8_k_norm:gamma, Dim: 128): -0.037354 -0.029907 -0.001831 0.014099 -0.041748 -0.000801 0.012024 -0.014893 -0.041504 0.008972 ... 0.002899 0.031738 -0.027954 0.019653 0.057617 -0.056641 -0.069336 -0.005646 -0.004181 0.021973 

Layer: layer8_wv (Type: fully_connected)
  Weight 0 (Name: layer8_wv:weight, Dim: 1048576): -0.067383 0.022827 0.012207 -0.044434 -0.054443 0.047607 -0.034424 0.005829 -0.013733 0.026123 ... -0.005341 0.028809 -0.020020 -0.028564 -0.032227 -0.025269 -0.006317 -0.036865 -0.011230 0.000462 
  Weight 1 (Name: layer8_wv:loraA, Dim: 8192): 0.030028 0.033456 -0.014698 0.005291 -0.005353 0.045649 -0.001381 0.032479 0.003638 -0.003437 ... 0.015719 -0.012390 0.003374 0.033269 0.009425 -0.070223 -0.003670 0.038046 -0.048969 -0.015252 
  Weight 2 (Name: layer8_wv:loraB, Dim: 8192): 0.011675 -0.031749 0.020964 -0.034410 0.070811 0.040478 -0.032738 -0.026189 0.001167 -0.068376 ... -0.000277 -0.002852 -0.011581 0.036920 -0.011881 -0.034864 -0.000338 0.022480 -0.013669 -0.009293 

Layer: layer8_attention (Type: mha_core)

Layer: layer8_attention_out (Type: fully_connected)
  Weight 0 (Name: layer8_attention_out:weight, Dim: 2097152): 0.007233 0.023193 0.022339 0.023804 -0.000504 -0.000368 0.012756 -0.016968 0.034912 0.014343 ... -0.018555 -0.064941 0.034424 0.003052 0.028198 -0.008423 -0.021606 -0.012268 -0.002655 0.025635 
  Weight 1 (Name: layer8_attention_out:loraA, Dim: 16384): -0.004728 0.020800 0.002700 0.001494 -0.012956 0.013741 0.025666 -0.013703 -0.013312 -0.011553 ... 0.045126 0.003946 -0.027949 0.030531 0.020988 -0.044930 0.018557 -0.017569 -0.044172 0.036848 
  Weight 2 (Name: layer8_attention_out:loraB, Dim: 8192): -0.042464 0.033450 -0.009763 0.048107 -0.004651 0.007710 0.012096 -0.057132 -0.020754 -0.008004 ... 0.007642 0.003728 0.007252 -0.007658 -0.003201 -0.038555 -0.002706 0.000036 0.000869 -0.005895 

Layer: layer8_decoder_add (Type: addition)

Layer: layer8_decoder_add/generated_out_0 (Type: multiout)

Layer: layer8_ffn_norm (Type: rms_norm)
  Weight 0 (Name: layer8_ffn_norm:gamma, Dim: 1024): -0.008362 0.003143 0.014954 -0.005249 0.013672 0.003555 0.008118 -0.003479 -0.003433 -0.009094 ... 0.008545 -0.074219 0.065918 0.025635 -0.028931 -0.011658 -0.041016 -0.055420 0.003693 0.030640 

Layer: layer8_ffn_norm/generated_out_0 (Type: multiout)

Layer: layer8_ffn_up (Type: fully_connected)
  Weight 0 (Name: layer8_ffn_up:weight, Dim: 3145728): -0.019287 0.038330 0.042969 -0.031982 -0.032715 -0.002319 -0.061768 0.013489 -0.012939 0.022339 ... 0.014221 -0.022583 -0.023071 -0.017700 -0.034912 -0.018188 -0.005768 0.013062 -0.033447 -0.013123 
  Weight 1 (Name: layer8_ffn_up:loraA, Dim: 8192): -0.005310 0.007080 0.033936 0.000066 0.006531 0.055176 0.020386 -0.002945 -0.087891 -0.001137 ... -0.023071 0.034668 -0.002609 0.001282 -0.027344 -0.066406 0.036133 0.041260 0.039551 -0.021484 
  Weight 2 (Name: layer8_ffn_up:loraB, Dim: 24576): -0.006958 -0.005646 -0.031738 0.021240 0.041748 -0.010620 0.002655 -0.008301 0.003494 -0.046387 ... 0.021606 -0.001144 0.030518 -0.038086 -0.026489 -0.066406 0.031250 -0.032715 0.049072 0.019897 

Layer: layer8_ffn_gate (Type: fully_connected)
  Weight 0 (Name: layer8_ffn_gate:weight, Dim: 3145728): -0.027222 0.013428 0.019409 -0.045898 0.009521 -0.014160 -0.042236 -0.055908 -0.036133 0.020508 ... 0.034424 0.010437 0.021362 0.011963 0.009766 -0.097168 0.002060 0.012207 -0.028809 -0.042236 
  Weight 1 (Name: layer8_ffn_gate:loraA, Dim: 8192): -0.053223 -0.039795 -0.014099 0.051758 -0.012939 -0.001236 -0.002457 0.008972 -0.022095 -0.000462 ... -0.026978 -0.057373 0.055420 0.026978 0.019287 -0.005737 0.029907 -0.035889 -0.017456 0.003693 
  Weight 2 (Name: layer8_ffn_gate:loraB, Dim: 24576): -0.021484 -0.025024 -0.048340 -0.022827 -0.005249 -0.004517 -0.029297 0.009155 -0.029785 0.022217 ... 0.021729 -0.020142 0.021606 0.014648 0.027222 -0.055420 0.029419 0.006989 -0.003616 -0.007050 

Layer: layer8_ffn_swiglu (Type: swiglu)

Layer: layer8_ffn_down (Type: fully_connected)
  Weight 0 (Name: layer8_ffn_down:weight, Dim: 3145728): -0.010437 0.031738 0.013794 0.006348 0.014282 -0.003189 -0.019043 0.023315 -0.025146 -0.007233 ... 0.022217 0.027344 -0.012695 0.016602 0.030518 -0.079590 -0.008118 0.019775 0.003235 0.002518 
  Weight 1 (Name: layer8_ffn_down:loraA, Dim: 24576): -0.051758 0.011231 0.017700 -0.012084 0.044190 -0.052734 0.022583 0.020264 -0.013184 -0.048828 ... -0.028931 0.029907 0.037354 -0.020630 -0.017944 0.003754 0.003693 -0.012085 -0.000706 0.044922 
  Weight 2 (Name: layer8_ffn_down:loraB, Dim: 8192): -0.021240 0.007629 -0.031982 0.016968 0.001251 0.011230 0.056152 -0.001190 -0.053711 -0.023682 ... -0.009766 -0.020508 -0.017212 -0.008788 -0.015014 -0.002563 0.041993 -0.021119 0.007997 0.016110 

Layer: layer8_decoder_output (Type: addition)

Layer: layer8_decoder_output/generated_out_0 (Type: multiout)

Layer: layer9_attention_norm (Type: rms_norm)
  Weight 0 (Name: layer9_attention_norm:gamma, Dim: 1024): -0.000515 0.026611 -0.011841 0.055420 -0.055420 0.012573 -0.015076 0.021606 -0.031128 -0.008545 ... -0.005188 -0.005676 0.001411 0.044922 -0.000210 -0.019165 0.006348 -0.019409 -0.019531 0.011414 

Layer: layer9_attention_norm/generated_out_0 (Type: multiout)

Layer: layer9_wq (Type: fully_connected)
  Weight 0 (Name: layer9_wq:weight, Dim: 2097152): 0.022583 0.022095 0.033203 -0.007477 0.003967 -0.012024 -0.000104 -0.026123 0.002808 0.017456 ... 0.018433 0.013489 -0.004089 -0.030273 0.034424 0.004028 -0.019531 0.018555 -0.031494 -0.041992 
  Weight 1 (Name: layer9_wq:loraA, Dim: 8192): -0.048340 0.017212 0.012207 0.000767 0.025391 0.037598 -0.059082 -0.000847 -0.018677 0.000119 ... 0.002899 0.031982 -0.015747 -0.015015 -0.018799 -0.073242 -0.030518 -0.001114 -0.000104 -0.017822 
  Weight 2 (Name: layer9_wq:loraB, Dim: 16384): 0.015991 -0.008972 0.014893 0.007690 -0.004272 -0.004822 0.004456 -0.014465 0.003525 -0.031250 ... 0.019287 0.007416 0.023315 -0.012634 -0.002808 -0.037842 -0.014709 -0.002182 -0.002853 -0.012024 

Layer: layer9_q_norm (Type: reshaped_rms_norm)
  Weight 0 (Name: layer9_q_norm:gamma, Dim: 128): -0.010071 -0.015747 0.018555 0.007996 0.009277 -0.009705 -0.006775 0.001305 -0.009521 -0.009766 ... 0.029175 -0.010498 0.016602 -0.014160 -0.016968 0.000900 -0.000355 0.000083 0.028809 0.007263 

Layer: layer9_wk (Type: fully_connected)
  Weight 0 (Name: layer9_wk:weight, Dim: 1048576): 0.015869 0.019165 0.014648 -0.002304 -0.008484 -0.006378 0.003006 0.002335 -0.003189 0.014771 ... -0.078613 -0.026733 -0.036133 -0.030640 -0.050049 0.011963 0.021606 -0.062500 0.019165 -0.040527 
  Weight 1 (Name: layer9_wk:loraA, Dim: 8192): 0.028198 -0.033691 0.000163 -0.008606 0.026855 -0.057129 -0.009521 -0.029419 -0.019165 0.026489 ... -0.028076 0.010803 0.020630 0.066406 0.022461 -0.018677 0.033447 0.012146 -0.011536 0.001930 
  Weight 2 (Name: layer9_wk:loraB, Dim: 8192): -0.002716 0.028442 0.000469 -0.024414 0.032715 0.011658 -0.030151 0.017578 -0.005951 -0.038574 ... -0.013794 -0.002167 0.005524 -0.012024 -0.007355 -0.003174 0.000071 -0.007385 0.011292 -0.005585 

Layer: layer9_k_norm (Type: reshaped_rms_norm)
  Weight 0 (Name: layer9_k_norm:gamma, Dim: 128): 0.008667 0.010681 0.006256 -0.000102 -0.004028 0.002350 0.008118 0.005737 0.000084 0.010132 ... 0.003494 -0.005890 0.014099 -0.000816 0.004608 -0.005371 0.003571 -0.000717 0.008423 0.009705 

Layer: layer9_wv (Type: fully_connected)
  Weight 0 (Name: layer9_wv:weight, Dim: 1048576): 0.007690 0.005554 0.006775 -0.005432 -0.002853 -0.003830 0.004211 -0.009277 -0.001930 0.011169 ... 0.026245 -0.020630 0.018433 -0.000414 0.012573 -0.015564 -0.002808 -0.027954 -0.004944 0.014404 
  Weight 1 (Name: layer9_wv:loraA, Dim: 8192): 0.037107 0.012575 0.010803 -0.021358 -0.009641 -0.006377 -0.014892 -0.033690 -0.006817 0.035571 ... 0.000728 0.025307 0.000712 0.047082 0.018927 -0.048415 -0.044731 0.038057 0.050282 -0.002311 
  Weight 2 (Name: layer9_wv:loraB, Dim: 8192): 0.019597 -0.005376 0.008732 0.021776 -0.014103 -0.008970 -0.005305 -0.018120 -0.015848 0.025512 ... 0.003530 -0.006042 0.014270 -0.000773 0.004486 -0.005500 0.003408 -0.000870 0.008375 0.009540 

Layer: layer9_attention (Type: mha_core)

Layer: layer9_attention_out (Type: fully_connected)
  Weight 0 (Name: layer9_attention_out:weight, Dim: 2097152): 0.007690 0.005554 0.006775 -0.005432 -0.002884 -0.003845 0.004211 -0.009277 -0.001930 0.011169 ... -0.018188 -0.000629 0.068848 -0.029785 -0.027100 -0.010315 -0.009705 0.008179 0.021851 0.041016 
  Weight 1 (Name: layer9_attention_out:loraA, Dim: 16384): 0.020356 0.024243 0.015411 0.011587 0.054778 -0.015015 0.039421 -0.021900 -0.004324 0.002802 ... 0.008788 -0.000913 0.031595 0.008625 -0.058872 -0.013322 0.026710 0.004492 0.024538 -0.019830 
  Weight 2 (Name: layer9_attention_out:loraB, Dim: 8192): -0.004256 0.035157 0.014935 0.029474 -0.017088 0.016925 0.017750 0.022477 -0.008459 0.006595 ... 0.004498 -0.035171 0.003406 0.045013 0.028499 -0.001221 0.031341 0.010617 0.032312 0.026994 

Layer: layer9_decoder_add (Type: addition)

Layer: layer9_decoder_add/generated_out_0 (Type: multiout)

Layer: layer9_ffn_norm (Type: rms_norm)
  Weight 0 (Name: layer9_ffn_norm:gamma, Dim: 1024): -0.011292 -0.018433 0.005920 0.033691 -0.015137 -0.013367 0.005096 0.021118 -0.020996 0.003647 ... 0.012390 0.004150 0.037842 0.011780 -0.052734 0.018677 0.016479 -0.019043 -0.034912 0.009033 

Layer: layer9_ffn_norm/generated_out_0 (Type: multiout)

Layer: layer9_ffn_up (Type: fully_connected)
  Weight 0 (Name: layer9_ffn_up:weight, Dim: 3145728): -0.022217 0.038330 0.046875 0.013916 0.002823 -0.015320 -0.025879 0.008789 0.006378 -0.010559 ... 0.002213 -0.004456 0.010986 0.002670 0.001167 -0.006287 0.007477 -0.002823 0.006561 0.009277 
  Weight 1 (Name: layer9_ffn_up:loraA, Dim: 8192): 0.006958 0.004333 0.005859 -0.002792 -0.002731 -0.002304 0.004089 -0.006866 -0.004425 0.013245 ... 0.021973 0.008789 0.016602 0.003418 -0.009338 0.009216 -0.034668 0.012390 0.005463 0.019653 
  Weight 2 (Name: layer9_ffn_up:loraB, Dim: 24576): -0.034668 0.010132 0.006836 0.006195 -0.006470 0.005829 0.002548 -0.024536 0.001015 -0.003662 ... 0.031128 -0.039062 0.081055 0.018311 0.029907 0.041260 -0.031128 0.011658 -0.011230 -0.014587 

Layer: layer9_ffn_gate (Type: fully_connected)
  Weight 0 (Name: layer9_ffn_gate:weight, Dim: 3145728): 0.017578 0.031250 -0.040283 -0.060547 -0.013916 0.003708 0.023193 -0.038818 -0.041260 0.001923 ... 0.009766 -0.030029 -0.004211 -0.001465 -0.007690 -0.011414 -0.006165 0.033447 -0.032471 -0.004181 
  Weight 1 (Name: layer9_ffn_gate:loraA, Dim: 8192): -0.046387 0.016724 -0.002609 -0.033203 0.031494 0.003571 -0.021240 -0.009583 0.004333 -0.007233 ... 0.011658 0.046387 0.006744 0.043945 -0.002167 0.004242 0.017456 -0.029663 -0.003448 -0.014465 
  Weight 2 (Name: layer9_ffn_gate:loraB, Dim: 24576): 0.055420 0.026367 -0.008728 -0.026611 0.006348 0.012634 0.018066 0.050049 0.047607 -0.037109 ... 0.044678 0.030029 -0.005005 -0.007507 0.019409 0.014160 -0.019043 -0.023438 0.017822 0.003998 

Layer: layer9_ffn_swiglu (Type: swiglu)

Layer: layer9_ffn_down (Type: fully_connected)
  Weight 0 (Name: layer9_ffn_down:weight, Dim: 3145728): 0.015503 0.051025 -0.073730 0.045654 0.065918 -0.020264 -0.005463 -0.003510 -0.011475 0.042480 ... 0.039795 -0.046875 0.017090 0.001328 -0.026245 -0.020508 -0.010864 0.026489 0.034180 0.004547 
  Weight 1 (Name: layer9_ffn_down:loraA, Dim: 24576): -0.008850 0.006317 0.029419 0.023193 0.003845 -0.020996 0.022949 -0.046387 -0.006378 -0.023926 ... -0.004577 0.039552 -0.028076 -0.046875 -0.012329 -0.041504 -0.007629 -0.007934 -0.009583 -0.040772 
  Weight 2 (Name: layer9_ffn_down:loraB, Dim: 8192): -0.003205 0.046143 -0.060059 0.009338 0.010315 0.005585 0.026733 0.009460 -0.052734 0.022583 ... 0.003403 0.021729 0.041260 -0.057617 0.014526 -0.012024 0.012940 -0.005707 -0.012085 -0.011414 

Layer: layer9_decoder_output (Type: addition)

Layer: layer9_decoder_output/generated_out_0 (Type: multiout)

Layer: layer10_attention_norm (Type: rms_norm)
  Weight 0 (Name: layer10_attention_norm:gamma, Dim: 1024): -0.011108 0.012512 -0.013977 0.057861 0.060791 0.006531 -0.016235 0.025391 -0.026001 -0.006042 ... -0.031128 -0.040283 0.029785 0.003601 -0.053955 -0.001663 0.032471 -0.001656 -0.006622 0.035645 

Layer: layer10_attention_norm/generated_out_0 (Type: multiout)

Layer: layer10_wq (Type: fully_connected)
  Weight 0 (Name: layer10_wq:weight, Dim: 2097152): 0.002609 -0.003937 0.021362 0.043701 0.011475 0.006683 0.003235 -0.000254 -0.041260 -0.001938 ... -0.001854 -0.033691 0.012878 -0.006958 0.018433 0.019165 0.008240 0.028809 -0.019775 -0.011353 
  Weight 1 (Name: layer10_wq:loraA, Dim: 8192): 0.010864 0.025391 -0.017700 0.004089 0.007111 -0.011108 -0.001648 0.001831 0.029053 -0.001686 ... -0.004120 -0.019165 -0.009460 0.004456 0.027100 0.045410 -0.030151 -0.048340 0.007080 0.003876 
  Weight 2 (Name: layer10_wq:loraB, Dim: 16384): 0.007629 0.002350 -0.004425 -0.008301 0.013000 0.001480 0.015381 -0.019653 -0.020264 0.002579 ... 0.001839 0.045410 0.000093 -0.016724 -0.006958 0.008240 0.000683 0.003723 0.000874 -0.005524 

Layer: layer10_q_norm (Type: reshaped_rms_norm)
  Weight 0 (Name: layer10_q_norm:gamma, Dim: 128): -0.001762 0.001503 -0.005676 0.001793 0.004364 0.005280 0.000121 -0.006531 -0.015381 -0.003799 ... -0.005768 -0.023193 0.002029 -0.005951 0.008911 -0.010254 -0.014526 -0.018066 0.009460 0.001877 

Layer: layer10_wk (Type: fully_connected)
  Weight 0 (Name: layer10_wk:weight, Dim: 1048576): 0.010132 0.031738 0.006317 0.007507 0.027588 -0.033936 0.027344 -0.013916 0.001595 -0.011780 ... -0.052490 0.017456 0.005127 -0.032227 -0.017212 0.013062 0.000488 0.002625 -0.043457 -0.003281 
  Weight 1 (Name: layer10_wk:loraA, Dim: 8192): -0.021973 0.015137 -0.002502 0.037109 -0.039307 -0.003067 -0.021362 -0.030640 0.001938 0.030762 ... 0.031738 -0.067383 0.096680 -0.024780 0.050049 0.001831 -0.008240 -0.007202 0.068848 -0.025146 
  Weight 2 (Name: layer10_wk:loraB, Dim: 8192): -0.008606 -0.032715 0.016479 -0.000969 0.025146 -0.039062 0.022339 -0.003021 0.026978 0.012756 ... -0.022095 -0.036865 0.031250 0.004761 0.029541 -0.021118 0.059326 -0.000813 -0.009827 -0.001404 

Layer: layer10_k_norm (Type: reshaped_rms_norm)
  Weight 0 (Name: layer10_k_norm:gamma, Dim: 128): 0.005981 -0.007080 -0.021973 0.028931 0.017700 0.027710 -0.008545 -0.020508 0.004456 -0.049072 ... 0.021606 -0.042480 0.024292 0.033936 0.003021 0.047119 0.010559 0.032227 0.047119 -0.015747 

Layer: layer10_wv (Type: fully_connected)
  Weight 0 (Name: layer10_wv:weight, Dim: 1048576): 0.037109 0.008179 -0.036621 0.035645 0.023682 0.008484 -0.010559 -0.009827 0.010864 0.007874 ... -0.069824 0.016235 -0.021973 0.016479 0.009644 0.024048 -0.034424 -0.006226 -0.006134 -0.032959 
  Weight 1 (Name: layer10_wv:loraA, Dim: 8192): 0.009593 -0.047583 -0.007097 -0.009379 0.011587 -0.016113 -0.019535 0.002869 0.010854 -0.027245 ... -0.031740 -0.052726 -0.039823 -0.022762 -0.036971 -0.042626 -0.005405 0.047362 0.028086 -0.007607 
  Weight 2 (Name: layer10_wv:loraB, Dim: 8192): -0.025927 0.001821 -0.020736 0.023506 0.045599 0.024610 -0.049777 -0.023748 -0.014072 0.038112 ... -0.012754 0.037378 0.024927 0.003194 -0.032515 -0.042253 -0.029090 -0.012573 -0.017114 -0.043462 

Layer: layer10_attention (Type: mha_core)

Layer: layer10_attention_out (Type: fully_connected)
  Weight 0 (Name: layer10_attention_out:weight, Dim: 2097152): -0.032227 0.012024 0.044678 0.022339 -0.027100 0.022583 0.009094 -0.035645 0.019653 0.016724 ... 0.043457 0.060303 0.004883 0.001175 -0.007935 -0.026611 0.038574 -0.046875 0.004639 -0.041260 
  Weight 1 (Name: layer10_attention_out:loraA, Dim: 16384): 0.058688 -0.055741 -0.072276 0.019227 -0.058036 0.039602 0.031370 0.031884 0.037356 -0.067377 ... 0.038792 0.034892 -0.006824 0.034748 0.028316 0.039943 -0.001923 0.031029 0.044623 0.013934 
  Weight 2 (Name: layer10_attention_out:loraB, Dim: 8192): -0.041007 -0.012634 -0.019774 0.007726 -0.022086 0.035395 -0.003061 -0.007019 -0.005525 0.016964 ... -0.005032 0.019429 -0.039350 -0.031239 0.025078 -0.014024 0.054570 -0.041180 0.062151 -0.026597 

Layer: layer10_decoder_add (Type: addition)

Layer: layer10_decoder_add/generated_out_0 (Type: multiout)

Layer: layer10_ffn_norm (Type: rms_norm)
  Weight 0 (Name: layer10_ffn_norm:gamma, Dim: 1024): 0.023071 0.042969 -0.015503 0.038574 0.043213 -0.006439 0.021851 0.003555 -0.021118 -0.020508 ... -0.016846 -0.085938 0.064941 -0.002121 0.019165 -0.021973 0.025879 -0.026611 -0.000755 -0.017700 

Layer: layer10_ffn_norm/generated_out_0 (Type: multiout)

Layer: layer10_ffn_up (Type: fully_connected)
  Weight 0 (Name: layer10_ffn_up:weight, Dim: 3145728): -0.012207 -0.006378 0.024902 0.033447 -0.079102 -0.038330 -0.009949 0.008362 -0.003510 -0.016357 ... 0.008423 -0.010620 0.012207 0.012390 0.013489 -0.005005 -0.012817 -0.017822 0.018677 -0.020142 
  Weight 1 (Name: layer10_ffn_up:loraA, Dim: 8192): -0.040283 0.025391 -0.007996 -0.007996 0.028442 -0.000222 0.019897 0.000488 -0.001968 -0.002884 ... 0.014526 0.042480 0.006226 0.041504 -0.001472 -0.007782 0.033203 0.012695 -0.003448 -0.022461 
  Weight 2 (Name: layer10_ffn_up:loraB, Dim: 24576): 0.012512 0.005402 0.011169 0.011719 0.013428 -0.009521 -0.023926 -0.020264 -0.020264 0.025635 ... -0.027832 -0.008423 -0.008606 -0.031738 -0.002274 0.029175 0.015869 -0.044189 0.024536 0.015442 

Layer: layer10_ffn_gate (Type: fully_connected)
  Weight 0 (Name: layer10_ffn_gate:weight, Dim: 3145728): -0.007751 -0.022339 -0.011108 -0.020142 0.022827 -0.004150 0.027100 0.011292 0.003769 -0.042236 ... -0.002625 -0.006348 0.005524 -0.038086 -0.001480 0.042236 0.004883 -0.007263 0.007446 -0.029297 
  Weight 1 (Name: layer10_ffn_gate:loraA, Dim: 8192): -0.015259 -0.002945 0.020508 -0.004700 0.003448 -0.015137 0.009155 -0.031494 -0.033447 0.124512 ... -0.023438 -0.012329 0.001701 -0.014465 -0.002823 -0.001968 -0.036621 0.012634 0.005463 0.019775 
  Weight 2 (Name: layer10_ffn_gate:loraB, Dim: 24576): 0.018799 -0.004150 0.007202 -0.007812 -0.018433 -0.017456 -0.007233 -0.018433 0.000110 0.037109 ... 0.017578 0.020264 -0.006775 -0.004517 0.017456 -0.003616 0.027344 0.013733 0.011963 -0.028198 

Layer: layer10_ffn_swiglu (Type: swiglu)

Layer: layer10_ffn_down (Type: fully_connected)
  Weight 0 (Name: layer10_ffn_down:weight, Dim: 3145728): -0.000599 0.011658 0.029907 0.011108 -0.028931 0.024902 0.013977 -0.014099 0.031006 -0.056396 ... -0.016479 -0.016235 0.021240 0.024048 0.012878 0.047607 0.012207 -0.019531 0.025391 0.000326 
  Weight 1 (Name: layer10_ffn_down:loraA, Dim: 24576): -0.001999 0.021607 -0.044189 0.013123 -0.038330 -0.054932 -0.008972 0.019653 -0.017212 -0.075682 ... -0.025147 -0.088379 0.011229 -0.063961 0.003877 -0.026245 -0.002320 0.007139 0.039553 -0.028078 
  Weight 2 (Name: layer10_ffn_down:loraB, Dim: 8192): -0.007723 -0.011414 0.046631 -0.055909 -0.002474 -0.066405 -0.041993 0.024780 -0.017578 -0.028075 ... 0.023559 -0.002411 -0.041503 0.007387 0.020142 0.014100 0.017091 0.016234 -0.012816 -0.017583 

Layer: layer10_decoder_output (Type: addition)

Layer: layer10_decoder_output/generated_out_0 (Type: multiout)

Layer: layer11_attention_norm (Type: rms_norm)
  Weight 0 (Name: layer11_attention_norm:gamma, Dim: 1024): -0.008484 -0.050781 0.020020 0.033936 0.021484 0.010803 -0.012390 -0.031494 -0.052490 -0.012207 ... -0.033691 -0.000340 0.054932 0.019653 0.031128 -0.027588 0.004761 -0.006287 0.017334 -0.025391 

Layer: layer11_attention_norm/generated_out_0 (Type: multiout)

Layer: layer11_wq (Type: fully_connected)
  Weight 0 (Name: layer11_wq:weight, Dim: 2097152): -0.019897 -0.007782 -0.006836 -0.061279 0.015564 -0.013367 0.024902 -0.036621 0.009277 -0.037109 ... -0.012329 -0.021851 -0.009583 0.014832 0.015991 0.008118 -0.020020 0.006195 0.002808 -0.026367 
  Weight 1 (Name: layer11_wq:loraA, Dim: 8192): -0.001556 0.006714 0.004486 0.016479 -0.024292 -0.016846 0.013672 -0.001480 0.006042 -0.003021 ... -0.011292 0.004486 0.018555 0.008484 -0.046875 -0.004517 0.025391 0.004852 -0.006348 0.027100 
  Weight 2 (Name: layer11_wq:loraB, Dim: 16384): -0.004852 0.022949 -0.000526 0.012939 -0.017700 0.026001 -0.003799 -0.064453 -0.002243 -0.000603 ... -0.006439 0.008057 0.014099 0.007629 -0.017944 -0.018555 0.031006 0.007629 0.008972 0.014038 

Layer: layer11_q_norm (Type: reshaped_rms_norm)
  Weight 0 (Name: layer11_q_norm:gamma, Dim: 128): 0.005951 0.017700 0.000063 0.009033 -0.013489 -0.011963 0.012146 0.021118 -0.043701 0.029419 ... 0.030640 0.006104 -0.011597 -0.001411 -0.017090 0.003403 0.006287 0.029907 -0.041016 -0.023926 

Layer: layer11_wk (Type: fully_connected)
  Weight 0 (Name: layer11_wk:weight, Dim: 1048576): 0.027466 0.005920 0.003067 -0.014160 -0.002487 -0.005402 0.036865 0.000732 0.012695 -0.041016 ... 0.040283 0.005005 -0.012390 -0.012268 0.015869 0.001999 -0.018677 0.007385 0.000507 0.005646 
  Weight 1 (Name: layer11_wk:loraA, Dim: 8192): 0.029907 0.004395 0.025879 0.008179 0.022095 0.030029 -0.000992 0.012573 0.014343 0.009094 ... -0.025269 -0.008728 -0.004913 -0.005432 -0.010864 -0.008423 -0.003830 -0.001419 -0.040771 -0.020386 
  Weight 2 (Name: layer11_wk:loraB, Dim: 8192): -0.013855 -0.002396 -0.002380 -0.003662 -0.001556 0.008118 0.002441 0.036377 -0.006104 -0.007568 ... 0.003204 -0.000124 -0.015015 -0.003738 0.019775 0.005707 0.021729 0.019165 -0.028564 0.004303 

Layer: layer11_k_norm (Type: reshaped_rms_norm)
  Weight 0 (Name: layer11_k_norm:gamma, Dim: 128): -0.019897 0.012451 0.018311 0.036133 -0.023804 0.018555 0.022095 0.024414 -0.005188 -0.013062 ... -0.006683 -0.013489 0.022705 0.003464 0.016846 0.004730 -0.024414 0.017090 0.012756 0.036865 

Layer: layer11_wv (Type: fully_connected)
  Weight 0 (Name: layer11_wv:weight, Dim: 1048576): -0.014099 0.040283 0.059570 0.009094 0.016968 0.020630 -0.010925 0.007721 -0.018311 0.021362 ... 0.019043 -0.005280 -0.007294 0.046143 -0.000418 0.021851 0.013733 -0.009155 -0.008423 -0.003113 
  Weight 1 (Name: layer11_wv:loraA, Dim: 8192): 0.006278 -0.029541 -0.019914 -0.008828 0.020804 -0.032940 -0.022068 -0.047629 0.005281 -0.011720 ... -0.001298 0.003776 0.004568 -0.013062 -0.025795 0.000634 0.031120 0.053750 0.026428 0.020215 
  Weight 2 (Name: layer11_wv:loraB, Dim: 8192): -0.005746 0.012045 0.015866 0.016646 -0.005294 0.057869 -0.009949 -0.015295 -0.039254 0.026410 ... -0.019168 -0.008173 0.022719 0.013934 0.004515 0.038332 0.015770 -0.001484 -0.012744 -0.003157 

Layer: layer11_attention (Type: mha_core)

Layer: layer11_attention_out (Type: fully_connected)
  Weight 0 (Name: layer11_attention_out:weight, Dim: 2097152): -0.017090 -0.007446 0.016724 0.022461 0.005859 0.007019 0.038818 -0.005188 0.033691 0.010559 ... 0.020996 0.059814 -0.001297 0.053467 0.010925 0.022339 0.038330 0.020264 -0.054199 -0.041992 
  Weight 1 (Name: layer11_attention_out:loraA, Dim: 16384): 0.019440 0.002781 0.053413 0.033689 0.054761 0.011992 -0.062426 -0.043017 -0.016783 -0.026411 ... 0.035508 -0.019114 -0.028112 -0.019849 -0.010680 0.108401 -0.023156 0.066931 -0.043787 -0.010137 
  Weight 2 (Name: layer11_attention_out:loraB, Dim: 8192): -0.024084 0.008173 -0.030019 0.025698 -0.083415 0.039976 0.022149 -0.004399 -0.013826 -0.024341 ... 0.008158 -0.004673 -0.038635 0.046984 -0.000738 0.014043 0.022806 -0.040674 -0.011662 0.066698 

Layer: layer11_decoder_add (Type: addition)

Layer: layer11_decoder_add/generated_out_0 (Type: multiout)

Layer: layer11_ffn_norm (Type: rms_norm)
  Weight 0 (Name: layer11_ffn_norm:gamma, Dim: 1024): -0.010925 0.006042 -0.002136 0.014099 -0.041016 -0.030029 0.026123 -0.047363 -0.033691 -0.054443 ... -0.056641 -0.060303 -0.022827 0.029663 0.001274 -0.022095 0.002716 -0.002167 -0.003479 -0.019775 

Layer: layer11_ffn_norm/generated_out_0 (Type: multiout)

Layer: layer11_ffn_up (Type: fully_connected)
  Weight 0 (Name: layer11_ffn_up:weight, Dim: 3145728): 0.000927 -0.004761 0.017334 -0.024902 0.090820 -0.007874 0.000228 -0.032715 0.026611 -0.002579 ... -0.003967 -0.015991 -0.029663 -0.004333 -0.002136 -0.002975 0.028564 0.021362 -0.000218 0.009094 
  Weight 1 (Name: layer11_ffn_up:loraA, Dim: 8192): 0.004974 -0.003525 -0.022217 0.017334 0.028564 0.013428 0.001472 0.030273 0.017212 0.022827 ... 0.021606 -0.010437 0.036865 0.052734 -0.035400 -0.014954 -0.017334 -0.031982 0.001839 -0.032959 
  Weight 2 (Name: layer11_ffn_up:loraB, Dim: 24576): -0.003845 -0.007629 -0.027588 0.002823 0.025513 0.005737 0.032471 -0.007690 -0.002640 0.014526 ... -0.002884 0.041016 -0.005798 0.007141 0.004974 0.019653 -0.004791 -0.001617 -0.001846 0.005157 

Layer: layer11_ffn_gate (Type: fully_connected)
  Weight 0 (Name: layer11_ffn_gate:weight, Dim: 3145728): -0.004364 -0.011658 0.007874 0.005585 -0.011230 -0.012146 0.007660 -0.016235 -0.008118 -0.010559 ... -0.019531 -0.007416 0.003708 0.017944 0.019531 0.023315 0.009460 -0.002533 0.018188 0.021973 
  Weight 1 (Name: layer11_ffn_gate:loraA, Dim: 8192): -0.011719 0.023682 -0.028076 0.043213 -0.024170 0.006104 0.015259 -0.054688 0.028076 -0.026245 ... -0.007477 0.026001 0.001854 -0.022705 -0.022461 0.011292 0.011597 0.000063 0.012939 -0.005035 
  Weight 2 (Name: layer11_ffn_gate:loraB, Dim: 24576): -0.000538 0.027710 0.004578 -0.016479 -0.014282 0.016724 -0.028931 0.013550 -0.051758 0.022949 ... 0.002411 0.014954 0.028809 -0.036865 -0.005524 -0.019287 -0.008911 -0.010620 0.020264 0.011658 

Layer: layer11_ffn_swiglu (Type: swiglu)

Layer: layer11_ffn_down (Type: fully_connected)
  Weight 0 (Name: layer11_ffn_down:weight, Dim: 3145728): 0.036621 -0.029419 0.009094 -0.025757 0.027466 0.017700 0.020630 -0.017944 0.054199 0.036133 ... -0.011475 -0.039795 0.004791 -0.011902 0.034668 -0.087402 -0.023071 -0.027344 -0.015625 0.009949 
  Weight 1 (Name: layer11_ffn_down:loraA, Dim: 24576): 0.024658 -0.004212 0.036133 0.022705 -0.014771 0.002244 -0.024658 -0.026244 0.032959 0.021241 ... -0.016117 0.014094 -0.037353 -0.029055 0.002031 -0.049315 0.024048 0.035894 0.011111 0.001942 
  Weight 2 (Name: layer11_ffn_down:loraB, Dim: 8192): 0.018682 0.014892 -0.018432 -0.006771 -0.036127 0.045407 -0.032711 0.000519 0.011534 0.031247 ... -0.012207 0.000081 -0.000992 -0.012940 -0.005097 0.003876 -0.004700 -0.023315 -0.012696 -0.039550 

Layer: layer11_decoder_output (Type: addition)

Layer: layer11_decoder_output/generated_out_0 (Type: multiout)

Layer: layer12_attention_norm (Type: rms_norm)
  Weight 0 (Name: layer12_attention_norm:gamma, Dim: 1024): -0.074707 0.003387 -0.069824 0.024658 0.014282 -0.024902 0.029297 0.010254 0.061035 -0.040283 ... 0.018433 0.007935 0.027710 0.002518 0.009338 0.006866 0.005829 0.014343 -0.023438 -0.036133 

Layer: layer12_attention_norm/generated_out_0 (Type: multiout)

Layer: layer12_wq (Type: fully_connected)
  Weight 0 (Name: layer12_wq:weight, Dim: 2097152): 0.002151 -0.050049 -0.000389 -0.002045 -0.013123 -0.066895 -0.030518 -0.005219 0.005493 -0.067383 ... -0.004578 -0.007599 -0.000007 0.021240 -0.012207 -0.055664 0.013489 0.017578 -0.006348 0.013611 
  Weight 1 (Name: layer12_wq:loraA, Dim: 8192): -0.012085 -0.029053 -0.013306 -0.025513 -0.000938 -0.003555 -0.004852 0.031250 -0.013306 0.010864 ... 0.023560 0.000992 0.010864 -0.003372 -0.018799 0.051270 -0.006104 -0.013733 0.017700 0.009949 
  Weight 2 (Name: layer12_wq:loraB, Dim: 16384): 0.016724 -0.052979 -0.003021 -0.026123 0.053223 -0.008301 0.003906 0.020874 0.046387 0.012939 ... -0.021851 -0.000481 0.010864 -0.014343 -0.016968 0.027832 -0.025879 -0.025269 -0.001701 -0.006958 

Layer: layer12_q_norm (Type: reshaped_rms_norm)
  Weight 0 (Name: layer12_q_norm:gamma, Dim: 128): -0.003326 0.004883 0.016724 -0.011475 0.005524 -0.002151 -0.007355 0.056396 0.031738 -0.007599 ... -0.006531 -0.029175 -0.005463 0.025513 -0.021973 -0.031494 0.015503 -0.028687 -0.021240 0.033936 

Layer: layer12_wk (Type: fully_connected)
  Weight 0 (Name: layer12_wk:weight, Dim: 1048576): 0.066406 -0.001686 0.019531 -0.015564 0.010681 0.004791 0.013611 -0.025146 -0.003723 0.027588 ... -0.014832 0.036133 0.021118 -0.022339 -0.014893 -0.025391 -0.032959 0.019409 -0.006531 0.002869 
  Weight 1 (Name: layer12_wk:loraA, Dim: 8192): -0.048828 0.041748 0.031006 0.015198 -0.008850 0.000393 -0.001625 -0.022095 -0.010986 0.007660 ... -0.015747 0.010681 0.007599 -0.005676 -0.002869 0.044189 -0.008972 0.018066 -0.008484 -0.015137 
  Weight 2 (Name: layer12_wk:loraB, Dim: 8192): 0.008667 -0.020020 -0.013855 -0.002808 -0.014099 0.009766 0.006195 0.002655 -0.012085 0.016113 ... 0.038818 -0.031982 0.025024 0.016357 0.014709 -0.021729 -0.021973 0.022095 0.031738 -0.002960 

Layer: layer12_k_norm (Type: reshaped_rms_norm)
  Weight 0 (Name: layer12_k_norm:gamma, Dim: 128): -0.043701 0.003525 -0.018188 -0.002243 0.012207 0.023315 -0.005066 -0.014893 0.012207 0.004547 ... 0.019287 -0.030273 0.026733 0.011230 -0.020508 -0.033691 -0.020264 0.012085 0.049561 0.016113 

Layer: layer12_wv (Type: fully_connected)
  Weight 0 (Name: layer12_wv:weight, Dim: 1048576): -0.010010 0.034668 0.013245 -0.026489 -0.006073 0.009888 -0.019043 -0.003036 0.020874 -0.032959 ... 0.005310 0.018066 0.008118 0.033691 -0.070801 0.041992 0.022095 -0.017944 -0.017822 -0.031128 
  Weight 1 (Name: layer12_wv:loraA, Dim: 8192): -0.062755 0.016751 0.051305 -0.054311 -0.024297 -0.028337 -0.012564 0.020203 0.001937 0.022231 ... -0.001612 -0.014269 0.005473 0.013306 -0.027581 -0.034231 -0.038822 0.027513 -0.037005 0.003118 
  Weight 2 (Name: layer12_wv:loraB, Dim: 8192): 0.049268 0.013208 -0.033733 0.026024 -0.003212 -0.018957 0.008624 0.029080 -0.044742 0.028012 ... 0.003314 0.058427 -0.001058 0.028543 -0.018857 -0.015975 -0.024630 -0.005876 0.015448 -0.026036 

Layer: layer12_attention (Type: mha_core)

Layer: layer12_attention_out (Type: fully_connected)
  Weight 0 (Name: layer12_attention_out:weight, Dim: 2097152): 0.065430 0.020142 0.019165 0.053223 0.027588 -0.025146 0.011353 0.017944 -0.003860 0.001915 ... -0.010193 0.003891 0.008789 0.025513 0.026245 0.081543 0.043213 0.006622 -0.015076 -0.030029 
  Weight 1 (Name: layer12_attention_out:loraA, Dim: 16384): 0.026516 0.026002 -0.031302 0.009494 0.002443 -0.070445 0.015587 0.014482 -0.054218 0.022094 ... -0.017394 -0.017166 -0.066416 -0.003418 -0.007152 0.083972 0.062494 0.044734 0.000682 0.077055 
  Weight 2 (Name: layer12_attention_out:loraB, Dim: 8192): 0.040712 -0.099605 0.030257 0.018619 0.050458 -0.002613 -0.008540 0.041996 -0.056122 -0.015329 ... 0.060310 -0.029784 -0.000409 -0.050795 -0.020516 -0.059577 -0.051771 0.003289 0.038807 0.015059 

Layer: layer12_decoder_add (Type: addition)

Layer: layer12_decoder_add/generated_out_0 (Type: multiout)

Layer: layer12_ffn_norm (Type: rms_norm)
  Weight 0 (Name: layer12_ffn_norm:gamma, Dim: 1024): -0.014282 0.024658 0.012451 0.012024 -0.009827 0.079590 0.047363 0.015259 0.021484 -0.038818 ... -0.030518 0.014282 0.105957 -0.042480 0.045166 0.017700 -0.091309 -0.051758 -0.042969 0.002274 

Layer: layer12_ffn_norm/generated_out_0 (Type: multiout)

Layer: layer12_ffn_up (Type: fully_connected)
  Weight 0 (Name: layer12_ffn_up:weight, Dim: 3145728): 0.041748 -0.019043 0.002930 -0.007233 0.096191 -0.024170 0.069824 0.009644 -0.014099 0.026611 ... -0.008057 -0.032471 0.037842 0.000351 -0.028198 0.035645 0.043701 0.007263 -0.011780 -0.032715 
  Weight 1 (Name: layer12_ffn_up:loraA, Dim: 8192): 0.006866 -0.015869 -0.062012 -0.018677 0.006500 0.004181 -0.002945 0.005463 -0.017334 0.010803 ... -0.003387 0.019531 0.012939 -0.009827 0.000629 -0.052979 0.011475 -0.015076 0.049316 -0.022949 
  Weight 2 (Name: layer12_ffn_up:loraB, Dim: 24576): -0.006134 0.011841 0.038086 0.028687 -0.059814 -0.033447 0.002747 -0.030762 -0.033691 0.017090 ... 0.049072 -0.010254 0.011719 0.028442 -0.027954 -0.017944 -0.000854 0.000774 0.044678 -0.008484 

Layer: layer12_ffn_gate (Type: fully_connected)
  Weight 0 (Name: layer12_ffn_gate:weight, Dim: 3145728): -0.032471 0.025635 0.016113 0.013672 0.024048 -0.017700 0.017456 0.031738 -0.040771 0.020142 ... 0.030029 0.013123 0.034424 0.004791 0.002930 0.013062 -0.001411 0.016113 0.021973 0.000702 
  Weight 1 (Name: layer12_ffn_gate:loraA, Dim: 8192): 0.002914 0.012939 -0.030273 -0.014160 -0.026978 -0.009155 -0.018066 0.008911 0.010986 0.003174 ... -0.007690 0.006531 -0.030396 0.059082 0.037598 -0.023682 -0.016846 -0.004730 0.018921 0.028809 
  Weight 2 (Name: layer12_ffn_gate:loraB, Dim: 24576): -0.001923 -0.010193 0.032959 -0.000629 0.006531 -0.003250 -0.019409 0.003937 0.013977 -0.003647 ... -0.028564 -0.033936 -0.010925 -0.030762 -0.034668 -0.029663 -0.017822 -0.007629 0.013306 -0.015747 

Layer: layer12_ffn_swiglu (Type: swiglu)

Layer: layer12_ffn_down (Type: fully_connected)
  Weight 0 (Name: layer12_ffn_down:weight, Dim: 3145728): -0.011658 -0.016235 0.004730 0.010132 -0.028564 0.011353 0.007690 -0.008972 -0.026489 0.005310 ... 0.041016 0.030884 -0.013550 -0.003830 0.071777 -0.009583 0.002792 0.064941 -0.036133 -0.028320 
  Weight 1 (Name: layer12_ffn_down:loraA, Dim: 24576): -0.009521 -0.031128 0.034670 0.056638 -0.037104 -0.008432 0.033445 0.003972 -0.017456 -0.031982 ... -0.034910 -0.004279 -0.009094 0.031250 -0.031737 0.005735 0.017216 -0.019782 0.031981 0.060551 
  Weight 2 (Name: layer12_ffn_down:loraB, Dim: 8192): -0.028932 0.010132 0.054931 0.012572 -0.011904 -0.030150 0.025267 -0.026977 -0.029052 -0.019774 ... 0.006465 -0.009278 0.008242 -0.024651 0.069340 0.016116 0.038337 -0.042729 -0.004786 0.035866 

Layer: layer12_decoder_output (Type: addition)

Layer: layer12_decoder_output/generated_out_0 (Type: multiout)

Layer: layer13_attention_norm (Type: rms_norm)
  Weight 0 (Name: layer13_attention_norm:gamma, Dim: 1024): 0.006256 -0.002609 0.001984 -0.000629 0.002335 -0.004456 0.014099 0.009644 -0.043945 0.001007 ... 0.033203 -0.007721 0.032715 -0.015198 -0.071777 0.006683 -0.023071 0.020630 0.046631 -0.029785 

Layer: layer13_attention_norm/generated_out_0 (Type: multiout)

Layer: layer13_wq (Type: fully_connected)
  Weight 0 (Name: layer13_wq:weight, Dim: 2097152): 0.019531 0.004456 0.026978 0.041748 -0.004730 0.002533 -0.055664 0.015503 0.024536 -0.003143 ... 0.005676 0.011475 0.000690 0.004333 -0.014160 -0.009949 -0.014832 -0.015869 0.009888 -0.005493 
  Weight 1 (Name: layer13_wq:loraA, Dim: 8192): 0.004456 0.000366 -0.009521 0.018188 -0.012939 -0.011230 0.004547 -0.027832 0.004639 -0.010559 ... 0.006714 0.018066 -0.001495 -0.001968 -0.004639 -0.053711 -0.003189 0.034424 -0.003418 -0.014526 
  Weight 2 (Name: layer13_wq:loraB, Dim: 16384): 0.000100 0.017456 -0.006165 0.015564 0.001106 -0.000496 0.005615 -0.032959 -0.022583 -0.008667 ... 0.004852 0.008667 -0.011658 0.018066 -0.025269 -0.053711 0.007599 -0.035400 -0.008423 -0.010254 

Layer: layer13_q_norm (Type: reshaped_rms_norm)
  Weight 0 (Name: layer13_q_norm:gamma, Dim: 128): 0.005951 -0.019897 -0.006836 -0.012634 0.004791 0.001640 0.009766 0.021362 -0.011292 -0.010315 ... -0.027222 -0.024414 0.000626 0.010864 0.021484 -0.020630 -0.003189 -0.018799 -0.011963 0.018799 

Layer: layer13_wk (Type: fully_connected)
  Weight 0 (Name: layer13_wk:weight, Dim: 1048576): -0.030029 0.023926 0.017822 -0.007294 -0.004761 -0.008301 0.026001 0.012207 -0.006653 -0.004272 ... -0.026001 0.029297 -0.026978 0.015869 -0.009766 -0.001770 -0.050049 0.013062 0.021729 0.036377 
  Weight 1 (Name: layer13_wk:loraA, Dim: 8192): -0.040771 0.025513 -0.008728 0.062012 0.018433 -0.008850 -0.012695 -0.019653 -0.030396 0.011536 ... -0.043213 0.034668 0.009399 0.016846 -0.033691 -0.005920 -0.004913 -0.004303 0.007782 -0.001625 
  Weight 2 (Name: layer13_wk:loraB, Dim: 8192): -0.020264 0.001312 0.005951 0.006531 -0.030640 -0.018799 0.002975 0.035400 0.007599 -0.004974 ... 0.059082 0.043457 0.007996 -0.037842 -0.042969 -0.040283 -0.003082 0.030151 0.040283 0.035645 

Layer: layer13_k_norm (Type: reshaped_rms_norm)
  Weight 0 (Name: layer13_k_norm:gamma, Dim: 128): 0.026733 0.035400 -0.034424 0.068848 -0.027222 -0.011658 0.031494 0.007874 -0.005920 0.013367 ... -0.037598 -0.015137 0.030396 -0.016846 0.022461 0.020630 -0.035156 -0.018188 -0.014099 0.016357 

Layer: layer13_wv (Type: fully_connected)
  Weight 0 (Name: layer13_wv:weight, Dim: 1048576): 0.027344 0.041748 0.021973 -0.010986 -0.005066 -0.025024 -0.034180 0.013672 -0.016357 -0.033203 ... 0.015076 0.013733 -0.000896 -0.046143 -0.009094 -0.015747 0.028809 0.027100 0.071289 0.005554 
  Weight 1 (Name: layer13_wv:loraA, Dim: 8192): -0.009656 -0.018440 0.001911 0.018926 -0.013203 -0.025897 0.017140 0.008939 0.030888 -0.001020 ... -0.010084 -0.047219 -0.009169 0.010341 0.066723 -0.015217 0.036448 0.002980 0.009484 0.009243 
  Weight 2 (Name: layer13_wv:loraB, Dim: 8192): 0.015887 0.021782 -0.012159 0.008753 0.016713 -0.016421 0.002400 -0.017450 -0.072371 -0.027000 ... -0.016783 0.000889 0.031656 0.007106 0.019309 0.044969 0.020823 -0.050253 -0.000197 -0.014735 

Layer: layer13_attention (Type: mha_core)

Layer: layer13_attention_out (Type: fully_connected)
  Weight 0 (Name: layer13_attention_out:weight, Dim: 2097152): 0.011719 -0.014526 -0.020142 -0.045166 0.002304 0.038574 0.020996 0.017456 0.009216 -0.010010 ... -0.033447 0.035400 0.003937 0.004364 -0.113770 -0.070801 -0.026855 0.017334 0.042236 0.027222 
  Weight 1 (Name: layer13_attention_out:loraA, Dim: 16384): -0.008339 0.005908 -0.047503 0.049061 -0.061638 0.025764 -0.015652 -0.012834 0.065902 0.067932 ... -0.085376 -0.036127 0.060293 -0.033171 0.018098 -0.031171 0.005030 -0.013180 -0.001319 -0.023311 
  Weight 2 (Name: layer13_attention_out:loraB, Dim: 8192): 0.019489 -0.052252 0.050804 -0.068281 0.006360 -0.012286 0.026073 0.046624 0.005275 0.000760 ... 0.018489 -0.000155 -0.012369 -0.012542 -0.025328 0.026454 -0.030368 0.005681 0.054857 -0.020532 

Layer: layer13_decoder_add (Type: addition)

Layer: layer13_decoder_add/generated_out_0 (Type: multiout)

Layer: layer13_ffn_norm (Type: rms_norm)
  Weight 0 (Name: layer13_ffn_norm:gamma, Dim: 1024): -0.004333 -0.037842 -0.010010 0.046387 0.033203 0.044189 0.000694 0.024292 0.027222 -0.043701 ... 0.025513 -0.004700 0.047363 0.031494 0.072266 -0.017822 0.005157 0.001373 0.020020 -0.052734 

Layer: layer13_ffn_norm/generated_out_0 (Type: multiout)

Layer: layer13_ffn_up (Type: fully_connected)
  Weight 0 (Name: layer13_ffn_up:weight, Dim: 3145728): -0.015320 -0.023560 -0.057373 -0.083496 0.006348 0.006958 0.043701 0.070801 -0.051025 0.058105 ... 0.028687 -0.006927 0.035645 0.000832 0.020020 -0.020508 0.025635 0.026489 -0.016113 0.013611 
  Weight 1 (Name: layer13_ffn_up:loraA, Dim: 8192): 0.019287 -0.033691 0.042236 -0.040039 -0.038574 -0.056641 0.015381 -0.022583 -0.033447 -0.008850 ... 0.028931 -0.023193 -0.002274 0.011902 -0.012146 0.002197 0.013916 0.021728 0.005035 0.012695 
  Weight 2 (Name: layer13_ffn_up:loraB, Dim: 24576): -0.008484 0.042725 0.011169 0.030029 0.015198 0.034180 0.020142 0.038574 0.008484 -0.007874 ... -0.005157 0.014954 0.018066 -0.004272 -0.051270 0.000353 0.014404 -0.041260 0.027222 0.034668 

Layer: layer13_ffn_gate (Type: fully_connected)
  Weight 0 (Name: layer13_ffn_gate:weight, Dim: 3145728): 0.006775 -0.003937 -0.021118 -0.018433 0.010559 -0.018921 -0.020874 -0.048828 0.020020 -0.012268 ... -0.030151 -0.019409 -0.052490 0.046875 -0.062256 -0.025513 0.032715 -0.015015 0.031738 0.023438 
  Weight 1 (Name: layer13_ffn_gate:loraA, Dim: 8192): -0.006073 0.000832 0.006897 0.004059 0.020630 0.018311 -0.000965 0.017700 -0.016235 0.007599 ... 0.000288 -0.010254 0.021118 -0.010071 -0.055908 0.067871 -0.025024 0.039795 -0.010010 0.001999 
  Weight 2 (Name: layer13_ffn_gate:loraB, Dim: 24576): -0.017700 -0.000252 -0.025391 -0.055176 0.043457 0.048096 0.030396 -0.007935 -0.029785 -0.053467 ... 0.022705 -0.015747 -0.053467 0.045166 0.001167 -0.010254 0.001358 -0.039062 -0.010193 0.024780 

Layer: layer13_ffn_swiglu (Type: swiglu)

Layer: layer13_ffn_down (Type: fully_connected)
  Weight 0 (Name: layer13_ffn_down:weight, Dim: 3145728): -0.003967 -0.012756 -0.006012 -0.035400 -0.002899 -0.028198 0.003021 0.015747 0.021851 -0.006836 ... 0.009338 0.010742 -0.002182 0.061523 -0.003448 -0.057617 -0.004913 0.016357 -0.002319 0.005493 
  Weight 1 (Name: layer13_ffn_down:loraA, Dim: 24576): 0.006500 -0.016846 0.003753 0.000790 -0.031982 0.001785 -0.000752 0.009949 0.045167 0.009278 ... 0.007996 -0.025757 0.006501 0.029419 -0.010132 0.048584 -0.017822 0.014710 -0.009582 0.014160 
  Weight 2 (Name: layer13_ffn_down:loraB, Dim: 8192): 0.003097 -0.004456 0.006165 0.004242 -0.052979 0.006226 0.019287 0.014954 0.022705 0.012879 ... 0.013612 -0.005065 0.009765 -0.001040 -0.012758 0.012755 0.012265 0.032473 -0.000719 -0.023184 

Layer: layer13_decoder_output (Type: addition)

Layer: layer13_decoder_output/generated_out_0 (Type: multiout)

Layer: layer14_attention_norm (Type: rms_norm)
  Weight 0 (Name: layer14_attention_norm:gamma, Dim: 1024): -0.013000 -0.001732 -0.009583 -0.025879 0.019165 0.001602 0.020874 0.030640 -0.011719 0.006866 ... 0.000942 -0.031128 0.001236 0.036377 0.004089 0.006195 0.032959 0.009277 -0.021484 0.001411 

Layer: layer14_attention_norm/generated_out_0 (Type: multiout)

Layer: layer14_wq (Type: fully_connected)
  Weight 0 (Name: layer14_wq:weight, Dim: 2097152): 0.000698 0.000477 -0.002441 0.002167 -0.032227 0.002350 0.003906 -0.058838 0.038086 0.003891 ... -0.012939 0.025513 -0.033203 0.032959 0.009094 0.020630 -0.016479 -0.031738 -0.022095 -0.009338 
  Weight 1 (Name: layer14_wq:loraA, Dim: 8192): -0.005615 -0.004303 -0.018799 0.013489 -0.017944 -0.009827 0.008240 -0.007782 -0.002090 0.009338 ... -0.006958 0.014648 -0.004333 0.010803 0.006927 -0.000477 -0.006531 -0.000051 -0.001411 0.003372 
  Weight 2 (Name: layer14_wq:loraB, Dim: 16384): 0.009583 0.004669 0.000843 -0.013428 0.026001 0.009949 0.029541 -0.041016 0.009277 -0.026733 ... -0.004242 0.005890 0.026245 0.016479 -0.009277 0.011292 -0.025879 -0.001709 0.037598 0.000618 

Layer: layer14_q_norm (Type: reshaped_rms_norm)
  Weight 0 (Name: layer14_q_norm:gamma, Dim: 128): -0.015869 0.001930 -0.013550 -0.010132 0.023315 -0.034668 -0.002518 0.041748 0.009521 0.000999 ... 0.000444 -0.030151 0.028442 0.009399 -0.018433 0.000035 0.010071 -0.015259 0.003403 0.009399 

Layer: layer14_wk (Type: fully_connected)
  Weight 0 (Name: layer14_wk:weight, Dim: 1048576): 0.002228 0.004578 -0.001167 -0.027832 0.019165 0.002182 0.014771 0.009521 -0.002975 -0.000751 ... -0.052002 0.013611 -0.028442 -0.019043 -0.014587 -0.010254 0.014709 -0.000851 -0.013977 0.013184 
  Weight 1 (Name: layer14_wk:loraA, Dim: 8192): 0.010315 -0.012268 -0.083496 0.043945 0.003357 0.031128 0.005798 0.019653 0.010254 0.004761 ... 0.012939 -0.000201 -0.037109 -0.000127 0.013245 -0.026001 0.010742 0.030884 0.013062 0.030518 
  Weight 2 (Name: layer14_wk:loraB, Dim: 8192): -0.007874 -0.008057 0.047607 0.010620 0.043701 -0.005890 -0.043213 0.013672 0.017090 -0.005615 ... 0.040039 0.009521 0.016479 0.025879 0.001541 -0.023804 -0.001289 -0.020752 0.045898 0.035156 

Layer: layer14_k_norm (Type: reshaped_rms_norm)
  Weight 0 (Name: layer14_k_norm:gamma, Dim: 128): -0.015625 -0.003784 0.020020 -0.004883 0.033936 -0.023315 -0.013611 -0.026855 0.001038 0.010925 ... 0.015381 -0.014587 0.006989 0.008240 0.031006 0.005402 0.002930 -0.005157 -0.008179 0.020264 

Layer: layer14_wv (Type: fully_connected)
  Weight 0 (Name: layer14_wv:weight, Dim: 1048576): 0.023193 -0.023804 0.020020 -0.031738 0.006439 0.012268 -0.005798 0.028198 -0.023438 -0.021851 ... 0.033691 0.034668 -0.032227 0.059326 0.042480 -0.022339 -0.007599 -0.005219 -0.010132 0.011658 
  Weight 1 (Name: layer14_wv:loraA, Dim: 8192): 0.035438 -0.023440 -0.011830 -0.009640 -0.022551 -0.070813 0.032727 -0.020205 0.041020 0.011291 ... -0.006115 -0.042392 0.058101 0.031006 -0.064942 -0.010620 -0.006778 0.008729 -0.016725 0.010187 
  Weight 2 (Name: layer14_wv:loraB, Dim: 8192): 0.003348 -0.026372 -0.001318 0.010684 -0.020399 -0.013700 0.038173 -0.022795 -0.037127 -0.009966 ... -0.049018 0.006823 -0.019569 -0.029035 0.010557 0.010104 0.011198 -0.013821 0.001437 -0.016197 

Layer: layer14_attention (Type: mha_core)

Layer: layer14_attention_out (Type: fully_connected)
  Weight 0 (Name: layer14_attention_out:weight, Dim: 2097152): -0.005127 -0.010925 0.005524 0.006775 -0.021729 0.015137 0.002136 0.022705 -0.011047 -0.013428 ... 0.014099 0.032959 -0.023682 -0.005127 -0.011658 0.042969 0.039551 0.005737 0.015869 0.009949 
  Weight 1 (Name: layer14_attention_out:loraA, Dim: 16384): 0.009771 -0.098595 0.020964 0.049514 0.053234 -0.017695 -0.006418 0.005818 -0.058836 0.034436 ... -0.038809 -0.007485 -0.036862 0.021265 0.041972 0.027680 -0.007226 0.020755 -0.016954 -0.051970 
  Weight 2 (Name: layer14_attention_out:loraB, Dim: 8192): -0.019936 -0.019529 -0.014537 -0.016397 0.031077 -0.059291 -0.003167 0.016246 -0.012071 0.053742 ... -0.013119 0.020559 0.030600 -0.000214 -0.010189 -0.033134 -0.013257 0.009385 0.024924 -0.054293 

Layer: layer14_decoder_add (Type: addition)

Layer: layer14_decoder_add/generated_out_0 (Type: multiout)

Layer: layer14_ffn_norm (Type: rms_norm)
  Weight 0 (Name: layer14_ffn_norm:gamma, Dim: 1024): 0.015503 -0.072754 0.016724 -0.070801 0.076172 -0.028687 0.000288 -0.008667 0.037598 -0.008118 ... 0.009949 -0.060547 -0.007355 -0.023682 0.003387 -0.029053 -0.003662 -0.012817 0.012146 0.048340 

Layer: layer14_ffn_norm/generated_out_0 (Type: multiout)

Layer: layer14_ffn_up (Type: fully_connected)
  Weight 0 (Name: layer14_ffn_up:weight, Dim: 3145728): 0.019043 -0.006104 -0.035156 0.003265 -0.014099 -0.037354 0.015015 -0.029541 -0.003036 -0.067383 ... -0.041992 0.049561 -0.026489 0.001839 -0.042969 -0.026123 0.025879 -0.030151 0.022339 0.014709 
  Weight 1 (Name: layer14_ffn_up:loraA, Dim: 8192): -0.033447 0.029297 -0.011414 -0.047852 0.017944 -0.013733 -0.026856 -0.023438 0.011963 0.051758 ... 0.001381 -0.004517 0.015503 0.031128 0.031128 -0.031250 0.034180 0.003387 -0.029175 -0.031738 
  Weight 2 (Name: layer14_ffn_up:loraB, Dim: 24576): -0.008179 0.026611 -0.000028 0.002380 -0.036621 0.015747 -0.007019 0.021973 -0.003113 -0.019653 ... -0.005310 -0.048096 -0.045898 -0.004639 0.013550 0.068848 -0.014282 -0.072754 -0.005310 -0.015137 

Layer: layer14_ffn_gate (Type: fully_connected)
  Weight 0 (Name: layer14_ffn_gate:weight, Dim: 3145728): 0.014771 -0.047607 -0.002289 0.025269 -0.020020 -0.007507 -0.030029 -0.012146 -0.033936 -0.000832 ... 0.001579 0.184570 0.010010 -0.047363 0.021606 -0.017090 0.001358 0.033447 0.020020 -0.030273 
  Weight 1 (Name: layer14_ffn_gate:loraA, Dim: 8192): 0.011841 0.022095 0.005219 0.012024 0.011719 -0.012268 0.007935 0.019409 0.022827 -0.002045 ... -0.028564 -0.006042 0.005432 0.013062 0.056152 0.005096 0.016113 0.040527 0.048828 -0.003067 
  Weight 2 (Name: layer14_ffn_gate:loraB, Dim: 24576): 0.010925 0.014221 -0.008850 0.032471 0.019531 0.022461 0.003021 -0.024048 -0.008911 -0.006439 ... -0.006897 -0.096680 0.007111 0.023438 -0.034424 0.013062 -0.014709 0.008240 -0.015991 -0.009521 

Layer: layer14_ffn_swiglu (Type: swiglu)

Layer: layer14_ffn_down (Type: fully_connected)
  Weight 0 (Name: layer14_ffn_down:weight, Dim: 3145728): -0.004730 0.027710 -0.005157 0.008362 0.026611 -0.028442 -0.023071 0.009094 -0.037109 -0.023438 ... 0.063965 -0.007019 0.075684 0.003677 -0.004486 -0.020508 -0.009460 0.013062 -0.089355 0.014099 
  Weight 1 (Name: layer14_ffn_down:loraA, Dim: 24576): -0.091791 -0.012267 0.027587 -0.025395 0.004244 0.057369 -0.023557 -0.001024 -0.000526 0.120117 ... 0.037111 0.022704 0.087402 0.014893 0.005524 0.004700 -0.003479 0.003525 0.086426 -0.007446 
  Weight 2 (Name: layer14_ffn_down:loraB, Dim: 8192): -0.153320 -0.005554 -0.128906 -0.010864 -0.004516 0.022216 0.021119 0.008911 -0.010559 0.124999 ... 0.050780 0.006713 0.022096 -0.002363 0.009401 -0.000590 0.007937 -0.001512 0.039553 0.000137 

Layer: layer14_decoder_output (Type: addition)

Layer: layer14_decoder_output/generated_out_0 (Type: multiout)

Layer: layer15_attention_norm (Type: rms_norm)
  Weight 0 (Name: layer15_attention_norm:gamma, Dim: 1024): -0.067871 -0.003159 -0.026123 -0.066895 -0.000885 0.003113 -0.004181 0.007874 -0.007019 0.055908 ... -0.081543 -0.002502 -0.122070 -0.044922 0.010132 0.019653 -0.010681 0.012207 0.039062 0.008362 

Layer: layer15_attention_norm/generated_out_0 (Type: multiout)

Layer: layer15_wq (Type: fully_connected)
  Weight 0 (Name: layer15_wq:weight, Dim: 2097152): 0.087402 0.003937 -0.120117 0.060791 0.022827 0.003601 -0.023804 0.009155 0.004761 0.174805 ... 0.019653 0.006683 0.013367 0.059326 0.002960 -0.043945 -0.026123 -0.013245 -0.024170 -0.011841 
  Weight 1 (Name: layer15_wq:loraA, Dim: 8192): 0.002609 0.017700 -0.002975 0.050049 0.024292 0.029663 0.030273 -0.032227 -0.001419 0.025879 ... 0.003555 -0.024536 0.001999 -0.024536 0.021484 -0.022461 -0.026489 -0.025269 0.031494 0.018799 
  Weight 2 (Name: layer15_wq:loraB, Dim: 16384): -0.019043 -0.002975 -0.009338 -0.000858 -0.050049 0.006409 0.029053 -0.017456 -0.022095 -0.001915 ... -0.051758 -0.005493 -0.027588 -0.033691 0.031494 0.009277 -0.022461 0.011780 0.010864 -0.000763 

Layer: layer15_q_norm (Type: reshaped_rms_norm)
  Weight 0 (Name: layer15_q_norm:gamma, Dim: 128): 0.001678 -0.012024 -0.055420 -0.006042 0.033447 0.010132 0.015747 0.013672 -0.010376 -0.000717 ... 0.011108 0.013367 -0.045410 -0.003586 -0.019775 0.008057 -0.010681 0.069824 0.008789 -0.003357 

Layer: layer15_wk (Type: fully_connected)
  Weight 0 (Name: layer15_wk:weight, Dim: 1048576): -0.020386 0.015564 -0.014587 -0.047852 0.010864 0.026367 -0.004150 -0.015747 -0.024170 -0.037598 ... 0.021362 -0.002548 -0.016479 0.007111 0.021973 -0.010193 -0.028931 0.013550 0.030884 -0.007294 
  Weight 1 (Name: layer15_wk:loraA, Dim: 8192): 0.014771 -0.042969 -0.028076 0.006195 0.014648 0.031494 -0.025269 0.018433 -0.009155 -0.042236 ... -0.001587 0.012390 -0.021484 -0.026123 0.027710 -0.034424 0.019531 -0.000744 -0.000414 0.017090 
  Weight 2 (Name: layer15_wk:loraB, Dim: 8192): -0.023804 -0.037598 0.019775 -0.042969 0.010193 -0.036377 0.042236 -0.010376 0.009155 -0.004303 ... 0.031128 0.001205 0.028198 0.023193 0.022583 -0.000698 -0.022583 -0.004089 -0.021973 0.031250 

Layer: layer15_k_norm (Type: reshaped_rms_norm)
  Weight 0 (Name: layer15_k_norm:gamma, Dim: 128): -0.010864 0.009766 0.010864 -0.013916 -0.020264 0.004272 -0.012451 0.054932 0.045410 0.014893 ... -0.039062 0.020142 -0.000641 -0.059814 -0.009644 0.049316 -0.024902 -0.008667 0.028931 -0.012878 

Layer: layer15_wv (Type: fully_connected)
  Weight 0 (Name: layer15_wv:weight, Dim: 1048576): -0.005463 0.039307 0.019531 -0.014893 -0.011841 0.004578 -0.006622 0.007568 0.024902 -0.031738 ... 0.014099 -0.011536 0.018311 -0.033691 0.038086 -0.019653 -0.009766 0.039307 0.007446 0.014709 
  Weight 1 (Name: layer15_wv:loraA, Dim: 8192): 0.023486 0.021374 -0.034403 -0.000639 -0.000096 -0.048955 -0.015751 -0.028654 0.016978 -0.014592 ... -0.038499 0.048235 -0.015776 0.081068 -0.004793 -0.023917 0.070816 0.045882 -0.004928 0.007175 
  Weight 2 (Name: layer15_wv:loraB, Dim: 8192): 0.021909 -0.010118 0.011670 0.017398 -0.014617 0.044909 -0.050562 0.020103 0.036367 -0.006073 ... 0.013681 -0.047568 -0.001234 0.007697 0.001081 0.022123 -0.011398 -0.022088 -0.024018 -0.001986 

Layer: layer15_attention (Type: mha_core)

Layer: layer15_attention_out (Type: fully_connected)
  Weight 0 (Name: layer15_attention_out:weight, Dim: 2097152): -0.036133 0.023315 0.018677 0.010681 -0.004303 -0.040039 -0.017822 -0.001083 0.013733 0.004700 ... 0.018188 0.020996 0.012756 0.033203 0.000021 -0.020508 0.016968 0.008789 0.018433 0.025146 
  Weight 1 (Name: layer15_attention_out:loraA, Dim: 16384): 0.050955 -0.003914 -0.008730 -0.002043 -0.013272 -0.004400 -0.059615 -0.011008 0.047173 -0.019815 ... -0.004032 0.037537 -0.013694 -0.040756 0.017375 0.004506 -0.083553 -0.008981 -0.038590 -0.015041 
  Weight 2 (Name: layer15_attention_out:loraB, Dim: 8192): -0.002981 -0.028199 0.001494 0.016109 0.004542 0.017947 -0.006932 0.019898 0.038575 -0.067868 ... -0.001786 0.034455 -0.036391 -0.025838 0.002366 -0.020906 -0.010522 -0.041194 -0.006015 0.014315 

Layer: layer15_decoder_add (Type: addition)

Layer: layer15_decoder_add/generated_out_0 (Type: multiout)

Layer: layer15_ffn_norm (Type: rms_norm)
  Weight 0 (Name: layer15_ffn_norm:gamma, Dim: 1024): -0.007812 0.025024 0.037354 0.016235 0.011475 0.038818 -0.016357 -0.022339 -0.011841 0.013123 ... 0.005066 0.022217 0.008484 0.093262 0.054688 0.004150 -0.014526 0.052490 0.004578 0.058838 

Layer: layer15_ffn_norm/generated_out_0 (Type: multiout)

Layer: layer15_ffn_up (Type: fully_connected)
  Weight 0 (Name: layer15_ffn_up:weight, Dim: 3145728): 0.009888 0.041016 0.014954 -0.003754 0.003784 -0.017944 -0.069824 0.019775 -0.003464 0.006470 ... 0.010437 0.027832 0.025269 0.025635 -0.007263 0.049316 -0.031250 0.022461 -0.040039 0.000026 
  Weight 1 (Name: layer15_ffn_up:loraA, Dim: 8192): -0.033203 0.021606 0.037598 0.002014 0.044189 0.012329 -0.016113 -0.034424 0.015381 -0.007996 ... 0.014771 0.070801 0.022217 -0.013611 0.006958 -0.032959 -0.011291 -0.008911 -0.014038 0.039795 
  Weight 2 (Name: layer15_ffn_up:loraB, Dim: 24576): -0.028931 0.049561 -0.009888 0.025757 0.051025 0.007477 -0.008789 -0.038086 0.016235 0.009766 ... -0.006226 -0.000504 0.033936 0.052734 0.013794 -0.017578 -0.009644 -0.016724 0.005707 0.026123 

Layer: layer15_ffn_gate (Type: fully_connected)
  Weight 0 (Name: layer15_ffn_gate:weight, Dim: 3145728): -0.007172 -0.013977 -0.009583 -0.014587 0.021606 -0.065918 0.014954 0.018188 -0.006165 0.020508 ... -0.003067 0.012695 -0.020630 0.017700 -0.013916 0.016113 0.005188 -0.019897 0.011169 -0.014893 
  Weight 1 (Name: layer15_ffn_gate:loraA, Dim: 8192): 0.012085 -0.019287 -0.169922 0.019043 0.011475 0.020386 -0.040039 0.069336 -0.018921 -0.026123 ... -0.041260 -0.002563 -0.028809 -0.001106 0.015137 -0.012939 0.006500 -0.034180 -0.021362 -0.018066 
  Weight 2 (Name: layer15_ffn_gate:loraB, Dim: 24576): -0.019775 -0.001495 0.033691 -0.022339 -0.015747 0.021851 0.021606 -0.069336 0.028809 0.034424 ... 0.024780 -0.011780 0.006714 -0.016724 0.006195 -0.025513 -0.030396 -0.023315 0.012451 -0.005188 

Layer: layer15_ffn_swiglu (Type: swiglu)

Layer: layer15_ffn_down (Type: fully_connected)
  Weight 0 (Name: layer15_ffn_down:weight, Dim: 3145728): 0.001869 -0.004486 0.017944 0.013245 0.004089 0.026489 -0.047363 0.054199 -0.018677 -0.032471 ... -0.018799 0.006958 0.011780 0.036621 0.042725 -0.066895 0.023682 0.034424 0.036865 -0.029053 
  Weight 1 (Name: layer15_ffn_down:loraA, Dim: 24576): 0.003479 -0.028930 0.014343 0.002014 -0.019409 0.008972 0.020384 0.027833 0.002823 -0.008056 ... -0.014895 0.006287 -0.006623 0.026732 0.047608 0.049316 0.002700 -0.049073 0.008242 0.013244 
  Weight 2 (Name: layer15_ffn_down:loraB, Dim: 8192): 0.017212 -0.028320 -0.012756 0.017456 -0.018677 0.012879 0.037109 0.019165 -0.019775 -0.021484 ... -0.004946 0.036376 -0.009765 0.046146 0.014712 -0.009581 -0.036130 -0.027712 -0.029050 -0.006573 

Layer: layer15_decoder_output (Type: addition)

Layer: layer15_decoder_output/generated_out_0 (Type: multiout)

Layer: layer16_attention_norm (Type: rms_norm)
  Weight 0 (Name: layer16_attention_norm:gamma, Dim: 1024): -0.023560 0.004242 -0.001366 -0.006378 -0.040283 -0.008362 0.013062 0.026489 0.025635 -0.005859 ... 0.016602 -0.007141 0.001770 -0.033447 0.004700 0.011658 0.011230 0.015991 -0.002899 0.025879 

Layer: layer16_attention_norm/generated_out_0 (Type: multiout)

Layer: layer16_wq (Type: fully_connected)
  Weight 0 (Name: layer16_wq:weight, Dim: 2097152): -0.009705 0.001366 -0.014404 0.001823 -0.018799 -0.025879 -0.022705 0.014465 -0.006927 0.006317 ... 0.015991 -0.005035 -0.000315 0.009827 0.046875 -0.016724 0.035645 -0.009888 0.067383 0.002640 
  Weight 1 (Name: layer16_wq:loraA, Dim: 8192): 0.031494 -0.023438 -0.053955 0.017090 -0.031006 -0.011047 -0.009338 0.022095 -0.006165 -0.023071 ... -0.001205 0.007263 0.018188 -0.015381 0.012024 0.026733 -0.027588 -0.002792 -0.064941 -0.016235 
  Weight 2 (Name: layer16_wq:loraB, Dim: 16384): -0.039307 -0.001709 0.046143 0.001762 -0.038086 0.015381 0.009705 0.020020 0.028076 -0.016968 ... 0.013672 0.017334 0.014709 -0.038818 -0.013306 0.015991 0.013062 0.032227 -0.006500 -0.030029 

Layer: layer16_q_norm (Type: reshaped_rms_norm)
  Weight 0 (Name: layer16_q_norm:gamma, Dim: 128): -0.024902 0.009888 -0.001183 0.033447 0.014221 0.024536 -0.019165 -0.004211 0.023926 -0.036133 ... -0.000376 0.002029 0.006897 -0.012085 -0.044678 -0.009155 0.025879 -0.043213 -0.002777 0.026245 

Layer: layer16_wk (Type: fully_connected)
  Weight 0 (Name: layer16_wk:weight, Dim: 1048576): 0.035400 0.003281 0.009766 0.004730 -0.005737 0.046631 0.011414 0.023804 -0.007111 -0.012695 ... 0.034424 -0.031982 0.030151 -0.034180 0.011475 0.026611 -0.046143 0.031250 -0.025269 0.013000 
  Weight 1 (Name: layer16_wk:loraA, Dim: 8192): -0.070312 0.032227 -0.018799 0.008606 0.004791 -0.004669 -0.004120 -0.029175 0.032959 -0.026245 ... -0.005737 -0.002472 -0.039795 0.010864 -0.020752 -0.006134 0.043457 -0.003250 0.015991 -0.005280 
  Weight 2 (Name: layer16_wk:loraB, Dim: 8192): 0.000618 -0.023682 -0.029541 0.047607 0.015442 0.015747 -0.017456 -0.022827 0.027832 0.000587 ... 0.055420 0.023804 -0.053223 0.019775 0.008728 0.004730 -0.024536 -0.030884 -0.019897 -0.016968 

Layer: layer16_k_norm (Type: reshaped_rms_norm)
  Weight 0 (Name: layer16_k_norm:gamma, Dim: 128): -0.017456 -0.012817 0.015991 0.007874 0.022949 -0.034668 0.027954 0.009216 0.018066 0.010437 ... 0.023804 -0.023438 0.007935 0.031006 0.025146 -0.019775 0.014893 -0.005371 0.060547 -0.011719 

Layer: layer16_wv (Type: fully_connected)
  Weight 0 (Name: layer16_wv:weight, Dim: 1048576): -0.022827 -0.020142 -0.002838 0.004456 0.019897 0.044922 0.073730 0.009583 0.018555 0.040039 ... -0.020630 -0.017090 0.021484 0.023193 0.058594 0.020508 -0.004364 0.051514 -0.004059 0.030029 
  Weight 1 (Name: layer16_wv:loraA, Dim: 8192): -0.008233 0.006859 0.010204 -0.001869 0.028923 0.013383 0.017409 0.020063 -0.033693 0.015383 ... 0.026622 0.026007 -0.016120 -0.029411 -0.034804 0.043486 -0.022945 -0.009722 0.009143 -0.017377 
  Weight 2 (Name: layer16_wv:loraB, Dim: 8192): 0.014585 -0.030385 -0.011952 0.004170 -0.022180 -0.051983 0.024339 -0.004248 0.008135 -0.040461 ... -0.027580 0.022416 0.043498 -0.001031 -0.022561 -0.023020 -0.006205 -0.020243 -0.002742 -0.010254 

Layer: layer16_attention (Type: mha_core)

Layer: layer16_attention_out (Type: fully_connected)
  Weight 0 (Name: layer16_attention_out:weight, Dim: 2097152): -0.034912 0.017822 0.015991 -0.000797 -0.008423 0.064941 -0.038086 0.017700 0.005859 -0.003464 ... 0.030762 0.024414 0.046631 -0.031128 -0.035645 0.009094 0.016846 -0.042236 -0.024170 0.021240 
  Weight 1 (Name: layer16_attention_out:loraA, Dim: 16384): -0.022853 0.000998 0.050677 -0.048726 -0.040911 -0.053132 0.031834 0.026762 -0.020475 0.087522 ... 0.063961 -0.039553 0.016976 0.047882 -0.010158 -0.031078 0.006558 0.021542 0.007292 0.030792 
  Weight 2 (Name: layer16_attention_out:loraB, Dim: 8192): 0.055365 -0.025389 0.002948 0.004563 0.041942 0.014991 0.063924 -0.032465 0.010147 0.036174 ... 0.037834 0.031490 -0.029906 0.003001 0.020394 -0.038815 -0.056872 -0.032968 -0.067862 -0.023968 

Layer: layer16_decoder_add (Type: addition)

Layer: layer16_decoder_add/generated_out_0 (Type: multiout)

Layer: layer16_ffn_norm (Type: rms_norm)
  Weight 0 (Name: layer16_ffn_norm:gamma, Dim: 1024): 0.010620 -0.018799 -0.033691 0.012268 -0.017212 -0.004425 -0.020142 -0.009888 0.093262 0.013367 ... 0.008545 0.020142 -0.023682 -0.019409 -0.007996 -0.015869 -0.062012 0.003906 -0.049805 -0.016113 

Layer: layer16_ffn_norm/generated_out_0 (Type: multiout)

Layer: layer16_ffn_up (Type: fully_connected)
  Weight 0 (Name: layer16_ffn_up:weight, Dim: 3145728): -0.036133 -0.040771 -0.000220 -0.015015 0.005585 0.031006 0.027344 -0.024658 -0.042725 0.022705 ... -0.018555 -0.040283 0.015015 0.010193 0.027710 -0.006653 0.021851 0.004425 0.019897 -0.010681 
  Weight 1 (Name: layer16_ffn_up:loraA, Dim: 8192): 0.039307 0.043701 -0.002121 0.033447 -0.021851 -0.014893 -0.020996 -0.027710 0.039551 -0.072266 ... 0.038818 -0.035400 0.003845 -0.032959 0.011230 -0.028687 -0.037598 0.026855 0.033936 -0.027588 
  Weight 2 (Name: layer16_ffn_up:loraB, Dim: 24576): 0.005920 0.062988 0.038574 -0.006195 -0.018555 0.006714 0.009583 -0.015991 -0.021118 -0.000851 ... 0.036865 -0.011230 -0.004181 -0.040283 -0.015991 0.017090 -0.038330 0.054932 0.009521 -0.026367 

Layer: layer16_ffn_gate (Type: fully_connected)
  Weight 0 (Name: layer16_ffn_gate:weight, Dim: 3145728): 0.050537 0.022827 0.065430 0.005402 0.052979 -0.026489 -0.047119 0.031982 -0.020386 0.022095 ... 0.083008 0.024658 -0.006378 -0.049316 -0.032471 0.029175 0.001999 0.013611 0.040527 0.000751 
  Weight 1 (Name: layer16_ffn_gate:loraA, Dim: 8192): 0.016846 -0.028931 0.011536 -0.004272 -0.033447 -0.034668 -0.008911 -0.007874 -0.008789 0.001183 ... -0.038818 -0.026001 0.083984 -0.001228 -0.079102 -0.056152 0.000557 0.003815 0.025391 -0.006683 
  Weight 2 (Name: layer16_ffn_gate:loraB, Dim: 24576): 0.017578 -0.003677 -0.051514 0.010193 -0.045898 0.000668 0.001778 0.006195 -0.034424 0.019409 ... 0.041016 0.016357 -0.006500 -0.008362 0.001396 0.003052 0.028320 0.052979 -0.016846 -0.019897 

Layer: layer16_ffn_swiglu (Type: swiglu)

Layer: layer16_ffn_down (Type: fully_connected)
  Weight 0 (Name: layer16_ffn_down:weight, Dim: 3145728): 0.012573 0.014771 -0.008423 -0.022095 -0.005981 0.013062 -0.011292 0.011536 -0.028320 0.009827 ... 0.008911 -0.002838 -0.033936 0.030029 -0.063477 0.008057 0.037354 -0.053955 0.006042 0.006348 
  Weight 1 (Name: layer16_ffn_down:loraA, Dim: 24576): -0.004639 0.009705 0.017090 -0.000881 0.012085 0.005585 -0.008606 0.001609 -0.056641 -0.020386 ... -0.014343 -0.014647 -0.023680 0.009583 0.005674 -0.001282 0.016724 0.016600 -0.002471 0.022341 
  Weight 2 (Name: layer16_ffn_down:loraB, Dim: 8192): 0.012633 -0.018311 0.008667 0.031981 -0.005739 -0.015075 0.032470 0.011048 -0.008117 0.004945 ... -0.001235 -0.022338 -0.014649 -0.037111 -0.030641 0.011352 0.016233 -0.015745 -0.025759 0.007668 

Layer: layer16_decoder_output (Type: addition)

Layer: layer16_decoder_output/generated_out_0 (Type: multiout)

Layer: layer17_attention_norm (Type: rms_norm)
  Weight 0 (Name: layer17_attention_norm:gamma, Dim: 1024): -0.021606 -0.002808 0.015564 0.008972 0.030640 0.001793 -0.038574 -0.018188 -0.034912 -0.020020 ... 0.001785 -0.004669 -0.008179 0.010071 0.063477 0.015869 0.026367 0.025513 0.034668 -0.024292 

Layer: layer17_attention_norm/generated_out_0 (Type: multiout)

Layer: layer17_wq (Type: fully_connected)
  Weight 0 (Name: layer17_wq:weight, Dim: 2097152): -0.009583 -0.010864 -0.016479 -0.012573 0.034180 0.008423 0.023315 -0.002350 0.026489 -0.009277 ... -0.002335 0.037842 -0.024292 0.000267 0.008301 -0.001785 0.004181 0.010559 -0.001465 0.008911 
  Weight 1 (Name: layer17_wq:loraA, Dim: 8192): 0.022217 0.019043 -0.020508 -0.045166 0.039551 -0.006531 0.023438 -0.011108 0.007935 0.007996 ... -0.012329 -0.017700 0.040527 0.011902 0.002090 0.011475 -0.011414 0.027710 0.013733 -0.010620 
  Weight 2 (Name: layer17_wq:loraB, Dim: 16384): -0.005219 -0.001053 0.016602 0.019165 -0.069336 -0.012268 0.006531 -0.003586 0.024658 -0.046631 ... -0.024658 0.013794 0.021362 0.029663 0.036377 -0.010620 0.014221 -0.000645 -0.013367 -0.004089 

Layer: layer17_q_norm (Type: reshaped_rms_norm)
  Weight 0 (Name: layer17_q_norm:gamma, Dim: 128): 0.011719 0.010071 -0.024048 -0.001762 0.000637 -0.037842 0.003448 -0.014832 -0.028320 0.030151 ... -0.029419 0.060059 -0.012756 -0.002930 -0.015381 0.025391 0.008484 -0.002167 -0.031250 0.015381 

Layer: layer17_wk (Type: fully_connected)
  Weight 0 (Name: layer17_wk:weight, Dim: 1048576): -0.004974 -0.026611 -0.005157 0.005341 -0.053467 -0.009766 0.017090 0.002335 -0.008667 0.013245 ... -0.007324 0.008362 0.039795 0.025635 0.013367 -0.053467 0.018799 0.001625 -0.031494 -0.012634 
  Weight 1 (Name: layer17_wk:loraA, Dim: 8192): 0.008911 -0.033936 -0.010681 -0.050049 -0.043213 -0.016479 0.007568 0.002991 0.004364 -0.026245 ... -0.076660 0.015442 0.037109 -0.020752 -0.029419 0.062012 -0.015625 0.009644 0.033447 0.039307 
  Weight 2 (Name: layer17_wk:loraB, Dim: 8192): 0.016479 0.009338 0.028198 -0.047119 -0.031982 -0.053955 -0.002853 -0.063965 0.055664 -0.046387 ... 0.012634 -0.016235 0.036377 0.014282 -0.021484 0.009033 -0.001373 0.018433 -0.006409 0.019287 

Layer: layer17_k_norm (Type: reshaped_rms_norm)
  Weight 0 (Name: layer17_k_norm:gamma, Dim: 128): 0.024170 0.028076 -0.013123 0.039062 -0.013184 0.033691 -0.026123 0.071777 0.041992 0.026001 ... 0.052979 -0.037354 -0.018311 -0.033447 -0.005341 -0.037109 -0.020142 0.037842 0.023071 -0.019287 

Layer: layer17_wv (Type: fully_connected)
  Weight 0 (Name: layer17_wv:weight, Dim: 1048576): -0.019775 0.011414 0.053467 0.002960 -0.005737 0.006500 0.050049 -0.026611 0.032471 0.001526 ... 0.005371 -0.037109 -0.051025 0.004700 -0.024292 -0.009338 -0.058594 0.026855 -0.049072 -0.010437 
  Weight 1 (Name: layer17_wv:loraA, Dim: 8192): -0.005232 0.020887 0.001056 -0.026825 -0.012313 0.012400 -0.052244 -0.021221 0.025637 0.011827 ... -0.040041 -0.061955 -0.008955 0.048721 0.006997 -0.024504 0.001290 -0.045585 -0.010129 0.011614 
  Weight 2 (Name: layer17_wv:loraB, Dim: 8192): -0.031126 -0.022582 -0.020149 0.017940 -0.012023 0.000986 0.005307 -0.014944 0.013738 -0.001768 ... -0.010455 -0.000726 0.028197 0.023284 0.007683 -0.016315 0.052786 -0.030356 -0.009665 0.013867 

Layer: layer17_attention (Type: mha_core)

Layer: layer17_attention_out (Type: fully_connected)
  Weight 0 (Name: layer17_attention_out:weight, Dim: 2097152): 0.029053 0.010620 0.031738 0.035645 -0.010193 0.026978 0.015442 -0.022339 -0.000357 0.011353 ... 0.101562 -0.001160 0.026001 -0.031982 0.013855 0.040283 -0.084961 0.077148 0.049072 0.001236 
  Weight 1 (Name: layer17_attention_out:loraA, Dim: 16384): 0.008463 0.037667 -0.026165 0.019427 -0.007828 -0.001079 0.029657 -0.030507 0.048928 -0.010029 ... 0.031721 0.037139 -0.005634 -0.048754 0.008866 -0.029034 -0.036182 0.011529 -0.027351 0.007489 
  Weight 2 (Name: layer17_attention_out:loraB, Dim: 8192): -0.028494 -0.022216 -0.013258 -0.047895 -0.005598 0.032018 -0.025919 -0.026728 0.004227 0.009071 ... 0.010374 -0.036867 -0.007110 -0.010739 0.032229 0.018555 -0.048824 0.031003 -0.055417 0.063951 

Layer: layer17_decoder_add (Type: addition)

Layer: layer17_decoder_add/generated_out_0 (Type: multiout)

Layer: layer17_ffn_norm (Type: rms_norm)
  Weight 0 (Name: layer17_ffn_norm:gamma, Dim: 1024): -0.090820 -0.058350 -0.044922 -0.016479 -0.025635 0.017090 0.049316 0.000198 0.035156 0.007416 ... 0.005463 -0.044922 -0.017578 0.074219 0.042725 0.014221 0.082520 -0.017090 -0.031738 -0.002487 

Layer: layer17_ffn_norm/generated_out_0 (Type: multiout)

Layer: layer17_ffn_up (Type: fully_connected)
  Weight 0 (Name: layer17_ffn_up:weight, Dim: 3145728): 0.020630 0.011292 0.006836 0.062500 -0.010742 -0.010193 -0.036133 0.054443 0.031128 -0.006500 ... 0.018066 0.004272 0.003586 -0.022583 -0.033936 -0.027588 0.043701 0.043701 0.012329 -0.038574 
  Weight 1 (Name: layer17_ffn_up:loraA, Dim: 8192): -0.033692 0.022827 -0.025879 0.077148 -0.014404 0.001739 0.030884 -0.005035 0.008972 -0.022949 ... 0.005676 -0.012024 -0.013306 -0.028442 -0.007080 0.002853 0.010254 -0.012085 0.017578 -0.021729 
  Weight 2 (Name: layer17_ffn_up:loraB, Dim: 24576): -0.022583 -0.062256 -0.001900 -0.008362 -0.009399 0.019165 0.036865 0.031738 0.025879 0.021973 ... -0.014954 0.018188 -0.037109 0.012756 -0.024780 0.009460 -0.033203 0.036865 -0.011780 0.055664 

Layer: layer17_ffn_gate (Type: fully_connected)
  Weight 0 (Name: layer17_ffn_gate:weight, Dim: 3145728): 0.024658 0.012390 -0.037598 -0.025146 0.014282 -0.022705 0.016113 -0.028198 -0.011353 -0.019287 ... -0.019653 0.014465 -0.036377 -0.002075 -0.031494 0.020386 -0.023438 0.053955 -0.004059 0.009399 
  Weight 1 (Name: layer17_ffn_gate:loraA, Dim: 8192): -0.016357 0.056641 0.062256 0.039795 -0.053955 0.014709 0.045166 -0.005188 0.012024 -0.029297 ... 0.050049 -0.036621 0.009949 -0.029297 0.021362 -0.005951 0.020874 -0.044922 0.002808 0.017578 
  Weight 2 (Name: layer17_ffn_gate:loraB, Dim: 24576): 0.026245 0.077637 -0.026001 0.062500 0.054443 0.009521 -0.081055 -0.102539 0.013672 0.013245 ... 0.033691 -0.043945 0.011047 0.014160 0.006622 -0.010071 -0.025513 -0.004608 0.013306 0.010986 

Layer: layer17_ffn_swiglu (Type: swiglu)

Layer: layer17_ffn_down (Type: fully_connected)
  Weight 0 (Name: layer17_ffn_down:weight, Dim: 3145728): -0.081543 -0.096680 0.114258 -0.066406 -0.034912 0.001404 0.056152 0.005829 0.008911 -0.015320 ... -0.000376 -0.010925 0.000515 -0.007935 0.021484 0.018921 0.017212 -0.006042 -0.011292 0.020386 
  Weight 1 (Name: layer17_ffn_down:loraA, Dim: 24576): 0.016358 -0.007141 -0.009827 0.006865 0.011537 -0.001029 0.011962 0.011841 0.008424 -0.009095 ... -0.001837 -0.004974 0.002899 -0.033691 0.003784 0.021606 0.007324 0.046387 0.020264 0.018066 
  Weight 2 (Name: layer17_ffn_down:loraB, Dim: 8192): 0.002517 -0.006805 -0.013245 -0.001320 -0.018921 0.001908 -0.003296 0.009583 -0.022095 0.014954 ... 0.002335 -0.052734 0.005951 -0.032715 0.013122 -0.018677 0.000698 -0.013427 -0.001091 -0.000826 

Layer: layer17_decoder_output (Type: addition)

Layer: layer17_decoder_output/generated_out_0 (Type: multiout)

Layer: layer18_attention_norm (Type: rms_norm)
  Weight 0 (Name: layer18_attention_norm:gamma, Dim: 1024): -0.000357 -0.001404 0.006714 -0.000467 0.002396 0.004456 -0.022949 0.017456 0.003418 0.011780 ... 0.005127 -0.004456 -0.009583 -0.003754 0.011169 -0.050781 0.006866 -0.012146 -0.005920 0.013611 

Layer: layer18_attention_norm/generated_out_0 (Type: multiout)

Layer: layer18_wq (Type: fully_connected)
  Weight 0 (Name: layer18_wq:weight, Dim: 2097152): 0.009644 0.019043 0.004700 0.008362 0.005341 -0.001030 -0.000607 0.002411 0.005096 0.006378 ... -0.021973 -0.043945 0.043213 -0.016357 0.003891 0.004913 0.008728 -0.003784 -0.002304 0.010681 
  Weight 1 (Name: layer18_wq:loraA, Dim: 8192): 0.013062 -0.005005 -0.017212 -0.018311 0.012329 -0.019409 0.022461 0.007599 -0.026611 -0.007050 ... -0.016724 -0.020142 -0.015198 0.037842 -0.006897 0.017944 -0.033447 -0.005249 0.013428 0.014587 
  Weight 2 (Name: layer18_wq:loraB, Dim: 16384): -0.001877 0.002640 -0.011230 -0.018311 -0.014832 0.028442 -0.018677 0.000694 -0.027100 -0.010803 ... 0.021606 -0.016968 0.101074 0.028076 -0.021118 0.017578 0.015625 -0.059570 0.034180 -0.033691 

Layer: layer18_q_norm (Type: reshaped_rms_norm)
  Weight 0 (Name: layer18_q_norm:gamma, Dim: 128): -0.011292 -0.009766 0.030029 0.000786 -0.021362 -0.047363 0.021606 0.006500 0.013000 -0.016479 ... -0.012573 -0.052979 0.011230 -0.007599 0.011597 0.034180 0.016113 0.005859 0.042725 0.031006 

Layer: layer18_wk (Type: fully_connected)
  Weight 0 (Name: layer18_wk:weight, Dim: 1048576): 0.022827 -0.002563 0.008545 0.009827 0.009338 0.001656 0.030518 0.029907 -0.048584 -0.028320 ... -0.016235 0.005188 -0.044678 0.005859 0.030762 0.026978 0.033691 -0.009155 0.009949 0.021118 
  Weight 1 (Name: layer18_wk:loraA, Dim: 8192): 0.004456 0.030396 0.016724 -0.013733 0.036865 0.005646 0.056152 0.011902 0.013123 -0.009521 ... -0.046875 -0.041260 0.012695 0.036865 0.014709 -0.013672 -0.007416 -0.006439 0.007721 -0.008179 
  Weight 2 (Name: layer18_wk:loraB, Dim: 8192): 0.048828 0.013855 -0.060791 -0.043457 -0.012390 -0.020142 -0.011047 -0.038818 -0.019653 0.015015 ... 0.006439 0.022339 -0.017456 -0.004272 0.007812 0.010681 -0.007538 0.004517 -0.020874 -0.028687 

Layer: layer18_k_norm (Type: reshaped_rms_norm)
  Weight 0 (Name: layer18_k_norm:gamma, Dim: 128): -0.010986 0.022583 0.004120 -0.002930 0.005890 0.000444 -0.037109 -0.000881 -0.003769 0.006683 ... 0.001373 -0.020264 -0.006104 -0.014099 -0.000957 0.010254 -0.007507 0.010864 -0.013733 0.006287 

Layer: layer18_wv (Type: fully_connected)
  Weight 0 (Name: layer18_wv:weight, Dim: 1048576): -0.009399 -0.000534 -0.005463 0.004822 0.016968 -0.024658 0.004974 -0.012573 -0.032227 -0.001564 ... -0.032227 -0.005432 0.035645 -0.016968 0.014709 0.029297 0.020264 -0.013855 0.011780 -0.020508 
  Weight 1 (Name: layer18_wv:loraA, Dim: 8192): 0.033690 0.054689 -0.086917 0.026614 0.031983 -0.059571 -0.022213 0.001574 -0.021124 0.019169 ... -0.017403 -0.010585 0.001951 -0.018838 0.032792 0.006671 -0.019184 -0.005381 -0.021953 -0.036692 
  Weight 2 (Name: layer18_wv:loraB, Dim: 8192): 0.004037 -0.004035 -0.049026 0.002798 0.004616 -0.013486 -0.017229 -0.045715 0.026453 -0.014073 ... -0.013801 -0.021188 -0.002576 0.081821 -0.026241 -0.031003 -0.038980 -0.029557 -0.035527 0.016403 

Layer: layer18_attention (Type: mha_core)

Layer: layer18_attention_out (Type: fully_connected)
  Weight 0 (Name: layer18_attention_out:weight, Dim: 2097152): 0.024658 -0.011292 -0.021851 0.004730 0.027222 0.005493 0.049561 0.007141 -0.034912 0.031982 ... 0.051514 -0.020874 -0.045166 0.043457 -0.018555 0.014282 -0.051514 0.061035 -0.037354 0.010254 
  Weight 1 (Name: layer18_attention_out:loraA, Dim: 16384): -0.161161 -0.080538 -0.014158 0.008136 -0.002049 -0.051593 -0.058626 -0.001625 0.030885 0.020507 ... -0.039578 0.052530 -0.004449 -0.002035 0.047684 -0.010034 -0.071832 0.051859 0.028607 0.066835 
  Weight 2 (Name: layer18_attention_out:loraB, Dim: 8192): -0.010796 0.097170 -0.004224 -0.046675 0.097123 0.011635 -0.002648 0.018922 0.014605 -0.016439 ... 0.011433 -0.089833 -0.015998 -0.068390 -0.065942 0.028925 -0.051059 -0.008825 0.022435 0.046005 

Layer: layer18_decoder_add (Type: addition)

Layer: layer18_decoder_add/generated_out_0 (Type: multiout)

Layer: layer18_ffn_norm (Type: rms_norm)
  Weight 0 (Name: layer18_ffn_norm:gamma, Dim: 1024): 0.017212 0.034668 -0.000237 0.004425 0.056885 0.047607 -0.014648 -0.045410 -0.006775 0.009521 ... -0.017456 0.025269 -0.060547 0.043457 -0.001778 -0.004181 0.005066 -0.026733 -0.017334 -0.022827 

Layer: layer18_ffn_norm/generated_out_0 (Type: multiout)

Layer: layer18_ffn_up (Type: fully_connected)
  Weight 0 (Name: layer18_ffn_up:weight, Dim: 3145728): -0.035645 0.015503 -0.011841 -0.013123 0.003769 0.010559 -0.061523 -0.019043 0.077148 -0.050293 ... 0.022217 0.001106 -0.022461 0.013306 -0.012939 0.030273 0.015747 -0.033691 0.049561 -0.028931 
  Weight 1 (Name: layer18_ffn_up:loraA, Dim: 8192): -0.037598 0.019409 0.006958 -0.000053 0.034912 -0.048340 -0.000188 0.014038 0.049805 -0.022949 ... -0.000113 -0.046631 -0.024780 -0.016479 0.011414 -0.016968 0.007324 0.024536 -0.035645 -0.019897 
  Weight 2 (Name: layer18_ffn_up:loraB, Dim: 24576): -0.051025 -0.014954 -0.020142 -0.013000 0.001999 0.014404 0.016357 -0.007446 0.026367 0.015869 ... -0.035889 -0.026855 -0.028931 -0.007599 0.034668 0.008911 -0.014221 0.044678 -0.004120 0.095703 

Layer: layer18_ffn_gate (Type: fully_connected)
  Weight 0 (Name: layer18_ffn_gate:weight, Dim: 3145728): -0.000460 0.012512 0.045654 0.001526 0.000164 -0.009277 -0.004089 0.041748 -0.022095 -0.035645 ... 0.026367 0.033447 -0.001297 -0.026001 -0.044189 -0.010742 -0.004272 -0.002014 0.007996 -0.009705 
  Weight 1 (Name: layer18_ffn_gate:loraA, Dim: 8192): -0.004608 0.008423 -0.003220 0.048828 -0.002609 -0.030151 -0.008667 -0.014099 0.005066 -0.016357 ... 0.026245 0.033691 -0.027710 0.044434 0.005066 -0.013611 0.001373 0.013123 0.013916 0.013489 
  Weight 2 (Name: layer18_ffn_gate:loraB, Dim: 24576): 0.019043 -0.052490 0.038330 -0.015564 0.000115 -0.056641 0.015259 -0.031494 0.001251 0.001640 ... -0.008301 0.015564 -0.006317 0.019043 0.037598 -0.021851 -0.002838 -0.017212 -0.007294 0.010071 

Layer: layer18_ffn_swiglu (Type: swiglu)

Layer: layer18_ffn_down (Type: fully_connected)
  Weight 0 (Name: layer18_ffn_down:weight, Dim: 3145728): -0.000595 -0.003937 -0.004852 0.052734 -0.003891 -0.016846 -0.022217 -0.023560 0.002975 0.028076 ... -0.006500 -0.007172 -0.089355 0.024048 0.003937 0.008423 -0.025146 -0.006012 -0.005707 0.023071 
  Weight 1 (Name: layer18_ffn_down:loraA, Dim: 24576): 0.002625 -0.002152 -0.104980 0.009094 -0.004395 -0.022461 0.014587 -0.054932 -0.046875 0.006165 ... -0.000243 -0.018676 0.088381 -0.007693 -0.019284 0.017944 0.027465 -0.005551 -0.011170 0.010621 
  Weight 2 (Name: layer18_ffn_down:loraB, Dim: 8192): 0.009219 -0.001114 -0.074706 -0.012327 -0.005674 -0.125002 -0.003050 0.030640 0.006530 -0.014895 ... -0.010131 -0.000770 -0.141602 -0.015443 0.008971 -0.014099 -0.030519 0.027223 0.013183 0.046391 

Layer: layer18_decoder_output (Type: addition)

Layer: layer18_decoder_output/generated_out_0 (Type: multiout)

Layer: layer19_attention_norm (Type: rms_norm)
  Weight 0 (Name: layer19_attention_norm:gamma, Dim: 1024): 0.003860 0.001106 -0.130859 -0.004852 -0.041016 0.177734 -0.015320 0.077148 -0.042480 -0.023315 ... -0.003616 -0.004181 0.061768 0.028442 -0.039795 0.013000 -0.019653 0.049072 -0.005737 0.025024 

Layer: layer19_attention_norm/generated_out_0 (Type: multiout)

Layer: layer19_wq (Type: fully_connected)
  Weight 0 (Name: layer19_wq:weight, Dim: 2097152): 0.010559 -0.008240 0.130859 -0.005676 0.022583 -0.144531 -0.026367 0.005493 0.008667 -0.009277 ... -0.022339 0.002243 -0.042969 -0.002274 -0.000938 0.039307 0.047119 -0.063477 0.003418 -0.016724 
  Weight 1 (Name: layer19_wq:loraA, Dim: 8192): 0.004852 -0.038574 0.042969 0.019775 0.010620 -0.015503 0.019775 0.014832 0.012573 -0.003891 ... -0.011108 -0.033203 -0.026489 0.024170 0.002960 0.048340 -0.015442 0.014771 -0.022095 -0.025757 
  Weight 2 (Name: layer19_wq:loraB, Dim: 16384): -0.055420 -0.027466 -0.083496 0.031128 -0.023315 -0.038818 -0.016113 0.053955 -0.014771 0.027710 ... -0.008362 -0.001312 -0.008301 -0.006439 -0.015320 -0.015259 -0.023438 -0.016724 0.017456 -0.015442 

Layer: layer19_q_norm (Type: reshaped_rms_norm)
  Weight 0 (Name: layer19_q_norm:gamma, Dim: 128): -0.028809 0.026611 -0.037354 -0.025391 -0.014160 -0.020508 -0.005829 0.001831 -0.011169 -0.020142 ... -0.007111 -0.002594 -0.007812 0.015625 0.004852 -0.003876 0.020630 -0.000782 0.009338 -0.007294 

Layer: layer19_wk (Type: fully_connected)
  Weight 0 (Name: layer19_wk:weight, Dim: 1048576): 0.015625 -0.037109 0.012207 -0.030273 -0.009644 -0.018921 0.012634 -0.022827 0.021240 -0.040039 ... 0.041016 0.054932 0.017822 0.019165 0.023682 0.041016 0.011414 0.009216 0.088379 0.049072 
  Weight 1 (Name: layer19_wk:loraA, Dim: 8192): 0.028564 -0.021362 0.034424 -0.029663 -0.017212 0.046143 0.015564 -0.012268 -0.046143 -0.025024 ... 0.018188 0.022949 -0.017944 -0.065430 -0.049561 -0.008362 0.015137 0.002029 -0.026123 -0.028320 
  Weight 2 (Name: layer19_wk:loraB, Dim: 8192): -0.048584 0.002792 0.006287 -0.040527 -0.016235 -0.012268 0.013306 0.018188 0.001320 -0.013611 ... -0.042236 0.018188 -0.059570 0.004730 -0.009583 -0.011292 0.013000 -0.032227 0.015747 -0.000889 

Layer: layer19_k_norm (Type: reshaped_rms_norm)
  Weight 0 (Name: layer19_k_norm:gamma, Dim: 128): -0.003998 0.032959 -0.012878 0.028564 -0.027100 -0.018433 0.020264 -0.003311 0.034424 -0.002319 ... 0.010559 -0.008911 0.015137 0.033936 0.029175 -0.021729 0.026367 -0.026123 -0.008789 0.033936 

Layer: layer19_wv (Type: fully_connected)
  Weight 0 (Name: layer19_wv:weight, Dim: 1048576): -0.010681 -0.006805 -0.028442 0.039795 0.018066 0.031982 -0.020874 -0.051270 0.028442 -0.037598 ... 0.006287 0.000908 0.036865 0.015869 -0.029907 0.012146 -0.029175 -0.001389 -0.025269 -0.013672 
  Weight 1 (Name: layer19_wv:loraA, Dim: 8192): 0.053227 -0.015250 0.039271 -0.031986 -0.011101 -0.032958 0.000092 -0.029644 0.009156 -0.003767 ... -0.000026 0.010226 0.030050 -0.010027 -0.026148 -0.001705 -0.024865 0.021857 0.022237 0.007876 
  Weight 2 (Name: layer19_wv:loraB, Dim: 8192): 0.008278 -0.044563 0.007060 -0.037233 0.017984 0.015175 -0.036725 -0.020030 -0.048543 0.007182 ... -0.026249 -0.001133 0.027290 0.010485 -0.032914 0.009369 -0.057674 0.008979 0.013660 -0.032711 

Layer: layer19_attention (Type: mha_core)

Layer: layer19_attention_out (Type: fully_connected)
  Weight 0 (Name: layer19_attention_out:weight, Dim: 2097152): -0.056641 0.027344 -0.022583 0.011292 0.022949 -0.008667 0.025391 0.009277 0.019043 -0.038330 ... -0.080078 0.053467 -0.072754 -0.000565 -0.012817 -0.051758 0.026733 0.012817 -0.103027 -0.040527 
  Weight 1 (Name: layer19_attention_out:loraA, Dim: 16384): -0.012657 -0.003740 0.014173 -0.000761 -0.005841 -0.032001 0.001490 -0.023378 0.017514 0.025714 ... 0.038745 -0.033037 -0.020049 0.006917 0.001484 -0.107911 -0.009892 0.002115 0.008015 0.009237 
  Weight 2 (Name: layer19_attention_out:loraB, Dim: 8192): -0.048855 -0.090819 -0.012158 -0.018821 0.006842 -0.012866 -0.090841 -0.014342 -0.022087 0.024069 ... -0.059544 0.004166 0.028424 0.007371 0.011688 0.071281 -0.103557 -0.035363 -0.027867 -0.001626 

Layer: layer19_decoder_add (Type: addition)

Layer: layer19_decoder_add/generated_out_0 (Type: multiout)

Layer: layer19_ffn_norm (Type: rms_norm)
  Weight 0 (Name: layer19_ffn_norm:gamma, Dim: 1024): 0.015991 0.015381 0.009766 0.029419 0.005585 0.024414 -0.002792 0.017822 0.051270 -0.014771 ... -0.001114 0.004578 0.006470 0.000835 -0.033691 -0.036377 0.002472 -0.005432 -0.026489 -0.004608 

Layer: layer19_ffn_norm/generated_out_0 (Type: multiout)

Layer: layer19_ffn_up (Type: fully_connected)
  Weight 0 (Name: layer19_ffn_up:weight, Dim: 3145728): 0.025269 0.035156 0.003540 -0.013611 -0.000012 -0.022949 0.038574 -0.010559 0.002106 -0.035889 ... 0.067383 -0.005035 0.024536 0.031128 -0.024780 0.011169 -0.027466 -0.054932 -0.013916 0.048828 
  Weight 1 (Name: layer19_ffn_up:loraA, Dim: 8192): 0.014771 -0.020508 -0.062988 0.010315 -0.019409 -0.005280 0.055176 -0.000607 0.034912 -0.011841 ... 0.034668 0.033691 -0.011292 -0.039795 0.003342 -0.029541 0.049316 -0.015076 -0.004364 0.008911 
  Weight 2 (Name: layer19_ffn_up:loraB, Dim: 24576): 0.031128 0.036621 -0.029297 -0.011169 -0.011353 0.050781 -0.031494 -0.031494 -0.004303 0.068848 ... -0.009460 -0.015747 0.015259 -0.010376 -0.053711 -0.020142 -0.036133 0.026733 -0.006439 -0.026001 

Layer: layer19_ffn_gate (Type: fully_connected)
  Weight 0 (Name: layer19_ffn_gate:weight, Dim: 3145728): 0.029053 -0.008728 -0.076172 -0.039062 0.047852 -0.008972 0.017822 -0.032227 -0.005310 0.007935 ... 0.009460 -0.038818 -0.003677 -0.026367 -0.013489 -0.004364 -0.019287 -0.018799 -0.000213 0.030151 
  Weight 1 (Name: layer19_ffn_gate:loraA, Dim: 8192): 0.012024 -0.010620 -0.011597 0.041260 -0.009644 0.000045 -0.016968 0.003571 -0.006378 0.009949 ... -0.027832 0.030762 0.021118 0.009705 -0.001709 0.008972 0.004913 0.002762 -0.032715 0.007935 
  Weight 2 (Name: layer19_ffn_gate:loraB, Dim: 24576): -0.013794 0.012756 0.055420 -0.029785 0.004181 -0.007812 0.005646 0.004120 0.009583 0.006042 ... 0.007416 0.026245 0.016357 -0.007141 0.018311 0.011841 0.019165 0.048828 0.018677 -0.023438 

Layer: layer19_ffn_swiglu (Type: swiglu)

Layer: layer19_ffn_down (Type: fully_connected)
  Weight 0 (Name: layer19_ffn_down:weight, Dim: 3145728): -0.008484 0.004303 0.096191 -0.025146 -0.019165 -0.013794 0.007385 0.004547 -0.006378 -0.005005 ... -0.002243 0.038574 0.014038 -0.021606 -0.029419 0.004517 0.011108 -0.010986 -0.009705 0.022705 
  Weight 1 (Name: layer19_ffn_down:loraA, Dim: 24576): -0.001216 -0.006653 0.000969 -0.006194 -0.100098 -0.001816 0.010197 -0.027707 0.024414 0.003906 ... 0.015196 -0.020997 -0.016358 0.008240 -0.027710 -0.021972 0.016846 0.010254 0.016603 0.020387 
  Weight 2 (Name: layer19_ffn_down:loraB, Dim: 8192): -0.000886 0.035889 0.000690 -0.005311 0.004241 0.002945 0.065917 -0.019165 0.045410 0.007355 ... 0.015503 0.043701 -0.000442 -0.035644 0.031250 -0.010193 -0.018432 0.010498 0.008851 0.019529 

Layer: layer19_decoder_output (Type: addition)

Layer: layer19_decoder_output/generated_out_0 (Type: multiout)

Layer: layer20_attention_norm (Type: rms_norm)
  Weight 0 (Name: layer20_attention_norm:gamma, Dim: 1024): -0.008362 -0.016846 0.003448 -0.000576 -0.022217 -0.026001 0.017700 -0.045654 -0.008362 -0.000343 ... 0.000908 -0.039062 -0.024902 0.005890 0.042969 0.020996 0.007751 -0.059082 -0.013611 -0.040771 

Layer: layer20_attention_norm/generated_out_0 (Type: multiout)

Layer: layer20_wq (Type: fully_connected)
  Weight 0 (Name: layer20_wq:weight, Dim: 2097152): -0.010254 0.011108 0.008362 0.021729 0.034180 0.009338 0.017212 -0.033936 -0.021118 0.016968 ... -0.000196 0.012695 0.061523 -0.015442 -0.002075 0.027710 0.007111 -0.009766 -0.032471 -0.018921 
  Weight 1 (Name: layer20_wq:loraA, Dim: 8192): 0.052002 -0.013428 -0.028687 0.021851 0.026733 -0.011536 -0.034180 0.037842 0.036621 0.036377 ... -0.005676 0.006470 -0.021606 0.023804 -0.002762 -0.024536 0.070801 -0.033936 -0.028931 -0.002319 
  Weight 2 (Name: layer20_wq:loraB, Dim: 16384): -0.014954 -0.021118 -0.013672 0.055664 0.040771 -0.020508 -0.002274 -0.021240 -0.022461 -0.012390 ... -0.038818 -0.023071 -0.019287 -0.006805 -0.018066 0.010254 -0.003967 -0.049316 0.015625 0.023804 

Layer: layer20_q_norm (Type: reshaped_rms_norm)
  Weight 0 (Name: layer20_q_norm:gamma, Dim: 128): 0.001839 0.008179 -0.020264 0.084961 -0.019775 0.039062 0.000040 -0.018555 -0.046875 0.010864 ... -0.003342 -0.037842 -0.028809 0.020020 0.049561 0.009949 -0.012695 0.015137 -0.027100 0.010864 

Layer: layer20_wk (Type: fully_connected)
  Weight 0 (Name: layer20_wk:weight, Dim: 1048576): -0.045410 0.014709 -0.008057 -0.026611 0.004059 -0.016602 -0.008972 -0.007263 -0.016357 0.015503 ... -0.013916 -0.018188 -0.002472 -0.034668 -0.007599 -0.018066 0.013733 -0.003464 -0.009033 -0.030884 
  Weight 1 (Name: layer20_wk:loraA, Dim: 8192): 0.009705 0.044189 -0.012329 0.035645 -0.000984 -0.003998 -0.020874 0.056152 0.041748 -0.016479 ... 0.026245 -0.027100 0.003250 -0.001297 -0.007019 0.012329 0.042725 0.035400 0.021240 0.028931 
  Weight 2 (Name: layer20_wk:loraB, Dim: 8192): -0.022461 -0.007629 0.055176 -0.036621 0.081055 0.011353 -0.010925 -0.015625 0.046875 0.057617 ... -0.027954 0.027344 -0.008850 -0.036377 -0.040039 0.032471 -0.013306 0.023804 0.022095 -0.003891 

Layer: layer20_k_norm (Type: reshaped_rms_norm)
  Weight 0 (Name: layer20_k_norm:gamma, Dim: 128): -0.039795 0.029419 0.013123 0.027588 0.046875 0.008789 -0.009583 0.005035 -0.002853 0.040771 ... -0.003555 -0.026367 0.038086 -0.013489 -0.070312 0.007996 -0.004364 -0.053467 0.003189 0.026855 

Layer: layer20_wv (Type: fully_connected)
  Weight 0 (Name: layer20_wv:weight, Dim: 1048576): -0.038086 -0.024170 -0.012024 -0.023438 0.001900 0.027588 0.061523 -0.042236 -0.031494 0.025757 ... -0.023926 0.020142 -0.000299 0.006012 -0.010864 -0.019897 -0.022827 0.013855 0.015564 -0.015869 
  Weight 1 (Name: layer20_wv:loraA, Dim: 8192): 0.014532 0.011552 -0.029932 0.016715 -0.023669 -0.006608 -0.003464 -0.016476 0.017449 0.009247 ... -0.028491 0.022711 -0.005741 -0.063410 -0.002374 -0.006078 0.018974 -0.010687 -0.007219 -0.032701 
  Weight 2 (Name: layer20_wv:loraB, Dim: 8192): 0.058280 -0.010225 0.014164 0.052383 0.061555 -0.015968 0.003083 -0.033758 0.020470 -0.033376 ... 0.018613 -0.004471 0.031932 -0.016891 0.018535 -0.009679 -0.009636 0.007420 0.072723 -0.007101 

Layer: layer20_attention (Type: mha_core)

Layer: layer20_attention_out (Type: fully_connected)
  Weight 0 (Name: layer20_attention_out:weight, Dim: 2097152): -0.016724 0.034180 0.052002 -0.011353 0.013000 -0.006653 -0.007721 -0.009155 0.061035 0.019775 ... 0.024536 -0.025146 0.038086 -0.034424 -0.039062 0.029541 0.016602 0.038818 -0.007751 0.046875 
  Weight 1 (Name: layer20_attention_out:loraA, Dim: 16384): -0.029600 0.024636 0.031725 0.007488 0.007168 -0.036899 -0.001137 0.014031 0.015698 -0.003032 ... 0.009523 0.061026 0.033216 0.027703 -0.037597 -0.058579 0.016720 0.077638 0.001398 0.029041 
  Weight 2 (Name: layer20_attention_out:loraB, Dim: 8192): -0.014693 0.052246 0.045906 0.024183 0.017349 0.000240 0.014905 0.031008 0.130857 0.019887 ... 0.003495 0.021633 -0.013770 -0.031326 0.023984 0.013655 0.047293 -0.000678 -0.044740 0.042197 

Layer: layer20_decoder_add (Type: addition)

Layer: layer20_decoder_add/generated_out_0 (Type: multiout)

Layer: layer20_ffn_norm (Type: rms_norm)
  Weight 0 (Name: layer20_ffn_norm:gamma, Dim: 1024): -0.015747 0.063965 0.035889 0.023560 0.013855 -0.033203 -0.018555 0.075195 0.014709 0.013733 ... 0.004608 -0.035400 -0.016846 0.028564 0.019653 -0.057861 -0.010315 -0.031128 -0.001526 0.012512 

Layer: layer20_ffn_norm/generated_out_0 (Type: multiout)

Layer: layer20_ffn_up (Type: fully_connected)
  Weight 0 (Name: layer20_ffn_up:weight, Dim: 3145728): 0.010315 0.030273 -0.001251 -0.006104 0.041992 0.026611 -0.007629 0.015991 0.145508 -0.022217 ... -0.035889 0.020508 -0.030396 0.003296 -0.036865 0.005493 0.025635 0.003113 -0.001030 -0.008484 
  Weight 1 (Name: layer20_ffn_up:loraA, Dim: 8192): 0.015747 0.022705 0.003555 0.083008 0.016235 -0.031494 -0.027466 0.016479 0.044189 0.005005 ... -0.035400 -0.039062 -0.045654 -0.014038 -0.003693 0.006531 -0.025635 0.050049 -0.002930 -0.017212 
  Weight 2 (Name: layer20_ffn_up:loraB, Dim: 24576): 0.009644 0.026855 -0.043213 0.010376 0.000136 -0.034180 -0.011780 -0.034668 -0.024414 -0.047363 ... 0.070801 0.017578 -0.056885 0.031006 -0.026245 -0.010010 0.024170 -0.020264 -0.026123 0.000284 

Layer: layer20_ffn_gate (Type: fully_connected)
  Weight 0 (Name: layer20_ffn_gate:weight, Dim: 3145728): 0.008850 -0.023438 -0.043213 -0.001205 0.035645 -0.031738 0.029541 -0.000694 -0.016724 -0.010437 ... -0.006989 -0.003906 0.008301 -0.009888 -0.005676 0.009399 0.011719 -0.006104 -0.001495 0.000999 
  Weight 1 (Name: layer20_ffn_gate:loraA, Dim: 8192): 0.002518 -0.016235 0.016357 0.014587 0.028931 -0.017090 0.014343 0.000397 0.009949 -0.002380 ... 0.006744 0.049561 -0.003433 -0.039307 0.013794 -0.047363 0.039062 0.024658 -0.016602 0.008240 
  Weight 2 (Name: layer20_ffn_gate:loraB, Dim: 24576): -0.004761 0.020752 0.005829 -0.057129 -0.000172 -0.023438 -0.025391 -0.047852 -0.030884 -0.025513 ... -0.030762 0.016357 -0.013367 0.008850 -0.001122 0.003189 0.026489 -0.018555 -0.002655 -0.020874 

Layer: layer20_ffn_swiglu (Type: swiglu)

Layer: layer20_ffn_down (Type: fully_connected)
  Weight 0 (Name: layer20_ffn_down:weight, Dim: 3145728): -0.010071 -0.022827 -0.058594 0.083984 0.018921 -0.052246 -0.046143 0.057861 0.027832 -0.008240 ... -0.042236 -0.007935 -0.001259 -0.007324 -0.008728 -0.013062 -0.008972 0.013855 0.000148 0.004303 
  Weight 1 (Name: layer20_ffn_down:loraA, Dim: 24576): 0.046631 -0.006226 -0.007446 -0.019653 0.023804 -0.025513 -0.011291 -0.002136 0.021362 -0.010071 ... 0.006653 0.003098 -0.018066 -0.013306 0.007263 0.030151 0.001717 0.012024 -0.067383 -0.001823 
  Weight 2 (Name: layer20_ffn_down:loraB, Dim: 8192): 0.130859 0.008728 -0.006409 -0.134766 -0.006562 -0.001968 0.004303 0.036621 -0.026245 0.014771 ... 0.004759 -0.024781 0.004304 -0.007443 0.013186 -0.015319 0.000541 0.007688 0.000735 -0.016002 

Layer: layer20_decoder_output (Type: addition)

Layer: layer20_decoder_output/generated_out_0 (Type: multiout)

Layer: layer21_attention_norm (Type: rms_norm)
  Weight 0 (Name: layer21_attention_norm:gamma, Dim: 1024): 0.015442 0.032959 0.001289 -0.009949 0.014526 0.005463 0.001823 0.027588 -0.004669 -0.007202 ... 0.003998 0.006134 -0.006317 -0.023804 0.002533 0.049561 -0.009827 -0.002899 0.016235 0.012024 

Layer: layer21_attention_norm/generated_out_0 (Type: multiout)

Layer: layer21_wq (Type: fully_connected)
  Weight 0 (Name: layer21_wq:weight, Dim: 2097152): -0.002106 -0.012817 -0.004547 0.012329 0.009949 0.012146 -0.002335 0.000523 0.007385 0.010193 ... 0.017578 0.002625 0.024292 -0.050049 -0.041016 0.000425 -0.042725 0.025269 -0.041504 0.002655 
  Weight 1 (Name: layer21_wq:loraA, Dim: 8192): -0.032227 0.014038 0.011841 0.018799 0.018921 -0.026489 -0.050537 0.052734 0.015747 -0.002060 ... -0.022827 -0.022705 0.029907 -0.002563 -0.016724 -0.007935 0.026733 -0.009155 0.001770 -0.012634 
  Weight 2 (Name: layer21_wq:loraB, Dim: 16384): -0.040527 0.014343 0.013855 0.004883 -0.003860 0.015625 -0.003876 -0.012756 0.005707 -0.026611 ... -0.030640 0.003174 -0.013428 -0.006226 0.013733 -0.012512 0.020874 0.029419 -0.025269 -0.015991 

Layer: layer21_q_norm (Type: reshaped_rms_norm)
  Weight 0 (Name: layer21_q_norm:gamma, Dim: 128): -0.017700 -0.011658 -0.001068 -0.026855 0.052002 0.032471 0.003662 -0.009460 -0.012878 -0.017334 ... 0.013672 0.026978 -0.002213 -0.018555 -0.010132 -0.006836 -0.050049 0.016113 -0.063477 0.006439 

Layer: layer21_wk (Type: fully_connected)
  Weight 0 (Name: layer21_wk:weight, Dim: 1048576): -0.000801 -0.030762 0.041992 0.022217 -0.004242 0.004425 0.026733 -0.019043 -0.027954 0.012085 ... -0.028564 0.054443 0.029053 0.008057 -0.023560 0.014465 0.029419 0.044922 0.007111 0.014587 
  Weight 1 (Name: layer21_wk:loraA, Dim: 8192): 0.036377 0.013306 -0.025024 -0.017090 -0.009521 -0.079590 0.008423 0.037842 0.020874 0.006378 ... 0.032715 -0.013062 -0.016846 -0.043213 -0.005859 -0.044434 0.018311 0.023193 -0.024536 0.016846 
  Weight 2 (Name: layer21_wk:loraB, Dim: 8192): -0.009705 0.002975 0.029663 0.064453 0.026855 0.019043 -0.052979 -0.015137 0.011597 0.005432 ... -0.036621 -0.010803 0.015747 -0.015503 0.024170 0.003220 -0.012146 0.026245 0.001053 0.007782 

Layer: layer21_k_norm (Type: reshaped_rms_norm)
  Weight 0 (Name: layer21_k_norm:gamma, Dim: 128): -0.019165 -0.006409 0.020264 -0.044678 -0.019897 -0.002731 -0.016357 0.045410 0.019287 -0.037109 ... -0.019531 -0.039795 -0.023560 -0.035889 0.007812 0.007751 0.016724 -0.049561 0.015137 0.058594 

Layer: layer21_wv (Type: fully_connected)
  Weight 0 (Name: layer21_wv:weight, Dim: 1048576): -0.010620 -0.000813 0.006317 0.027466 -0.009583 -0.015747 0.007751 0.011658 0.005920 -0.014709 ... -0.014893 0.062256 0.017456 -0.019165 -0.011658 0.000362 0.020752 0.017578 0.067383 -0.009033 
  Weight 1 (Name: layer21_wv:loraA, Dim: 8192): -0.030187 0.016641 -0.005334 -0.004863 0.049528 0.040954 -0.026674 -0.042408 0.057798 -0.016745 ... 0.020696 0.010029 0.030123 0.031917 0.008320 -0.009433 -0.020655 -0.069384 -0.025710 0.013362 
  Weight 2 (Name: layer21_wv:loraB, Dim: 8192): -0.065916 -0.042758 -0.048308 -0.040794 0.001306 0.009915 -0.012194 0.021642 0.007597 0.031381 ... -0.025557 0.044914 0.010923 0.053730 0.047597 0.001825 0.036881 0.009847 0.005423 0.029278 

Layer: layer21_attention (Type: mha_core)

Layer: layer21_attention_out (Type: fully_connected)
  Weight 0 (Name: layer21_attention_out:weight, Dim: 2097152): -0.012390 0.029175 -0.012878 -0.019043 -0.009033 0.018799 -0.017090 -0.018433 0.011841 -0.013184 ... 0.004028 -0.018433 -0.040527 0.057861 -0.013428 -0.050781 0.005829 0.010315 -0.060303 -0.008240 
  Weight 1 (Name: layer21_attention_out:loraA, Dim: 16384): -0.042568 0.041920 0.003779 -0.035704 -0.017856 0.003173 -0.004236 0.014779 0.045024 0.011070 ... 0.002004 -0.018668 -0.017316 -0.058234 -0.031946 0.015662 0.008104 0.032837 0.003552 0.020492 
  Weight 2 (Name: layer21_attention_out:loraB, Dim: 8192): 0.018382 -0.052978 -0.001976 0.001888 -0.049124 0.010092 0.011374 -0.029916 0.049081 0.009803 ... 0.002429 -0.005941 -0.011367 0.031952 0.023168 -0.002706 0.012668 0.013268 -0.045191 -0.027853 

Layer: layer21_decoder_add (Type: addition)

Layer: layer21_decoder_add/generated_out_0 (Type: multiout)

Layer: layer21_ffn_norm (Type: rms_norm)
  Weight 0 (Name: layer21_ffn_norm:gamma, Dim: 1024): -0.016602 -0.052734 -0.059814 0.054443 0.003494 0.024536 -0.015198 -0.004456 -0.067871 0.015198 ... -0.011475 -0.018066 0.008057 -0.075195 0.014160 -0.025269 -0.007721 -0.020508 -0.054443 0.003113 

Layer: layer21_ffn_norm/generated_out_0 (Type: multiout)

Layer: layer21_ffn_up (Type: fully_connected)
  Weight 0 (Name: layer21_ffn_up:weight, Dim: 3145728): 0.010315 0.013977 -0.002243 0.041748 0.010071 0.036133 0.010437 -0.040771 -0.052734 0.033936 ... -0.030640 -0.028809 0.003571 -0.031738 0.007599 -0.020264 0.064941 -0.030396 0.034912 -0.013428 
  Weight 1 (Name: layer21_ffn_up:loraA, Dim: 8192): -0.056885 -0.010132 0.013367 0.042969 0.040283 0.038574 0.007538 -0.016724 0.033203 -0.045898 ... -0.030884 0.017090 0.022217 -0.010986 0.002716 -0.020874 -0.021362 0.006927 0.014771 0.036133 
  Weight 2 (Name: layer21_ffn_up:loraB, Dim: 24576): -0.006866 -0.019287 0.037598 0.004425 -0.012939 0.014221 -0.018677 0.020264 -0.029663 0.009033 ... 0.032715 0.042236 0.011414 0.038086 -0.021484 0.005707 0.004517 0.019897 0.009216 0.053955 

Layer: layer21_ffn_gate (Type: fully_connected)
  Weight 0 (Name: layer21_ffn_gate:weight, Dim: 3145728): 0.011414 -0.047852 0.056641 -0.013672 0.019897 -0.047119 0.008301 -0.031128 -0.018433 0.031982 ... -0.021240 0.003433 -0.043945 0.001648 0.011414 0.008728 0.016357 0.044922 0.034668 0.004028 
  Weight 1 (Name: layer21_ffn_gate:loraA, Dim: 8192): -0.030151 0.006897 -0.008545 0.033203 0.004242 0.018555 -0.004181 0.011230 -0.004974 0.006531 ... -0.026855 -0.014404 -0.022949 0.028931 0.013672 0.045654 0.009644 -0.040771 -0.049561 0.018677 
  Weight 2 (Name: layer21_ffn_gate:loraB, Dim: 24576): -0.006012 0.014526 0.001556 0.030273 0.013977 0.032227 0.026855 0.023438 -0.027100 0.016846 ... 0.012146 0.000843 -0.005524 0.004974 0.011963 -0.016479 -0.039307 0.006561 -0.036865 0.005005 

Layer: layer21_ffn_swiglu (Type: swiglu)

Layer: layer21_ffn_down (Type: fully_connected)
  Weight 0 (Name: layer21_ffn_down:weight, Dim: 3145728): 0.004425 -0.001610 -0.026611 -0.046875 0.014404 0.009766 0.020386 0.037842 0.001320 -0.009583 ... 0.013672 -0.006378 0.017578 -0.006744 0.033203 0.022217 0.011475 -0.032227 -0.003128 -0.002930 
  Weight 1 (Name: layer21_ffn_down:loraA, Dim: 24576): 0.020385 0.031739 -0.007689 -0.016601 -0.024780 -0.004672 -0.013121 -0.013916 0.014403 -0.013855 ... 0.000420 -0.021240 0.008361 0.015747 0.024293 -0.007415 -0.009460 -0.011355 0.017335 -0.001450 
  Weight 2 (Name: layer21_ffn_down:loraB, Dim: 8192): -0.012938 -0.009338 -0.003677 -0.013549 -0.031127 0.000965 -0.023681 -0.027588 -0.002228 0.001136 ... 0.007203 -0.002197 0.000808 -0.043703 -0.014528 -0.030884 0.009642 0.001550 0.028441 0.011178 

Layer: layer21_decoder_output (Type: addition)

Layer: layer21_decoder_output/generated_out_0 (Type: multiout)

Layer: layer22_attention_norm (Type: rms_norm)
  Weight 0 (Name: layer22_attention_norm:gamma, Dim: 1024): 0.001053 0.023071 -0.014832 0.014587 -0.002502 -0.004852 0.008362 -0.002823 -0.021973 0.001335 ... -0.006805 -0.020386 -0.022461 0.001114 -0.010925 0.001419 -0.023315 -0.003525 0.002640 -0.003510 

Layer: layer22_attention_norm/generated_out_0 (Type: multiout)

Layer: layer22_wq (Type: fully_connected)
  Weight 0 (Name: layer22_wq:weight, Dim: 2097152): 0.002365 0.003677 0.002686 -0.017700 0.003891 -0.012634 0.030640 0.024292 0.008789 0.001572 ... 0.019043 -0.024048 0.013245 0.008911 0.008911 -0.013123 0.014404 -0.024048 -0.006439 -0.018311 
  Weight 1 (Name: layer22_wq:loraA, Dim: 8192): -0.017212 0.071289 0.017578 -0.022217 -0.011230 -0.010559 0.002274 -0.000460 0.077637 -0.014038 ... 0.032471 0.032471 -0.031128 -0.039062 0.057373 -0.016357 -0.036621 0.017334 -0.004608 -0.023560 
  Weight 2 (Name: layer22_wq:loraB, Dim: 16384): 0.070312 0.000607 -0.038574 0.010864 -0.041016 0.009521 0.037842 0.023193 -0.032715 -0.002884 ... 0.001968 0.005981 -0.020752 0.018677 0.033691 0.004364 0.012207 0.007568 -0.029175 0.013245 

Layer: layer22_q_norm (Type: reshaped_rms_norm)
  Weight 0 (Name: layer22_q_norm:gamma, Dim: 128): 0.017090 -0.024414 0.002029 0.013123 -0.012695 0.006073 -0.004364 -0.003738 0.042969 0.001854 ... -0.006866 0.007446 -0.016968 0.016968 0.041992 0.018311 -0.005096 0.005524 -0.048096 0.001328 

Layer: layer22_wk (Type: fully_connected)
  Weight 0 (Name: layer22_wk:weight, Dim: 1048576): 0.022461 0.020020 -0.004608 -0.016357 0.033936 0.008362 0.045898 0.043457 0.036377 0.005096 ... 0.002914 -0.016968 0.014038 -0.029907 0.049072 -0.009583 -0.036377 -0.036133 0.033203 0.010864 
  Weight 1 (Name: layer22_wk:loraA, Dim: 8192): 0.017212 -0.022827 0.040039 -0.001289 0.005920 -0.036377 0.003159 0.004425 -0.071777 0.031494 ... 0.000305 -0.031250 0.038330 -0.033203 0.021606 0.000935 -0.020142 -0.046875 -0.012695 0.004272 
  Weight 2 (Name: layer22_wk:loraB, Dim: 8192): -0.021484 -0.007690 -0.016724 -0.020142 -0.003998 0.041748 -0.014587 0.012146 0.006195 -0.017700 ... 0.013611 -0.048828 0.014954 -0.028198 0.008362 0.003250 -0.017334 -0.039795 0.063965 -0.077148 

Layer: layer22_k_norm (Type: reshaped_rms_norm)
  Weight 0 (Name: layer22_k_norm:gamma, Dim: 128): -0.006592 0.021362 0.015137 -0.019775 -0.028931 -0.016602 0.006226 -0.013489 0.023560 -0.026855 ... -0.018311 -0.013123 0.016602 -0.045898 -0.066406 -0.039551 -0.065918 0.022461 -0.000862 -0.009644 

Layer: layer22_wv (Type: fully_connected)
  Weight 0 (Name: layer22_wv:weight, Dim: 1048576): 0.038330 -0.003769 0.017700 -0.009766 0.005280 0.002899 0.083008 -0.037354 -0.065430 0.015320 ... -0.012512 0.027100 0.012329 -0.007935 0.013123 -0.009277 -0.009094 0.013855 -0.015320 -0.038330 
  Weight 1 (Name: layer22_wv:loraA, Dim: 8192): -0.006845 -0.000081 0.015070 -0.011658 0.036629 0.009452 0.003995 0.015742 0.026471 0.008902 ... 0.032953 0.009203 -0.006260 0.017924 0.004290 0.012878 -0.031516 0.028222 0.030525 0.007828 
  Weight 2 (Name: layer22_wv:loraB, Dim: 8192): 0.011849 -0.031764 -0.010333 0.034045 0.045452 -0.014770 -0.009648 0.031513 -0.009408 -0.036383 ... -0.006483 0.006384 -0.053784 0.012442 0.002303 -0.007186 -0.029983 -0.012229 -0.036527 0.007322 

Layer: layer22_attention (Type: mha_core)

Layer: layer22_attention_out (Type: fully_connected)
  Weight 0 (Name: layer22_attention_out:weight, Dim: 2097152): 0.009827 -0.037354 0.001694 -0.001839 -0.014221 0.010254 0.043701 -0.005524 0.002350 0.017212 ... -0.034180 -0.003479 -0.030396 -0.041016 -0.013611 -0.042969 -0.018921 -0.009705 0.002380 -0.043457 
  Weight 1 (Name: layer22_attention_out:loraA, Dim: 16384): -0.017302 -0.015170 -0.040037 -0.000804 -0.017790 0.048754 -0.003107 0.010346 -0.007883 0.116692 ... 0.001073 -0.033773 0.006994 -0.031303 -0.010259 -0.030745 0.005068 0.011699 0.023472 -0.004364 
  Weight 2 (Name: layer22_attention_out:loraB, Dim: 8192): 0.059068 -0.016235 0.009332 -0.010326 0.033189 0.020513 -0.032481 0.029417 -0.005064 -0.012808 ... 0.013550 -0.011413 -0.004119 0.023439 0.014282 0.005158 0.003082 0.013611 -0.010680 -0.021122 

Layer: layer22_decoder_add (Type: addition)

Layer: layer22_decoder_add/generated_out_0 (Type: multiout)

Layer: layer22_ffn_norm (Type: rms_norm)
  Weight 0 (Name: layer22_ffn_norm:gamma, Dim: 1024): -0.026367 -0.007446 -0.002136 -0.026733 -0.006836 0.002014 0.003967 -0.007019 -0.016724 -0.078613 ... 0.029541 -0.027710 -0.078613 -0.003647 -0.004364 -0.039551 -0.019653 0.107422 0.000418 -0.020142 

Layer: layer22_ffn_norm/generated_out_0 (Type: multiout)

Layer: layer22_ffn_up (Type: fully_connected)
  Weight 0 (Name: layer22_ffn_up:weight, Dim: 3145728): 0.006836 0.050293 0.028442 0.045898 -0.021362 0.011292 0.015625 0.017456 0.041504 -0.037598 ... 0.013367 -0.015198 0.074707 -0.003799 -0.015991 -0.006866 -0.010010 0.016846 0.022461 -0.012756 
  Weight 1 (Name: layer22_ffn_up:loraA, Dim: 8192): 0.004456 0.002106 0.054443 -0.009277 0.032959 0.012817 -0.024658 -0.018799 -0.022095 -0.050781 ... -0.039062 -0.046875 0.011169 -0.014893 0.014404 -0.001251 -0.014832 0.058350 -0.006226 0.020142 
  Weight 2 (Name: layer22_ffn_up:loraB, Dim: 24576): -0.028198 0.035156 0.007324 0.057129 -0.016602 0.004211 -0.045898 0.041504 0.011719 0.042969 ... 0.072266 0.010864 0.005737 0.019653 -0.054687 0.056396 0.041504 0.020752 0.023071 -0.006531 

Layer: layer22_ffn_gate (Type: fully_connected)
  Weight 0 (Name: layer22_ffn_gate:weight, Dim: 3145728): 0.019165 -0.040527 -0.011475 -0.049072 -0.045898 -0.003296 0.020020 0.020264 -0.018433 0.025879 ... 0.007416 0.017944 0.054199 -0.005524 0.031494 0.006989 0.038574 0.006195 -0.018677 -0.011475 
  Weight 1 (Name: layer22_ffn_gate:loraA, Dim: 8192): 0.020020 0.003357 0.005646 0.005951 -0.009399 -0.004761 -0.004303 0.002274 0.006958 -0.007355 ... -0.012024 -0.046875 0.012817 0.002701 0.024292 0.020752 0.001945 0.007538 0.005341 0.029785 
  Weight 2 (Name: layer22_ffn_gate:loraB, Dim: 24576): 0.034668 -0.056641 -0.022827 -0.016479 -0.032959 -0.040771 -0.015869 0.006439 0.007690 -0.006622 ... -0.002289 -0.031128 0.000161 -0.009583 0.016479 0.018433 -0.009155 -0.007874 0.028198 0.001602 

Layer: layer22_ffn_swiglu (Type: swiglu)

Layer: layer22_ffn_down (Type: fully_connected)
  Weight 0 (Name: layer22_ffn_down:weight, Dim: 3145728): -0.003967 -0.033447 -0.001640 -0.007324 0.014709 0.011841 0.005707 0.001030 0.000847 0.017700 ... 0.010559 0.024658 -0.002487 0.003738 -0.016602 0.023438 0.014160 -0.005737 0.009033 0.020264 
  Weight 1 (Name: layer22_ffn_down:loraA, Dim: 24576): 0.014221 0.005403 -0.002640 -0.008850 0.057618 -0.006012 -0.015991 0.009460 0.007080 0.016601 ... -0.005005 -0.012451 -0.002182 -0.010009 0.021362 -0.015747 0.017212 -0.032227 0.003037 0.007263 
  Weight 2 (Name: layer22_ffn_down:loraB, Dim: 8192): 0.003723 -0.017700 -0.015198 0.007507 0.020019 0.003571 -0.021485 -0.032227 -0.015869 -0.006317 ... 0.012938 -0.016114 0.010072 -0.006804 0.008668 -0.017334 -0.024290 -0.001970 0.013551 -0.032722 

Layer: layer22_decoder_output (Type: addition)

Layer: layer22_decoder_output/generated_out_0 (Type: multiout)

Layer: layer23_attention_norm (Type: rms_norm)
  Weight 0 (Name: layer23_attention_norm:gamma, Dim: 1024): 0.001801 0.002792 0.009766 0.017212 -0.013367 -0.003906 0.039551 0.005951 0.022461 0.005219 ... -0.012329 -0.025024 -0.006042 0.007385 0.002625 0.014893 0.006317 0.002625 0.002701 0.001617 

Layer: layer23_attention_norm/generated_out_0 (Type: multiout)

Layer: layer23_wq (Type: fully_connected)
  Weight 0 (Name: layer23_wq:weight, Dim: 2097152): 0.018799 0.013977 -0.015991 -0.017700 0.026611 0.004639 -0.005463 -0.028931 -0.002716 0.022095 ... 0.014099 -0.022095 -0.015137 0.021729 -0.027832 0.043213 0.055664 0.022583 -0.030029 -0.001289 
  Weight 1 (Name: layer23_wq:loraA, Dim: 8192): -0.003174 -0.005737 0.015137 0.019531 0.024536 0.052979 0.002823 -0.042725 -0.012634 0.007172 ... 0.001236 0.017578 0.011597 -0.001686 0.007721 0.023804 0.001884 0.001701 0.037842 0.024902 
  Weight 2 (Name: layer23_wq:loraB, Dim: 16384): -0.033203 0.008484 0.003799 0.052246 0.018433 -0.014893 0.007812 -0.032715 0.010437 0.049561 ... -0.019653 0.035156 -0.018188 0.009766 0.041504 0.045654 -0.030029 -0.011230 -0.001686 0.029785 

Layer: layer23_q_norm (Type: reshaped_rms_norm)
  Weight 0 (Name: layer23_q_norm:gamma, Dim: 128): 0.008179 0.030640 -0.010986 0.059326 0.054932 -0.015625 -0.021851 0.014221 0.012024 0.024414 ... -0.025757 -0.070801 0.039062 0.065430 -0.014709 0.016968 -0.041992 -0.010132 0.024170 0.020996 

Layer: layer23_wk (Type: fully_connected)
  Weight 0 (Name: layer23_wk:weight, Dim: 1048576): 0.009277 -0.003998 -0.058105 0.017944 -0.017578 -0.012451 -0.009766 -0.033691 -0.030151 0.018677 ... 0.020752 0.019653 -0.003662 0.020142 -0.028931 -0.019531 0.010864 0.001785 -0.002838 0.013611 
  Weight 1 (Name: layer23_wk:loraA, Dim: 8192): -0.005188 0.006073 0.017944 -0.003632 0.036621 0.006561 0.013977 0.020874 -0.030518 -0.012512 ... 0.028320 -0.041748 0.002396 0.014038 0.041016 0.009766 0.012390 -0.023926 0.002670 0.052002 
  Weight 2 (Name: layer23_wk:loraB, Dim: 8192): 0.005554 -0.010315 0.051514 0.019897 -0.017944 -0.027466 -0.010254 0.022339 0.023560 0.029541 ... -0.027344 -0.000584 0.011963 0.007599 -0.024048 -0.024536 -0.025513 0.002167 0.004517 -0.035645 

Layer: layer23_k_norm (Type: reshaped_rms_norm)
  Weight 0 (Name: layer23_k_norm:gamma, Dim: 128): 0.067383 -0.025024 -0.001678 -0.010620 -0.024902 0.039795 -0.053955 -0.028564 0.031128 -0.017090 ... -0.004608 0.000923 0.010803 -0.002228 -0.018311 -0.000698 -0.009033 -0.036133 0.007477 0.014771 

Layer: layer23_wv (Type: fully_connected)
  Weight 0 (Name: layer23_wv:weight, Dim: 1048576): 0.000847 0.028442 -0.028198 -0.021729 0.035156 0.003754 0.021118 0.023560 0.023560 -0.019775 ... 0.027100 0.002151 0.007477 -0.009888 0.024048 -0.044922 -0.066406 -0.007751 0.047852 0.013184 
  Weight 1 (Name: layer23_wv:loraA, Dim: 8192): 0.007177 -0.026849 -0.003752 0.062258 0.028089 0.009469 -0.015616 0.003198 0.041023 0.022958 ... 0.007430 0.025136 -0.009517 -0.014888 -0.029784 -0.023680 -0.063955 0.014045 -0.016472 -0.029058 
  Weight 2 (Name: layer23_wv:loraB, Dim: 8192): -0.033082 0.031161 0.015862 -0.018995 0.004506 -0.015839 0.016985 -0.010152 -0.016696 0.015153 ... 0.004138 -0.023285 -0.078079 0.009891 -0.006084 -0.007964 0.034103 -0.008605 0.022383 0.002185 

Layer: layer23_attention (Type: mha_core)

Layer: layer23_attention_out (Type: fully_connected)
  Weight 0 (Name: layer23_attention_out:weight, Dim: 2097152): 0.037598 -0.040527 -0.016968 0.023071 0.020386 0.036377 0.016479 -0.035156 -0.025269 -0.001396 ... -0.032715 -0.000437 -0.047119 -0.041504 -0.024536 -0.017456 0.022217 -0.004669 0.027954 -0.005768 
  Weight 1 (Name: layer23_attention_out:loraA, Dim: 16384): -0.000283 0.021430 0.012345 0.023388 0.088425 0.012915 -0.029079 0.009572 0.038313 0.015099 ... -0.007145 0.004706 0.047913 0.012737 0.009850 -0.004831 -0.044365 0.001586 0.021447 0.039137 
  Weight 2 (Name: layer23_attention_out:loraB, Dim: 8192): 0.005628 0.052980 -0.000077 -0.005263 0.003949 -0.004845 0.012193 -0.035402 0.008853 -0.018298 ... -0.008629 -0.007246 -0.081526 0.048375 0.006193 0.005346 -0.010282 0.030612 -0.013642 0.063849 

Layer: layer23_decoder_add (Type: addition)

Layer: layer23_decoder_add/generated_out_0 (Type: multiout)

Layer: layer23_ffn_norm (Type: rms_norm)
  Weight 0 (Name: layer23_ffn_norm:gamma, Dim: 1024): -0.019043 0.023804 0.021973 0.037842 0.087891 0.011536 -0.015991 0.002609 0.006531 0.014160 ... 0.010193 0.006470 0.014648 -0.008362 0.032471 -0.023682 -0.004883 -0.008911 0.010559 0.010803 

Layer: layer23_ffn_norm/generated_out_0 (Type: multiout)

Layer: layer23_ffn_up (Type: fully_connected)
  Weight 0 (Name: layer23_ffn_up:weight, Dim: 3145728): -0.003174 -0.028076 0.019043 -0.020142 -0.010254 -0.005188 0.027344 0.023560 -0.006134 0.022339 ... 0.005280 0.001686 -0.007324 0.004517 0.003342 0.030518 0.002228 -0.010986 0.023438 -0.009216 
  Weight 1 (Name: layer23_ffn_up:loraA, Dim: 8192): 0.035889 -0.010742 0.011719 0.024292 -0.002701 -0.010681 -0.004089 0.005035 -0.020142 -0.046631 ... -0.012085 0.016235 -0.016235 -0.020752 0.009644 -0.020752 -0.024902 -0.030884 -0.022461 0.002579 
  Weight 2 (Name: layer23_ffn_up:loraB, Dim: 24576): -0.013977 0.024536 -0.023193 0.001793 -0.025269 0.007538 0.003098 0.006256 0.006622 0.027710 ... 0.007202 -0.054932 -0.066895 0.019531 0.051270 0.007935 -0.003693 0.017578 -0.057129 -0.004700 

Layer: layer23_ffn_gate (Type: fully_connected)
  Weight 0 (Name: layer23_ffn_gate:weight, Dim: 3145728): -0.039062 -0.023193 -0.002808 0.034668 0.022827 0.009521 -0.002625 0.006500 0.012756 0.029419 ... -0.017822 0.001152 0.013916 -0.010498 -0.000199 0.047119 0.011292 -0.035400 0.010803 -0.013367 
  Weight 1 (Name: layer23_ffn_gate:loraA, Dim: 8192): 0.003189 -0.036133 -0.003616 0.005829 0.008667 -0.026367 0.036865 0.014526 0.013123 0.008850 ... -0.012390 0.003357 0.006775 -0.021484 0.019043 -0.000999 0.028442 0.038330 0.024414 -0.021362 
  Weight 2 (Name: layer23_ffn_gate:loraB, Dim: 24576): 0.031738 0.038818 0.007080 0.013000 -0.006226 -0.022949 -0.014587 0.069336 0.004425 -0.011780 ... -0.000420 0.024048 -0.003082 0.021606 0.000652 0.010376 0.000927 -0.017700 0.018433 0.010132 

Layer: layer23_ffn_swiglu (Type: swiglu)

Layer: layer23_ffn_down (Type: fully_connected)
  Weight 0 (Name: layer23_ffn_down:weight, Dim: 3145728): 0.001221 -0.010986 0.009705 0.004089 0.003906 0.022095 0.005463 0.012573 -0.019897 -0.018799 ... -0.006989 -0.025879 0.000406 -0.014221 0.006592 -0.009460 0.010010 0.018677 -0.002563 -0.007812 
  Weight 1 (Name: layer23_ffn_down:loraA, Dim: 24576): 0.014587 -0.008240 0.007324 0.008484 0.011291 -0.007629 -0.000629 -0.001999 0.005034 0.002640 ... -0.008179 -0.015991 -0.002029 0.002457 -0.007019 -0.012207 0.006744 -0.000078 0.007935 -0.006012 
  Weight 2 (Name: layer23_ffn_down:loraB, Dim: 8192): 0.002625 -0.013916 -0.008056 -0.001083 0.011048 -0.000017 0.032959 0.002136 0.010803 -0.002259 ... -0.010010 -0.001053 0.012512 -0.012390 0.007233 0.024414 -0.001289 0.003234 0.015625 0.004240 

Layer: layer23_decoder_output (Type: addition)

Layer: layer23_decoder_output/generated_out_0 (Type: multiout)

Layer: layer24_attention_norm (Type: rms_norm)
  Weight 0 (Name: layer24_attention_norm:gamma, Dim: 1024): 0.001930 -0.021484 0.004974 0.016846 0.036865 0.004822 0.019897 -0.013245 -0.005920 -0.011414 ... -0.001404 0.023438 0.002258 -0.005585 0.009827 0.001534 -0.049561 -0.004761 0.002106 0.000183 

Layer: layer24_attention_norm/generated_out_0 (Type: multiout)

Layer: layer24_wq (Type: fully_connected)
  Weight 0 (Name: layer24_wq:weight, Dim: 2097152): 0.003036 0.021362 -0.002670 0.003357 -0.007660 -0.002487 0.002518 0.016602 0.018066 -0.007538 ... -0.015625 -0.052734 -0.007446 -0.013550 -0.055176 -0.005463 -0.036377 0.011108 0.010376 -0.015198 
  Weight 1 (Name: layer24_wq:loraA, Dim: 8192): 0.015503 -0.021240 -0.002762 -0.020142 0.019775 0.022461 -0.019531 -0.028198 0.005859 -0.018555 ... -0.005646 -0.001556 0.001556 0.010864 -0.021362 0.019287 -0.021118 0.023438 0.027466 0.014343 
  Weight 2 (Name: layer24_wq:loraB, Dim: 16384): 0.011780 -0.025269 -0.032959 0.005096 -0.007812 0.013367 0.006927 0.012451 0.000622 0.005310 ... 0.018311 -0.034180 0.008179 0.027344 -0.010986 -0.000414 0.025146 0.017822 -0.006775 -0.031982 

Layer: layer24_q_norm (Type: reshaped_rms_norm)
  Weight 0 (Name: layer24_q_norm:gamma, Dim: 128): 0.038574 0.030273 0.011169 -0.003906 -0.062500 -0.021851 0.007935 -0.018433 0.029175 0.011536 ... -0.045166 0.032471 0.066895 -0.054932 -0.002335 0.007355 0.006714 -0.011230 0.000557 0.052246 

Layer: layer24_wk (Type: fully_connected)
  Weight 0 (Name: layer24_wk:weight, Dim: 1048576): -0.030518 -0.045654 0.002106 -0.005951 -0.015625 0.002228 -0.005676 0.056885 -0.008118 -0.051025 ... -0.008667 0.013916 0.055176 -0.035645 0.011047 -0.040039 0.000368 0.004395 -0.055420 -0.041260 
  Weight 1 (Name: layer24_wk:loraA, Dim: 8192): -0.022461 -0.006104 0.007080 0.062500 0.007355 0.001678 0.024414 -0.018433 0.071777 -0.002106 ... 0.003967 0.032227 -0.028320 0.000969 0.014832 -0.013245 0.000835 -0.011108 0.017334 -0.040283 
  Weight 2 (Name: layer24_wk:loraB, Dim: 8192): -0.007446 -0.002853 -0.042236 0.004242 0.001938 0.006958 0.003662 -0.018433 0.034424 0.005646 ... -0.000216 0.034180 -0.015076 0.044922 -0.011292 -0.002396 0.006531 -0.007294 -0.023682 -0.057373 

Layer: layer24_k_norm (Type: reshaped_rms_norm)
  Weight 0 (Name: layer24_k_norm:gamma, Dim: 128): -0.006012 0.012634 0.000200 -0.019409 0.010132 0.007751 -0.000828 -0.014648 0.006958 0.016602 ... 0.018799 -0.014160 -0.000205 -0.030518 0.033936 -0.003082 0.020996 -0.009827 -0.019775 0.003860 

Layer: layer24_wv (Type: fully_connected)
  Weight 0 (Name: layer24_wv:weight, Dim: 1048576): -0.030396 -0.012939 0.028931 -0.044189 0.009277 -0.004120 0.032471 0.005920 0.017578 -0.024902 ... 0.001450 -0.030518 0.006073 -0.035400 0.003769 0.007874 -0.022095 -0.013489 -0.004272 -0.024170 
  Weight 1 (Name: layer24_wv:loraA, Dim: 8192): -0.026488 -0.022225 -0.021232 0.023318 0.006739 -0.013363 0.102539 -0.003538 -0.025286 0.016065 ... -0.019531 0.026125 -0.021728 -0.010499 0.022095 -0.007629 0.009460 0.023926 -0.001938 -0.037842 
  Weight 2 (Name: layer24_wv:loraB, Dim: 8192): -0.016973 -0.001136 -0.002179 0.015708 0.029428 0.075699 0.002926 -0.012213 -0.025521 -0.015242 ... 0.000799 0.007619 -0.016449 0.024385 0.020828 0.033638 0.014221 0.022524 0.002672 -0.038352 

Layer: layer24_attention (Type: mha_core)

Layer: layer24_attention_out (Type: fully_connected)
  Weight 0 (Name: layer24_attention_out:weight, Dim: 2097152): -0.005249 -0.004578 0.003708 0.024170 -0.004120 -0.021240 0.008301 -0.013367 0.031250 -0.004120 ... 0.028687 0.009460 0.005035 0.006500 -0.006927 -0.063965 -0.006989 -0.017212 -0.024902 0.014221 
  Weight 1 (Name: layer24_attention_out:loraA, Dim: 16384): -0.010167 -0.002161 0.018327 0.017793 0.022753 0.014570 0.037366 -0.024299 0.012686 -0.004866 ... 0.075198 0.007414 -0.003924 0.048846 -0.093742 0.051987 -0.011146 0.013022 0.027838 0.019528 
  Weight 2 (Name: layer24_attention_out:loraB, Dim: 8192): 0.041016 -0.017944 -0.029785 -0.022827 0.020630 -0.002686 0.011780 0.004547 0.000229 -0.002793 ... 0.021022 0.004106 0.023663 -0.006449 0.065884 -0.020758 -0.005284 0.020662 -0.039096 0.033332 

Layer: layer24_decoder_add (Type: addition)

Layer: layer24_decoder_add/generated_out_0 (Type: multiout)

Layer: layer24_ffn_norm (Type: rms_norm)
  Weight 0 (Name: layer24_ffn_norm:gamma, Dim: 1024): -0.006531 -0.002380 0.000698 0.091797 -0.006134 -0.025635 0.000637 -0.028320 0.005066 0.035156 ... -0.040771 -0.026367 -0.014282 0.062256 0.086426 0.020508 -0.008301 0.059570 0.086426 0.000904 

Layer: layer24_ffn_norm/generated_out_0 (Type: multiout)

Layer: layer24_ffn_up (Type: fully_connected)
  Weight 0 (Name: layer24_ffn_up:weight, Dim: 3145728): -0.064941 -0.015259 -0.002441 -0.033691 0.023438 -0.040283 -0.020142 0.038574 -0.030762 -0.018066 ... -0.017822 -0.080078 -0.010864 -0.001045 -0.001877 -0.055908 -0.023560 0.023438 0.002472 0.016479 
  Weight 1 (Name: layer24_ffn_up:loraA, Dim: 8192): -0.021118 -0.002686 -0.010986 0.010132 -0.012451 0.031128 0.045654 0.013306 -0.031128 0.000454 ... 0.001877 -0.050537 0.002808 0.002701 0.018921 0.026245 -0.011597 0.006775 -0.023193 -0.018921 
  Weight 2 (Name: layer24_ffn_up:loraB, Dim: 24576): -0.042236 -0.032715 0.025024 0.033691 -0.018921 -0.028442 0.051758 0.057861 0.024292 -0.055664 ... -0.034668 -0.047607 0.051270 0.027222 -0.049316 0.030518 -0.010925 0.012268 0.002396 -0.052490 

Layer: layer24_ffn_gate (Type: fully_connected)
  Weight 0 (Name: layer24_ffn_gate:weight, Dim: 3145728): 0.036621 0.032715 -0.024170 -0.019897 -0.059326 -0.018066 0.003143 -0.004974 0.012024 -0.014526 ... 0.061035 -0.026733 -0.036865 0.009277 -0.018921 -0.022949 -0.032471 -0.008850 -0.027344 -0.023804 
  Weight 1 (Name: layer24_ffn_gate:loraA, Dim: 8192): -0.001740 0.000782 -0.036133 0.021240 -0.000277 -0.023315 -0.005798 0.022339 0.002502 -0.015381 ... 0.027954 0.021484 0.004150 -0.030029 0.041260 -0.029785 -0.001289 -0.015015 0.026001 -0.018188 
  Weight 2 (Name: layer24_ffn_gate:loraB, Dim: 24576): -0.005096 0.001381 -0.013184 -0.038330 0.003067 0.014832 -0.005402 0.009644 0.007996 -0.001297 ... -0.016602 0.062500 -0.006195 0.029907 -0.019043 -0.025269 0.024414 -0.017944 -0.039551 0.020264 

Layer: layer24_ffn_swiglu (Type: swiglu)

Layer: layer24_ffn_down (Type: fully_connected)
  Weight 0 (Name: layer24_ffn_down:weight, Dim: 3145728): 0.001404 -0.022949 -0.018555 -0.008301 0.009338 -0.008362 -0.010559 -0.005737 -0.004761 -0.020386 ... -0.007935 0.024536 -0.017578 0.024780 0.021851 -0.001442 0.019653 0.001053 -0.011230 0.023560 
  Weight 1 (Name: layer24_ffn_down:loraA, Dim: 24576): -0.009522 0.040039 0.002396 0.001305 0.011170 -0.002975 0.033203 -0.034912 -0.008424 -0.000039 ... 0.000847 0.011230 -0.006226 0.019165 -0.049805 0.023926 0.017578 -0.044678 -0.005249 0.001030 
  Weight 2 (Name: layer24_ffn_down:loraB, Dim: 8192): 0.024415 0.000176 -0.009277 0.018799 0.030030 -0.005615 -0.012329 -0.006287 0.000664 0.015869 ... 0.015564 -0.029419 -0.009765 0.020997 0.005219 0.034180 -0.006469 0.022827 -0.009521 0.023680 

Layer: layer24_decoder_output (Type: addition)

Layer: layer24_decoder_output/generated_out_0 (Type: multiout)

Layer: layer25_attention_norm (Type: rms_norm)
  Weight 0 (Name: layer25_attention_norm:gamma, Dim: 1024): -0.006439 -0.006500 0.004028 0.003143 -0.002975 0.011230 0.017334 -0.008728 0.007874 0.002258 ... -0.007507 0.004608 0.000881 -0.003418 -0.029907 0.047852 0.007263 0.003265 0.007599 -0.002487 

Layer: layer25_attention_norm/generated_out_0 (Type: multiout)

Layer: layer25_wq (Type: fully_connected)
  Weight 0 (Name: layer25_wq:weight, Dim: 2097152): -0.002930 -0.016846 -0.004181 0.010742 0.005676 -0.006531 0.016846 -0.028076 -0.010315 -0.001213 ... -0.004150 -0.024780 0.017578 -0.054443 0.000044 -0.016724 -0.016846 0.013672 -0.011230 0.012329 
  Weight 1 (Name: layer25_wq:loraA, Dim: 8192): -0.016846 -0.020508 -0.022705 -0.007202 -0.001915 0.020264 0.005707 0.022827 0.036133 -0.001549 ... -0.006348 -0.027588 -0.013062 -0.037109 0.006378 -0.041748 -0.013245 -0.017212 0.004547 -0.006744 
  Weight 2 (Name: layer25_wq:loraB, Dim: 16384): -0.011414 -0.000679 -0.022949 0.015625 0.014221 0.001343 -0.022705 0.020020 -0.082520 -0.018799 ... 0.012817 -0.041504 -0.003876 -0.009033 -0.023193 0.013123 -0.008972 -0.005035 0.041748 -0.017456 

Layer: layer25_q_norm (Type: reshaped_rms_norm)
  Weight 0 (Name: layer25_q_norm:gamma, Dim: 128): -0.020874 0.012024 0.011719 -0.016357 0.008850 0.044922 -0.004059 0.033691 0.016113 -0.027832 ... -0.055176 0.013672 0.011169 -0.064453 0.011597 0.005035 -0.026978 -0.004913 0.010864 0.011108 

Layer: layer25_wk (Type: fully_connected)
  Weight 0 (Name: layer25_wk:weight, Dim: 1048576): -0.004059 0.019043 0.028320 -0.001320 0.019043 -0.006775 -0.006805 0.036865 -0.007477 0.017944 ... 0.017700 -0.030518 0.020020 -0.018311 -0.043701 -0.006897 -0.037109 0.005737 -0.029541 -0.048584 
  Weight 1 (Name: layer25_wk:loraA, Dim: 8192): -0.027588 0.005554 0.013123 -0.028442 -0.063965 -0.013489 -0.031250 -0.001060 0.032227 0.014038 ... -0.006775 0.064453 -0.025391 0.045410 0.012573 -0.037598 0.022217 -0.017822 0.023560 0.026733 
  Weight 2 (Name: layer25_wk:loraB, Dim: 8192): 0.012329 0.020752 -0.013000 0.020996 0.046875 -0.013672 -0.000122 0.030640 0.000383 -0.000629 ... -0.006592 0.022095 -0.003998 0.011536 0.010254 -0.005463 0.021606 -0.005371 0.014893 -0.012512 

Layer: layer25_k_norm (Type: reshaped_rms_norm)
  Weight 0 (Name: layer25_k_norm:gamma, Dim: 128): 0.034180 -0.006317 -0.019897 0.005890 0.033936 -0.031982 -0.065430 0.009460 0.000603 0.031982 ... 0.022095 0.002838 -0.020142 0.027344 -0.013489 0.004425 -0.007599 -0.006042 0.008789 0.006927 

Layer: layer25_wv (Type: fully_connected)
  Weight 0 (Name: layer25_wv:weight, Dim: 1048576): 0.003998 0.043457 0.002533 0.007996 -0.025391 -0.044678 -0.051270 -0.023193 -0.041260 -0.013123 ... 0.016602 -0.018066 -0.010010 0.005341 0.005859 0.005920 -0.018799 -0.017090 0.081543 -0.002686 
  Weight 1 (Name: layer25_wv:loraA, Dim: 8192): -0.030067 -0.003343 -0.009969 -0.019396 -0.024300 0.002789 0.037583 -0.015082 -0.016270 0.000916 ... 0.044206 0.024720 0.000260 0.002985 0.019037 0.027714 0.016599 -0.037360 0.027095 0.008075 
  Weight 2 (Name: layer25_wv:loraB, Dim: 8192): -0.021300 0.002049 0.049589 -0.032119 0.012174 0.048601 -0.017725 -0.048999 -0.005724 0.011229 ... 0.005430 -0.029149 0.046232 0.045321 -0.041644 0.009204 -0.075294 0.014122 0.017717 0.006126 

Layer: layer25_attention (Type: mha_core)

Layer: layer25_attention_out (Type: fully_connected)
  Weight 0 (Name: layer25_attention_out:weight, Dim: 2097152): 0.000322 0.042236 0.098145 -0.012756 0.020630 -0.048096 -0.053223 -0.008179 0.016724 -0.047119 ... -0.003693 -0.030762 -0.000675 -0.002075 -0.004761 -0.015869 0.003571 -0.035889 -0.011963 -0.011292 
  Weight 1 (Name: layer25_attention_out:loraA, Dim: 16384): 0.020949 -0.023139 -0.002950 0.014133 -0.014916 -0.003820 0.021071 0.028017 0.006639 -0.009354 ... -0.005828 0.012757 -0.016810 0.013761 0.011762 0.010517 0.030111 0.012266 0.010171 -0.003583 
  Weight 2 (Name: layer25_attention_out:loraB, Dim: 8192): 0.003045 0.003478 -0.009755 -0.017194 -0.003970 -0.010935 0.022360 -0.005520 -0.003892 -0.002046 ... 0.039238 0.018018 -0.021435 0.022317 0.000941 -0.026102 -0.041657 0.006265 -0.035070 0.013722 

Layer: layer25_decoder_add (Type: addition)

Layer: layer25_decoder_add/generated_out_0 (Type: multiout)

Layer: layer25_ffn_norm (Type: rms_norm)
  Weight 0 (Name: layer25_ffn_norm:gamma, Dim: 1024): 0.007111 -0.023438 0.005005 -0.008057 0.038818 0.005188 0.010010 0.007660 0.012146 -0.001099 ... 0.009583 0.012512 0.000938 0.013184 0.019165 -0.029907 0.021729 0.021118 -0.032471 0.026489 

Layer: layer25_ffn_norm/generated_out_0 (Type: multiout)

Layer: layer25_ffn_up (Type: fully_connected)
  Weight 0 (Name: layer25_ffn_up:weight, Dim: 3145728): -0.004211 -0.011536 -0.002731 0.005219 0.011047 0.023926 0.050049 -0.027466 -0.036377 -0.030151 ... -0.002991 0.001244 -0.035400 0.010620 -0.015503 0.000687 -0.018433 -0.006104 0.014038 -0.007172 
  Weight 1 (Name: layer25_ffn_up:loraA, Dim: 8192): -0.009033 -0.014709 0.012085 0.001656 -0.020386 0.037109 0.009460 -0.004974 0.014832 0.000179 ... 0.033691 0.014038 -0.041748 -0.029541 0.007202 -0.001480 0.001663 0.001556 -0.010010 -0.052979 
  Weight 2 (Name: layer25_ffn_up:loraB, Dim: 24576): 0.011597 -0.102051 0.058105 0.005249 0.049561 -0.109863 0.013550 0.133789 0.007629 -0.042480 ... 0.000935 0.028076 -0.052979 0.006958 0.015747 0.008301 0.015747 0.013367 -0.030396 0.069336 

Layer: layer25_ffn_gate (Type: fully_connected)
  Weight 0 (Name: layer25_ffn_gate:weight, Dim: 3145728): -0.026367 0.007782 0.027100 0.032715 -0.048340 -0.050049 -0.017334 -0.106445 0.022217 -0.136719 ... -0.002411 -0.019775 0.003067 -0.006378 -0.018188 0.024902 0.020752 0.030029 0.052734 0.033203 
  Weight 1 (Name: layer25_ffn_gate:loraA, Dim: 8192): -0.005157 -0.004852 -0.020508 0.006592 0.010498 -0.027100 0.004211 0.011108 0.002060 -0.007172 ... 0.027344 -0.025146 0.022583 0.011963 0.029297 -0.009277 -0.026367 -0.014709 -0.003357 0.049316 
  Weight 2 (Name: layer25_ffn_gate:loraB, Dim: 24576): -0.012756 0.016846 0.000226 0.018188 -0.031006 -0.042725 0.014648 -0.000786 -0.007660 -0.002731 ... -0.006866 -0.045898 0.017456 -0.013000 0.005585 0.026978 -0.017456 0.007599 -0.008728 -0.020996 

Layer: layer25_ffn_swiglu (Type: swiglu)

Layer: layer25_ffn_down (Type: fully_connected)
  Weight 0 (Name: layer25_ffn_down:weight, Dim: 3145728): -0.002792 0.028320 0.007050 0.019531 0.005402 0.010986 0.004852 -0.009155 0.012817 -0.000222 ... -0.129883 -0.014648 -0.000381 -0.018677 -0.008362 0.001465 -0.021973 0.002548 -0.095215 0.021729 
  Weight 1 (Name: layer25_ffn_down:loraA, Dim: 24576): 0.034668 0.024292 -0.003738 -0.011475 0.020996 0.008179 0.002106 0.018555 0.010498 -0.005374 ... -0.011353 -0.027466 0.034180 -0.011596 0.001227 0.002641 -0.009095 -0.009277 0.009887 0.007019 
  Weight 2 (Name: layer25_ffn_down:loraB, Dim: 8192): 0.001335 0.012085 0.014343 -0.001343 0.009339 0.001945 0.001511 0.020386 0.049072 0.004516 ... 0.035645 -0.020141 0.011230 -0.025391 -0.008240 -0.033447 -0.030030 0.013916 -0.027100 -0.022825 

Layer: layer25_decoder_output (Type: addition)

Layer: layer25_decoder_output/generated_out_0 (Type: multiout)

Layer: layer26_attention_norm (Type: rms_norm)
  Weight 0 (Name: layer26_attention_norm:gamma, Dim: 1024): 0.013123 -0.007416 -0.003204 0.018433 -0.008057 -0.032227 0.018188 0.009827 -0.028564 0.011902 ... 0.012451 0.034180 0.000332 0.005615 0.001350 0.004761 -0.024048 -0.010559 0.003845 0.028809 

Layer: layer26_attention_norm/generated_out_0 (Type: multiout)

Layer: layer26_wq (Type: fully_connected)
  Weight 0 (Name: layer26_wq:weight, Dim: 2097152): 0.008911 0.008484 -0.024536 0.005432 -0.018066 -0.013916 -0.000961 0.009094 0.000538 0.001366 ... -0.046143 -0.020874 0.028320 0.000496 0.038574 0.007751 0.009277 -0.034668 0.032959 0.014465 
  Weight 1 (Name: layer26_wq:loraA, Dim: 8192): -0.060059 0.009399 0.010864 -0.020630 -0.003906 -0.018066 0.027100 0.001793 0.037598 -0.026123 ... 0.009521 0.012695 -0.011841 0.006134 0.005463 0.042969 0.059570 0.035889 0.010071 0.010803 
  Weight 2 (Name: layer26_wq:loraB, Dim: 16384): -0.034912 -0.008667 -0.008667 -0.012573 0.007507 -0.009033 -0.035645 -0.010437 -0.017334 -0.014526 ... 0.002487 -0.034424 0.009766 -0.015381 0.031738 -0.037598 0.014709 0.036133 0.000054 0.020264 

Layer: layer26_q_norm (Type: reshaped_rms_norm)
  Weight 0 (Name: layer26_q_norm:gamma, Dim: 128): -0.013550 -0.067383 0.068848 -0.022827 -0.007996 -0.043457 0.001465 0.026489 -0.017456 0.026123 ... -0.031738 0.045410 0.019043 -0.060791 -0.046387 -0.014587 0.001518 -0.077637 -0.028687 0.010193 

Layer: layer26_wk (Type: fully_connected)
  Weight 0 (Name: layer26_wk:weight, Dim: 1048576): -0.020386 -0.013489 -0.010681 0.016968 -0.007599 -0.064453 -0.019653 -0.027588 0.014587 -0.051025 ... 0.019775 0.028320 0.007141 0.004456 0.002426 0.019287 0.010925 -0.015869 -0.000992 0.003159 
  Weight 1 (Name: layer26_wk:loraA, Dim: 8192): 0.019043 -0.002563 0.030762 -0.008484 -0.052002 -0.017700 0.025879 -0.032471 0.012695 0.002991 ... 0.012939 0.030029 0.025513 0.007599 0.028076 0.033203 -0.017822 0.005554 0.001808 0.009033 
  Weight 2 (Name: layer26_wk:loraB, Dim: 8192): -0.010254 0.014709 -0.002014 0.004578 0.014160 -0.011536 0.009521 0.009399 -0.004791 -0.012085 ... -0.006531 -0.014648 -0.008240 0.029785 -0.015747 0.007355 -0.013000 0.012451 0.003891 0.016357 

Layer: layer26_k_norm (Type: reshaped_rms_norm)
  Weight 0 (Name: layer26_k_norm:gamma, Dim: 128): 0.010742 0.015564 0.005341 0.006927 0.017090 0.018188 -0.008972 0.016235 0.003845 0.019775 ... -0.003769 0.001091 0.009399 -0.023438 -0.011963 0.022583 0.005249 -0.016479 -0.041016 0.000334 

Layer: layer26_wv (Type: fully_connected)
  Weight 0 (Name: layer26_wv:weight, Dim: 1048576): 0.020386 -0.021851 -0.060059 0.017212 0.010315 -0.000710 -0.010803 -0.049072 0.030884 0.022339 ... -0.045654 0.041504 -0.047852 0.020020 0.044434 0.055176 -0.058350 0.031738 -0.030396 0.051270 
  Weight 1 (Name: layer26_wv:loraA, Dim: 8192): 0.011327 -0.003384 0.002789 0.006963 -0.022902 0.034173 -0.004052 0.001214 -0.018750 -0.000519 ... -0.007566 0.028953 0.021833 0.017044 -0.014803 -0.018495 0.059936 -0.032483 -0.039538 0.023184 
  Weight 2 (Name: layer26_wv:loraB, Dim: 8192): -0.040938 -0.025638 -0.011936 -0.025322 0.009793 -0.057004 -0.004891 0.047275 -0.029961 -0.038747 ... -0.009307 -0.017720 0.047335 -0.013978 -0.024274 0.029805 -0.024187 0.072375 -0.015510 0.024737 

Layer: layer26_attention (Type: mha_core)

Layer: layer26_attention_out (Type: fully_connected)
  Weight 0 (Name: layer26_attention_out:weight, Dim: 2097152): 0.018433 -0.006927 0.015503 -0.005859 -0.008240 0.010559 0.013367 -0.019287 0.002060 -0.033447 ... -0.011475 0.003601 -0.001122 -0.021729 -0.018799 -0.003601 -0.006409 0.007111 -0.007477 0.029297 
  Weight 1 (Name: layer26_attention_out:loraA, Dim: 16384): -0.025391 -0.025999 0.014588 -0.014465 -0.004761 0.015991 -0.000778 -0.015869 -0.006285 0.007880 ... 0.008221 0.009946 0.016719 -0.036495 -0.018272 0.005109 0.008520 -0.028475 -0.014725 0.032233 
  Weight 2 (Name: layer26_attention_out:loraB, Dim: 8192): -0.013776 0.022094 -0.019523 0.011244 -0.007302 0.004753 -0.018294 -0.000466 -0.042481 0.002901 ... -0.031135 0.044916 0.002569 0.009472 -0.004141 -0.014768 -0.011404 0.001388 0.033701 -0.018718 

Layer: layer26_decoder_add (Type: addition)

Layer: layer26_decoder_add/generated_out_0 (Type: multiout)

Layer: layer26_ffn_norm (Type: rms_norm)
  Weight 0 (Name: layer26_ffn_norm:gamma, Dim: 1024): -0.010315 -0.007721 0.015076 -0.018677 -0.020874 -0.000874 0.009460 -0.008606 -0.033936 -0.009277 ... -0.008301 -0.005127 0.015198 0.019531 -0.029663 -0.007080 0.000393 -0.037842 -0.001297 0.025391 

Layer: layer26_ffn_norm/generated_out_0 (Type: multiout)

Layer: layer26_ffn_up (Type: fully_connected)
  Weight 0 (Name: layer26_ffn_up:weight, Dim: 3145728): -0.007935 0.000437 -0.005829 -0.027710 0.004425 0.035889 0.014160 -0.004974 0.015381 -0.018677 ... 0.005829 -0.006714 -0.028809 -0.065918 -0.023804 -0.067871 -0.060303 0.011719 0.008911 -0.074219 
  Weight 1 (Name: layer26_ffn_up:loraA, Dim: 8192): 0.006409 0.049072 -0.036377 0.075684 -0.010132 -0.018555 -0.004608 -0.024780 0.026489 -0.019287 ... -0.010986 -0.010315 -0.013733 -0.017334 -0.010315 -0.004242 -0.004242 -0.010071 -0.000133 0.002548 
  Weight 2 (Name: layer26_ffn_up:loraB, Dim: 24576): 0.026855 -0.049805 0.051514 -0.075684 0.121094 -0.010742 0.003830 0.077148 0.024902 0.005585 ... -0.012024 0.000107 0.012634 -0.024292 -0.004333 -0.002594 -0.020874 0.005737 -0.004791 0.008118 

Layer: layer26_ffn_gate (Type: fully_connected)
  Weight 0 (Name: layer26_ffn_gate:weight, Dim: 3145728): 0.005188 0.093262 0.007446 -0.055908 -0.045410 -0.003693 -0.006592 -0.074707 0.024902 0.000208 ... -0.046387 0.025146 0.000839 -0.049805 -0.039551 -0.063965 0.007263 0.011597 0.023438 0.035889 
  Weight 1 (Name: layer26_ffn_gate:loraA, Dim: 8192): -0.086914 -0.021606 -0.034180 -0.011719 -0.031982 -0.023438 0.082031 0.030151 -0.040771 -0.046143 ... 0.020996 0.007111 0.021118 0.013367 0.003967 0.012512 -0.001785 -0.001999 0.032959 -0.000828 
  Weight 2 (Name: layer26_ffn_gate:loraB, Dim: 24576): 0.056885 -0.038330 0.018677 0.026855 -0.018311 0.012207 0.045410 -0.007202 0.023438 -0.013062 ... -0.044678 -0.020142 0.008606 -0.002518 -0.000225 -0.019653 0.012939 0.008362 -0.007996 0.038086 

Layer: layer26_ffn_swiglu (Type: swiglu)

Layer: layer26_ffn_down (Type: fully_connected)
  Weight 0 (Name: layer26_ffn_down:weight, Dim: 3145728): -0.075195 -0.015320 0.022217 0.032227 -0.016235 0.048096 0.021851 -0.050049 0.055908 0.017090 ... 0.046387 -0.004059 -0.000172 -0.016724 0.055664 -0.020142 0.000406 -0.016357 0.002975 0.002747 
  Weight 1 (Name: layer26_ffn_down:loraA, Dim: 24576): 0.019043 0.002258 0.060791 -0.011963 0.004669 -0.027588 -0.009949 -0.016724 -0.026245 -0.007080 ... -0.001297 0.008361 0.043945 0.048584 -0.000626 -0.018188 0.023926 -0.036133 0.008362 -0.004944 
  Weight 2 (Name: layer26_ffn_down:loraB, Dim: 8192): 0.022704 0.016724 0.009460 -0.016968 -0.027100 0.001557 -0.003571 0.003937 0.038330 0.041260 ... -0.013794 0.003937 0.023315 0.059326 0.012695 0.004730 0.020263 -0.011963 0.019043 -0.002975 

Layer: layer26_decoder_output (Type: addition)

Layer: layer26_decoder_output/generated_out_0 (Type: multiout)

Layer: layer27_attention_norm (Type: rms_norm)
  Weight 0 (Name: layer27_attention_norm:gamma, Dim: 1024): 0.014282 0.011780 -0.043945 -0.025513 -0.005188 -0.020020 0.044189 -0.016602 -0.001335 -0.010559 ... 0.028564 -0.018677 0.015137 -0.006348 -0.013123 0.017456 0.019409 -0.042725 -0.010132 0.028442 

Layer: layer27_attention_norm/generated_out_0 (Type: multiout)

Layer: layer27_wq (Type: fully_connected)
  Weight 0 (Name: layer27_wq:weight, Dim: 2097152): -0.074707 -0.049805 0.013062 -0.011475 -0.020874 -0.009521 0.075684 0.023926 0.011658 -0.004425 ... -0.004730 -0.022217 0.022583 -0.021240 0.021973 -0.006897 -0.037109 -0.022217 0.033691 -0.018555 
  Weight 1 (Name: layer27_wq:loraA, Dim: 8192): -0.000043 0.033936 -0.006165 -0.009766 -0.003540 0.048096 -0.010193 -0.066406 0.023193 0.025146 ... -0.049316 -0.010376 -0.004059 -0.031250 -0.011597 -0.007538 0.017578 0.025391 -0.001678 -0.013550 
  Weight 2 (Name: layer27_wq:loraB, Dim: 16384): -0.000549 -0.004517 -0.009033 -0.014465 -0.027466 0.030884 0.036621 -0.002289 -0.024170 -0.027954 ... 0.017456 0.046875 -0.061768 0.005554 0.007141 -0.014099 -0.003036 0.020264 0.011719 -0.014343 

Layer: layer27_q_norm (Type: reshaped_rms_norm)
  Weight 0 (Name: layer27_q_norm:gamma, Dim: 128): -0.015198 0.039062 -0.021851 0.021729 0.021729 0.014893 -0.015869 0.040771 0.027832 0.010681 ... -0.011230 0.005646 0.011108 0.019897 -0.080078 0.013855 0.002457 -0.001076 -0.016968 0.001877 

Layer: layer27_wk (Type: fully_connected)
  Weight 0 (Name: layer27_wk:weight, Dim: 1048576): 0.018066 0.009521 0.010010 0.016357 0.021606 -0.049316 0.057617 0.044434 0.044189 -0.008484 ... -0.007141 -0.006897 -0.010071 -0.031982 -0.046631 0.002640 -0.002594 -0.008484 -0.040039 -0.002701 
  Weight 1 (Name: layer27_wk:loraA, Dim: 8192): -0.000595 -0.001114 0.003311 -0.003937 0.179688 0.005066 0.019165 0.018555 -0.035400 0.005310 ... 0.033691 0.008972 0.022461 0.014465 0.019165 0.007507 0.005463 0.052734 0.008972 -0.004639 
  Weight 2 (Name: layer27_wk:loraB, Dim: 8192): 0.036621 -0.046387 -0.017700 0.021606 0.004272 -0.000591 -0.015015 0.009399 -0.048828 -0.021362 ... 0.005066 0.000087 -0.014465 -0.007935 0.011047 0.018555 -0.004974 0.003601 -0.020020 -0.032227 

Layer: layer27_k_norm (Type: reshaped_rms_norm)
  Weight 0 (Name: layer27_k_norm:gamma, Dim: 128): 0.008301 -0.003830 -0.002670 -0.005981 -0.014954 -0.002625 -0.020020 -0.002060 -0.010071 -0.008362 ... 0.006470 0.012146 -0.009216 0.015625 -0.027222 -0.019531 -0.032227 0.002533 -0.021973 0.016479 

Layer: layer27_wv (Type: fully_connected)
  Weight 0 (Name: layer27_wv:weight, Dim: 1048576): 0.014954 0.042725 -0.028931 0.031738 0.019409 0.015076 0.033447 0.005524 -0.007660 0.086914 ... -0.004791 0.012756 -0.024170 0.033447 0.001068 -0.042725 -0.014771 0.023682 0.050293 0.039795 
  Weight 1 (Name: layer27_wv:loraA, Dim: 8192): 0.018736 -0.042951 0.016866 -0.009391 -0.026718 0.021326 -0.014436 0.017463 -0.027149 0.029799 ... 0.000981 -0.012395 0.025171 -0.017794 0.002488 -0.009299 0.018701 0.007939 0.001614 -0.007587 
  Weight 2 (Name: layer27_wv:loraB, Dim: 8192): 0.089360 0.007830 0.064497 0.009635 0.013253 0.008274 -0.025171 -0.011565 0.008951 0.012238 ... -0.022694 0.018628 -0.023654 0.026420 0.027566 0.001555 0.010749 0.047372 -0.009947 0.010075 

Layer: layer27_attention (Type: mha_core)

Layer: layer27_attention_out (Type: fully_connected)
  Weight 0 (Name: layer27_attention_out:weight, Dim: 2097152): -0.045166 -0.014954 -0.052490 0.003281 -0.010376 0.081543 -0.031494 0.052979 0.015381 -0.024658 ... 0.001930 -0.003845 -0.008301 0.012451 0.034668 0.030273 -0.000607 0.010864 -0.033447 -0.009888 
  Weight 1 (Name: layer27_attention_out:loraA, Dim: 16384): 0.012257 -0.000540 -0.017445 0.008641 0.028316 -0.030678 -0.015470 -0.000773 -0.035683 0.029339 ... -0.008767 0.003574 -0.016000 0.026589 -0.000197 -0.005908 0.004395 -0.001770 0.015630 -0.028204 
  Weight 2 (Name: layer27_attention_out:loraB, Dim: 8192): -0.011291 0.044678 -0.006195 0.006043 -0.024292 -0.010559 -0.010986 -0.018799 0.017945 0.032227 ... 0.022959 -0.001151 0.006583 0.007735 0.020859 -0.007052 -0.002045 0.007949 -0.019424 -0.003219 

Layer: layer27_decoder_add (Type: addition)

Layer: layer27_decoder_add/generated_out_0 (Type: multiout)

Layer: layer27_ffn_norm (Type: rms_norm)
  Weight 0 (Name: layer27_ffn_norm:gamma, Dim: 1024): -0.012085 0.000668 0.001122 0.024048 0.012756 0.019165 0.015503 0.017212 0.014038 -0.024658 ... -0.012451 0.008301 -0.044189 -0.012939 0.012634 -0.029663 -0.030396 0.007568 0.016846 -0.005341 

Layer: layer27_ffn_norm/generated_out_0 (Type: multiout)

Layer: layer27_ffn_up (Type: fully_connected)
  Weight 0 (Name: layer27_ffn_up:weight, Dim: 3145728): 0.003326 -0.007172 -0.015381 0.005585 -0.026611 0.013916 0.008362 0.010010 0.006409 0.011780 ... -0.003113 -0.019653 -0.026123 -0.001823 -0.006836 -0.007690 -0.011292 0.006958 -0.007172 -0.016479 
  Weight 1 (Name: layer27_ffn_up:loraA, Dim: 8192): -0.028931 -0.006653 -0.087402 -0.018066 0.072754 -0.005463 0.001762 -0.023926 -0.064453 -0.048584 ... -0.014038 -0.007935 -0.010193 -0.029907 0.000504 0.007996 0.013428 0.033691 -0.002182 -0.014954 
  Weight 2 (Name: layer27_ffn_up:loraB, Dim: 24576): -0.011230 -0.041016 0.061768 0.010864 -0.074219 -0.003708 0.019287 -0.032227 0.085938 0.014343 ... -0.010498 -0.012207 -0.007660 -0.026123 0.010437 0.004456 -0.012634 0.016113 0.001411 -0.023071 

Layer: layer27_ffn_gate (Type: fully_connected)
  Weight 0 (Name: layer27_ffn_gate:weight, Dim: 3145728): -0.013489 -0.013733 0.037354 0.090332 0.017456 -0.006226 0.000171 -0.037598 0.001114 -0.004486 ... -0.031494 -0.007812 -0.031738 -0.005249 0.008850 -0.005127 -0.006409 0.011597 -0.003113 0.010864 
  Weight 1 (Name: layer27_ffn_gate:loraA, Dim: 8192): 0.022217 -0.002380 0.017090 -0.025391 0.004333 -0.017578 0.004578 0.007019 -0.017822 0.014832 ... 0.044434 0.029175 0.025513 0.014160 -0.023804 0.045654 0.039307 0.056152 0.019165 0.034424 
  Weight 2 (Name: layer27_ffn_gate:loraB, Dim: 24576): -0.009460 -0.006317 0.008972 -0.020020 -0.030151 0.045410 0.036621 0.018921 -0.012878 -0.051025 ... -0.009460 0.043701 0.021484 0.004852 -0.040771 -0.023926 -0.044678 -0.044434 -0.021606 0.004608 

Layer: layer27_ffn_swiglu (Type: swiglu)

Layer: layer27_ffn_down (Type: fully_connected)
  Weight 0 (Name: layer27_ffn_down:weight, Dim: 3145728): 0.043945 0.052734 -0.016357 0.005768 0.008606 0.014404 0.002197 -0.009888 -0.006226 0.010864 ... 0.008789 0.002380 -0.007568 0.006195 -0.000083 0.016724 0.012207 0.023438 0.002838 0.073242 
  Weight 1 (Name: layer27_ffn_down:loraA, Dim: 24576): 0.015625 0.000816 0.001997 -0.009826 0.008972 -0.016724 0.000797 -0.013612 -0.002075 0.003357 ... -0.045166 -0.007477 -0.001122 0.005279 0.001845 -0.018432 -0.006409 0.025757 -0.009521 0.043457 
  Weight 2 (Name: layer27_ffn_down:loraB, Dim: 8192): -0.010009 -0.003860 0.004120 0.006592 0.026490 0.003631 0.001061 0.016113 -0.019653 0.009460 ... -0.048584 -0.006409 0.003876 0.019531 -0.000916 -0.006134 -0.004822 0.087891 0.005554 0.012513 

Layer: layer27_decoder_output (Type: addition)

Layer: output_norm (Type: rms_norm)
  Weight 0 (Name: output_norm:gamma, Dim: 1024): 0.001199 0.008766 0.005104 0.003853 -0.002027 0.013588 0.005228 0.012185 0.010170 0.012304 ... 0.014808 0.015297 0.004555 -0.008635 -0.014251 0.006996 -0.020477 0.018653 -0.008758 0.047704 

Layer: output_norm/generated_out_0 (Type: multiout)

Layer: lm_head (Type: tie_word_embeddings)
  Weight 0 (Name: lm_head:Embedding, Dim: 155582464): 1.000000 1.000000 1.000000 1.000000 1.000000 1.000000 1.000000 1.000000 1.000000 1.000000 ... 1.000000 1.000000 1.000000 1.000000 1.000000 1.000000 1.000000 1.000000 1.000000 1.000000 
  Weight 1 (Name: lm_head:bias, Dim: 151936): 0.000000 0.000000 0.000000 0.000000 0.000000 0.000000 0.000000 0.000000 0.000000 0.000000 ... 0.000000 0.000000 0.000000 0.000000 0.000000 0.000000 0.000000 0.000000 0.000000 0.000000 

Layer: output_of_causallm (Type: tie_word_embeddings)
  Weight 0 (Name: embedding0:Embedding, Dim: 155582464): 1.000602 1.000601 1.000601 1.000601 0.999403 1.000601 1.000601 1.000601 1.000601 1.000601 ... 0.999970 0.999966 0.999991 1.000021 1.000029 0.999987 1.000043 0.999956 1.000018 0.999924 

Layer: loss (Type: cross_softmax)

