=== Detailed Model Weights Export ===
Export Time: 1776757618
=====================================

Layer: input0 (Type: input)

Layer: embedding0 (Type: tie_word_embeddings)
  Weight 0 (Name: embedding0:Embedding, Dim: 155582464): 1.000000 1.000000 1.000000 1.000000 1.000000 1.000000 1.000000 1.000000 1.000000 1.000000 ... 1.000000 1.000000 1.000000 1.000000 1.000000 1.000000 1.000000 1.000000 1.000000 1.000000 

Layer: embedding0/generated_out_0 (Type: multiout)

Layer: layer0_attention_norm (Type: rms_norm)
  Weight 0 (Name: layer0_attention_norm:gamma, Dim: 1024): -0.009277 0.033691 -0.074707 -0.018066 -0.006165 -0.015137 -0.031982 0.007812 -0.023071 0.039307 ... 0.023193 0.003479 0.023560 0.065918 -0.036865 0.054688 0.009094 0.011963 -0.010559 0.015991 

Layer: layer0_attention_norm/generated_out_0 (Type: multiout)

Layer: layer0_wq (Type: fully_connected)
  Weight 0 (Name: layer0_wq:weight, Dim: 2097152): 0.031982 0.023804 -0.059326 0.003815 0.011292 -0.042725 -0.002045 0.019409 -0.084961 -0.035156 ... -0.009216 0.042969 -0.073242 -0.025879 -0.011780 -0.015198 0.019043 -0.019409 -0.077637 -0.026489 
  Weight 1 (Name: layer0_wq:loraA, Dim: 8192): 0.045166 -0.002121 -0.026245 -0.007202 0.018066 -0.033447 -0.016968 0.027832 -0.036621 0.010193 ... 0.032959 0.055176 -0.052734 -0.027710 0.018066 -0.011230 0.016968 -0.039795 0.017700 -0.015137 
  Weight 2 (Name: layer0_wq:loraB, Dim: 16384): 0.057129 -0.001846 -0.005066 -0.021729 0.002594 -0.014465 -0.005646 0.046631 -0.012085 -0.039307 ... 0.051270 0.017334 -0.018311 -0.013916 -0.027466 0.038086 -0.030151 -0.003525 -0.014648 -0.012390 

Layer: layer0_q_norm (Type: reshaped_rms_norm)
  Weight 0 (Name: layer0_q_norm:gamma, Dim: 128): -0.023560 -0.001411 -0.062500 0.056396 0.015747 -0.019531 -0.019043 0.031250 -0.105469 -0.039062 ... 0.049805 0.001350 -0.035645 -0.001884 -0.010376 0.023926 0.008240 -0.042725 -0.016113 -0.013611 

Layer: layer0_wk (Type: fully_connected)
  Weight 0 (Name: layer0_wk:weight, Dim: 1048576): 0.038086 0.010010 -0.011353 -0.041504 0.010315 -0.022217 0.025757 -0.004395 -0.004333 0.008850 ... 0.042725 0.003876 0.019897 -0.011230 0.022095 0.012268 0.012085 0.025635 0.003189 -0.013489 
  Weight 1 (Name: layer0_wk:loraA, Dim: 8192): 0.019043 -0.025635 -0.004669 0.021118 0.015564 0.003403 -0.003052 0.013672 0.031250 -0.021973 ... -0.026001 0.037354 0.035156 0.013184 -0.020386 0.024902 -0.024292 -0.011719 -0.041748 -0.020508 
  Weight 2 (Name: layer0_wk:loraB, Dim: 8192): -0.015442 -0.028198 0.025635 0.008972 -0.002106 -0.020264 -0.026855 0.024292 -0.071777 -0.103027 ... 0.029663 0.008423 -0.008362 0.027222 0.015625 0.031738 -0.042236 0.001816 -0.033447 -0.031250 

Layer: layer0_k_norm (Type: reshaped_rms_norm)
  Weight 0 (Name: layer0_k_norm:gamma, Dim: 128): -0.008606 -0.029419 -0.005829 0.041504 0.028442 0.017822 -0.021240 -0.017700 -0.013367 0.020020 ... -0.017944 0.024658 -0.057373 -0.017700 -0.016846 -0.021362 0.007416 -0.008118 -0.010315 0.031250 

Layer: layer0_wv (Type: fully_connected)
  Weight 0 (Name: layer0_wv:weight, Dim: 1048576): -0.009277 -0.000748 -0.023071 0.015320 0.053223 -0.039795 0.006042 -0.025879 -0.019653 -0.009216 ... 0.014893 -0.052246 -0.002777 0.030273 -0.037354 -0.054443 0.010864 0.015564 -0.006744 -0.013184 
  Weight 1 (Name: layer0_wv:loraA, Dim: 8192): -0.002151 -0.007263 0.019775 -0.004150 0.008179 0.023315 0.060547 -0.021118 0.041992 0.002304 ... 0.028320 0.055664 -0.005859 0.000862 -0.005341 -0.060303 0.028198 -0.001869 0.005432 0.011841 
  Weight 2 (Name: layer0_wv:loraB, Dim: 8192): -0.025879 -0.053467 0.056885 0.003815 0.014832 0.009094 -0.021729 -0.008179 -0.051758 0.026611 ... 0.002563 0.022217 0.021729 0.002274 0.031250 -0.070801 0.031982 0.031982 0.028442 -0.005035 

Layer: layer0_attention (Type: mha_core)

Layer: layer0_attention_out (Type: fully_connected)
  Weight 0 (Name: layer0_attention_out:weight, Dim: 2097152): 0.021118 0.000984 -0.030762 0.021240 0.024536 0.009155 -0.035889 -0.012939 -0.055664 0.031494 ... -0.027100 -0.013672 -0.003204 -0.056641 -0.050293 -0.043213 0.012512 0.004303 0.065430 -0.016602 
  Weight 1 (Name: layer0_attention_out:loraA, Dim: 16384): 0.026489 -0.023071 -0.003586 0.031250 0.055176 0.024902 -0.047119 0.044434 0.009277 -0.020264 ... 0.002319 0.032227 0.025269 -0.020508 -0.034668 -0.036621 0.015442 0.026001 -0.040039 0.011047 
  Weight 2 (Name: layer0_attention_out:loraB, Dim: 8192): -0.022339 -0.016724 0.063477 -0.007080 -0.024780 -0.040527 -0.015076 -0.007751 -0.061035 -0.003967 ... 0.028076 -0.002762 -0.009033 0.014160 -0.028442 -0.021118 0.001671 -0.004181 0.040527 -0.004333 

Layer: layer0_decoder_add (Type: addition)

Layer: layer0_decoder_add/generated_out_0 (Type: multiout)

Layer: layer0_ffn_norm (Type: rms_norm)
  Weight 0 (Name: layer0_ffn_norm:gamma, Dim: 1024): -0.025635 -0.026367 -0.026489 -0.029541 0.033691 0.038574 -0.020752 0.023926 0.017578 -0.071289 ... 0.004578 0.044434 -0.023560 0.000584 -0.042480 -0.014648 0.027588 0.012512 0.029541 -0.011292 

Layer: layer0_ffn_norm/generated_out_0 (Type: multiout)

Layer: layer0_ffn_up (Type: fully_connected)
  Weight 0 (Name: layer0_ffn_up:weight, Dim: 3145728): -0.024902 0.016235 0.047607 -0.013306 -0.013733 -0.033691 -0.043945 -0.048340 -0.047119 -0.026978 ... 0.054688 0.034912 0.041748 -0.009705 0.039551 0.001633 0.001678 -0.005096 0.020874 -0.000256 
  Weight 1 (Name: layer0_ffn_up:loraA, Dim: 8192): -0.003647 0.025635 -0.002014 -0.004364 0.021118 0.055176 -0.006989 -0.011536 0.000357 -0.005219 ... 0.003723 0.009094 0.014893 0.002899 -0.050537 -0.032715 -0.018311 0.035889 0.028076 -0.036621 
  Weight 2 (Name: layer0_ffn_up:loraB, Dim: 24576): -0.027710 0.013306 0.043213 0.013794 0.000142 -0.039062 -0.016602 0.052979 -0.027466 -0.000182 ... -0.032959 -0.009399 -0.046631 0.036865 0.048340 -0.042725 -0.011353 0.012573 -0.018433 -0.028442 

Layer: layer0_ffn_gate (Type: fully_connected)
  Weight 0 (Name: layer0_ffn_gate:weight, Dim: 3145728): -0.001968 -0.017334 0.020630 -0.020020 0.062500 -0.013062 -0.032471 0.002274 0.023315 -0.022461 ... -0.005829 -0.012207 0.024048 0.003357 -0.043945 -0.055420 -0.063477 -0.046631 -0.031128 -0.049561 
  Weight 1 (Name: layer0_ffn_gate:loraA, Dim: 8192): -0.006500 -0.030762 0.042725 -0.000820 0.006134 0.039551 0.008484 0.041260 0.017944 0.019165 ... -0.016724 0.025513 0.015625 0.029297 -0.020386 -0.017334 0.016846 0.013855 -0.016968 -0.023560 
  Weight 2 (Name: layer0_ffn_gate:loraB, Dim: 24576): -0.005066 -0.047119 0.017822 0.002304 0.015137 -0.009705 0.004822 0.020996 0.021973 -0.040283 ... 0.043945 -0.013733 -0.024780 -0.014221 0.027832 -0.024414 -0.041748 -0.002335 0.011414 0.006897 

Layer: layer0_ffn_swiglu (Type: swiglu)

Layer: layer0_ffn_down (Type: fully_connected)
  Weight 0 (Name: layer0_ffn_down:weight, Dim: 3145728): -0.042236 0.000908 -0.017944 0.027832 -0.001053 -0.010071 0.044922 -0.029541 0.054199 0.024292 ... -0.013672 0.038574 -0.032715 -0.016968 -0.003006 -0.030029 0.022583 0.024414 -0.056396 0.005371 
  Weight 1 (Name: layer0_ffn_down:loraA, Dim: 24576): 0.003204 0.003891 0.046143 0.023926 0.001358 0.003250 -0.036621 0.033447 0.028320 -0.025024 ... 0.007111 0.023315 0.002365 -0.005890 -0.046875 -0.014771 0.003525 0.026733 -0.001190 -0.021729 
  Weight 2 (Name: layer0_ffn_down:loraB, Dim: 8192): 0.026489 -0.044189 0.016479 -0.010803 0.009888 -0.033447 0.040527 -0.037842 -0.014771 -0.052246 ... -0.024414 -0.024658 -0.000973 0.036865 -0.050049 -0.041260 0.007263 -0.012939 -0.034912 -0.011169 

Layer: layer0_decoder_output (Type: addition)

Layer: layer0_decoder_output/generated_out_0 (Type: multiout)

Layer: layer1_attention_norm (Type: rms_norm)
  Weight 0 (Name: layer1_attention_norm:gamma, Dim: 1024): -0.008911 0.041992 -0.009827 -0.016235 0.052979 0.023682 -0.027344 0.020752 -0.048828 -0.021484 ... 0.012695 0.002502 -0.009583 -0.018555 -0.017334 -0.010681 -0.025879 -0.025757 -0.001732 -0.019775 

Layer: layer1_attention_norm/generated_out_0 (Type: multiout)

Layer: layer1_wq (Type: fully_connected)
  Weight 0 (Name: layer1_wq:weight, Dim: 2097152): -0.011292 -0.017334 -0.008667 -0.007538 -0.005402 0.027710 -0.030151 0.018799 -0.028320 0.018311 ... 0.030151 -0.041748 0.006958 -0.010742 0.000557 -0.060791 -0.028442 -0.007751 0.041504 -0.004425 
  Weight 1 (Name: layer1_wq:loraA, Dim: 8192): -0.009766 -0.018677 -0.003525 -0.034424 -0.034668 -0.003418 -0.032715 0.015869 -0.006317 0.037842 ... 0.010986 -0.033203 -0.026611 0.023438 0.015625 -0.040283 0.024292 0.011047 -0.005035 -0.027344 
  Weight 2 (Name: layer1_wq:loraB, Dim: 16384): 0.002258 -0.017578 0.016113 0.002853 0.025513 0.026123 -0.029175 -0.046387 0.042725 0.026855 ... -0.003052 0.000877 0.035400 -0.005493 -0.030273 -0.046387 -0.021118 0.007874 -0.031006 0.004974 

Layer: layer1_q_norm (Type: reshaped_rms_norm)
  Weight 0 (Name: layer1_q_norm:gamma, Dim: 128): 0.000626 0.029175 -0.023071 -0.029297 0.004883 -0.004181 0.009766 -0.012634 -0.027344 -0.050781 ... -0.030151 -0.021851 0.016602 -0.028198 -0.001358 0.002914 -0.002197 0.027222 -0.043457 0.027344 

Layer: layer1_wk (Type: fully_connected)
  Weight 0 (Name: layer1_wk:weight, Dim: 1048576): -0.003326 -0.050049 0.019775 0.052979 0.009094 -0.044922 0.049072 0.002899 -0.057617 0.037109 ... -0.011902 -0.005463 0.042969 -0.026489 -0.004547 -0.004578 0.011658 0.005035 0.018555 -0.020020 
  Weight 1 (Name: layer1_wk:loraA, Dim: 8192): 0.018433 0.021484 0.013916 0.011108 0.010132 0.025269 0.005920 0.013000 0.029419 0.038086 ... 0.026855 -0.031738 -0.031128 -0.012573 0.013611 0.009460 0.009338 0.029663 -0.004059 -0.011414 
  Weight 2 (Name: layer1_wk:loraB, Dim: 8192): 0.016968 0.030151 -0.021118 -0.032959 -0.017212 0.005890 -0.021118 0.059082 -0.039062 0.050049 ... 0.006287 -0.009583 -0.006378 0.043457 0.008545 0.046143 0.014160 -0.015015 -0.001236 -0.021484 

Layer: layer1_k_norm (Type: reshaped_rms_norm)
  Weight 0 (Name: layer1_k_norm:gamma, Dim: 128): -0.007141 0.020874 -0.025269 0.043945 -0.034180 -0.014832 -0.004974 0.022949 -0.018066 -0.010193 ... 0.011169 0.036133 0.041992 0.045410 -0.012817 -0.063477 -0.066895 -0.025513 0.009094 -0.007202 

Layer: layer1_wv (Type: fully_connected)
  Weight 0 (Name: layer1_wv:weight, Dim: 1048576): -0.016357 0.006592 -0.042236 0.041992 0.035400 0.044189 -0.010986 -0.022095 0.066406 0.010742 ... -0.022583 -0.032959 -0.002563 -0.050049 0.003540 0.010559 0.003555 -0.003906 0.016235 0.055664 
  Weight 1 (Name: layer1_wv:loraA, Dim: 8192): -0.017822 -0.007263 0.004761 -0.011475 0.041016 -0.014282 0.007874 -0.040039 0.002213 -0.027466 ... 0.049072 -0.031128 0.023193 0.017334 -0.019653 0.009277 0.030640 -0.002350 0.035156 0.047363 
  Weight 2 (Name: layer1_wv:loraB, Dim: 8192): -0.018799 -0.004944 -0.006866 -0.018799 0.016968 -0.023560 0.044678 -0.004486 -0.034668 0.013794 ... 0.028442 -0.007874 0.004211 -0.022949 0.015869 -0.012329 -0.018311 -0.005798 -0.030029 0.007782 

Layer: layer1_attention (Type: mha_core)

Layer: layer1_attention_out (Type: fully_connected)
  Weight 0 (Name: layer1_attention_out:weight, Dim: 2097152): -0.014832 0.022583 -0.036621 0.025879 -0.009155 0.008301 0.028320 0.028442 -0.005005 -0.000668 ... -0.052002 -0.003525 -0.009216 -0.009094 0.020386 -0.020630 -0.022705 0.026123 -0.011780 0.023926 
  Weight 1 (Name: layer1_attention_out:loraA, Dim: 16384): -0.017700 0.015747 -0.041016 0.002853 -0.019409 -0.010071 0.040527 0.059814 -0.012878 -0.040283 ... -0.040771 0.034180 0.004456 0.000916 -0.021729 0.022827 0.032227 0.059570 0.069824 0.024658 
  Weight 2 (Name: layer1_attention_out:loraB, Dim: 8192): -0.000315 -0.013733 0.010742 -0.013733 0.041748 -0.008789 0.018188 -0.026855 0.040771 0.000410 ... 0.010132 0.000626 -0.015503 -0.000561 0.008240 -0.026978 0.005005 0.006531 -0.019653 0.036377 

Layer: layer1_decoder_add (Type: addition)

Layer: layer1_decoder_add/generated_out_0 (Type: multiout)

Layer: layer1_ffn_norm (Type: rms_norm)
  Weight 0 (Name: layer1_ffn_norm:gamma, Dim: 1024): 0.034180 0.047363 0.016968 0.059326 0.022461 0.005005 -0.050781 -0.032959 0.018066 0.017456 ... -0.027954 -0.015991 -0.011475 0.042480 0.007782 0.057373 -0.011169 -0.008789 0.037109 -0.004517 

Layer: layer1_ffn_norm/generated_out_0 (Type: multiout)

Layer: layer1_ffn_up (Type: fully_connected)
  Weight 0 (Name: layer1_ffn_up:weight, Dim: 3145728): 0.016113 -0.027832 0.052979 0.057129 -0.025269 0.062256 -0.000206 -0.011414 -0.020874 -0.013123 ... 0.006653 -0.006531 0.068359 -0.017944 0.024048 0.060059 -0.039795 0.015198 -0.067871 -0.006073 
  Weight 1 (Name: layer1_ffn_up:loraA, Dim: 8192): 0.028564 -0.007355 -0.040771 0.010742 -0.098633 0.011414 -0.007172 -0.038330 0.029419 0.002625 ... -0.001144 -0.047363 0.039551 0.047119 0.009521 -0.028564 0.008789 0.012268 0.020874 -0.000870 
  Weight 2 (Name: layer1_ffn_up:loraB, Dim: 24576): -0.011169 0.040527 -0.044678 -0.027954 0.037842 -0.017456 0.008301 0.009705 0.019043 -0.005981 ... 0.042236 -0.019043 0.005402 -0.018066 -0.020630 -0.032715 -0.025269 0.008545 0.026978 -0.043457 

Layer: layer1_ffn_gate (Type: fully_connected)
  Weight 0 (Name: layer1_ffn_gate:weight, Dim: 3145728): 0.003220 0.014282 -0.010376 -0.016479 0.030884 -0.014648 -0.015564 -0.005402 -0.032227 0.044189 ... 0.025757 -0.017700 -0.032959 -0.029053 -0.013367 -0.048340 -0.048096 -0.017334 -0.031738 0.045166 
  Weight 1 (Name: layer1_ffn_gate:loraA, Dim: 8192): 0.028809 0.006836 -0.030151 0.005066 0.008667 0.026733 0.028442 -0.023926 0.005707 -0.006409 ... -0.019775 -0.008179 0.052490 0.020142 -0.001587 -0.018799 -0.007538 -0.025269 -0.006683 0.024658 
  Weight 2 (Name: layer1_ffn_gate:loraB, Dim: 24576): 0.007874 0.026367 -0.004425 0.014587 0.016235 -0.015381 0.016968 -0.057129 -0.031128 0.024902 ... 0.046875 -0.022705 0.029419 0.019165 0.022461 0.028564 0.016602 -0.009216 -0.000961 0.045898 

Layer: layer1_ffn_swiglu (Type: swiglu)

Layer: layer1_ffn_down (Type: fully_connected)
  Weight 0 (Name: layer1_ffn_down:weight, Dim: 3145728): 0.017212 -0.001999 0.019409 -0.031006 -0.009888 0.037598 -0.002777 -0.011658 -0.001701 -0.011841 ... 0.037842 0.026855 0.013550 -0.004730 0.015442 -0.067871 0.012573 0.012634 -0.017822 -0.001488 
  Weight 1 (Name: layer1_ffn_down:loraA, Dim: 24576): 0.028076 -0.016602 -0.005219 -0.042480 0.009583 -0.013916 -0.000843 -0.050781 0.015442 0.024170 ... 0.092773 -0.002304 0.014954 0.061523 0.004944 0.023682 0.012573 -0.052734 -0.017456 -0.002029 
  Weight 2 (Name: layer1_ffn_down:loraB, Dim: 8192): 0.023560 -0.025391 0.046631 0.024902 -0.032227 -0.024780 -0.027954 0.060303 -0.017090 0.066895 ... 0.022949 0.021973 0.018066 0.024414 -0.004303 -0.002029 -0.024048 0.025879 -0.060303 -0.016479 

Layer: layer1_decoder_output (Type: addition)

Layer: layer1_decoder_output/generated_out_0 (Type: multiout)

Layer: layer2_attention_norm (Type: rms_norm)
  Weight 0 (Name: layer2_attention_norm:gamma, Dim: 1024): -0.040527 -0.009766 -0.008545 -0.002213 0.018188 0.023193 0.025879 -0.045898 0.039551 0.022217 ... 0.001808 0.031006 0.019165 -0.038574 -0.013733 -0.011169 0.033447 -0.016479 -0.028809 0.009705 

Layer: layer2_attention_norm/generated_out_0 (Type: multiout)

Layer: layer2_wq (Type: fully_connected)
  Weight 0 (Name: layer2_wq:weight, Dim: 2097152): 0.027710 -0.027832 -0.008118 -0.058105 0.008606 0.003021 0.004944 -0.022949 -0.003525 0.033691 ... -0.040283 0.006134 0.047119 0.078613 0.003738 -0.029541 0.055908 0.023682 0.046387 0.047119 
  Weight 1 (Name: layer2_wq:loraA, Dim: 8192): 0.009644 0.027832 -0.002274 0.010559 0.018921 -0.004272 0.020020 0.035889 -0.029175 0.001984 ... -0.017090 -0.012329 0.020386 0.025146 0.006042 0.010498 -0.012329 -0.015320 0.025146 0.000119 
  Weight 2 (Name: layer2_wq:loraB, Dim: 16384): -0.004242 -0.032959 0.057373 0.012756 0.002823 -0.003830 -0.002808 -0.023071 -0.039551 0.016724 ... -0.005432 0.004730 0.024292 -0.067871 -0.010010 -0.001808 0.044434 -0.057373 0.002014 0.009888 

Layer: layer2_q_norm (Type: reshaped_rms_norm)
  Weight 0 (Name: layer2_q_norm:gamma, Dim: 128): 0.040771 0.041260 0.001335 0.018799 -0.027222 0.012512 0.031128 0.003876 0.008423 0.029663 ... -0.045166 0.003937 -0.047119 -0.013245 -0.011658 -0.050537 0.021484 -0.019287 -0.000174 0.010437 

Layer: layer2_wk (Type: fully_connected)
  Weight 0 (Name: layer2_wk:weight, Dim: 1048576): -0.024292 0.026245 -0.009888 -0.006134 0.059082 -0.001823 -0.009216 -0.028198 0.010437 -0.056641 ... 0.010071 0.011536 0.007996 0.019653 -0.001572 -0.004456 0.015991 -0.002289 0.015198 -0.061279 
  Weight 1 (Name: layer2_wk:loraA, Dim: 8192): -0.004456 -0.022705 -0.030396 0.008057 0.029663 -0.072266 0.022949 -0.018311 -0.059814 0.003494 ... 0.001602 0.017334 0.043457 0.017334 -0.000475 -0.041016 -0.028931 0.006775 -0.019165 0.029907 
  Weight 2 (Name: layer2_wk:loraB, Dim: 8192): 0.053955 -0.000256 0.020996 0.004944 -0.015625 0.036865 0.020508 0.013855 -0.029297 -0.032715 ... -0.032227 -0.034180 -0.008911 0.004486 -0.019165 0.009644 0.010315 -0.004333 -0.037842 -0.040527 

Layer: layer2_k_norm (Type: reshaped_rms_norm)
  Weight 0 (Name: layer2_k_norm:gamma, Dim: 128): -0.033691 -0.014221 0.010803 0.010193 -0.000465 0.030273 0.029541 0.031128 0.005829 -0.023682 ... -0.043701 -0.045410 0.006744 -0.017090 -0.061035 -0.006866 -0.019897 -0.027954 -0.057861 0.028687 

Layer: layer2_wv (Type: fully_connected)
  Weight 0 (Name: layer2_wv:weight, Dim: 1048576): 0.044434 0.003998 -0.038086 -0.014648 -0.046387 -0.019409 -0.018311 -0.027100 -0.010132 -0.009644 ... -0.049805 0.007019 0.017334 0.010193 -0.008362 -0.013916 -0.026978 -0.031738 -0.021240 -0.005280 
  Weight 1 (Name: layer2_wv:loraA, Dim: 8192): -0.053467 0.022705 0.020508 0.014709 0.087402 0.024780 0.026855 0.026978 -0.054932 0.061523 ... -0.015381 0.017700 -0.012390 -0.016846 -0.045654 -0.046387 0.029419 0.036133 -0.009644 -0.022217 
  Weight 2 (Name: layer2_wv:loraB, Dim: 8192): -0.003036 -0.057129 -0.066406 -0.002151 -0.023315 -0.007874 0.005371 0.021240 -0.038086 0.031982 ... -0.003250 0.028198 -0.011353 0.013977 0.052734 -0.020630 -0.024170 -0.035156 -0.033203 0.013367 

Layer: layer2_attention (Type: mha_core)

Layer: layer2_attention_out (Type: fully_connected)
  Weight 0 (Name: layer2_attention_out:weight, Dim: 2097152): 0.017578 0.013855 -0.029175 -0.021240 0.014160 -0.011292 -0.000032 -0.002914 -0.035645 -0.048340 ... -0.001465 0.049072 -0.009399 -0.007141 -0.032959 0.012024 0.075195 0.009338 0.042236 -0.014099 
  Weight 1 (Name: layer2_attention_out:loraA, Dim: 16384): -0.007416 0.003067 0.030762 0.019653 -0.011353 -0.019775 0.025146 -0.064941 0.058105 -0.013672 ... -0.036865 0.003311 -0.050049 -0.001709 0.015381 0.018799 -0.024414 -0.004425 0.028564 0.037354 
  Weight 2 (Name: layer2_attention_out:loraB, Dim: 8192): 0.007782 -0.008240 -0.051025 0.020386 0.024536 0.001396 0.003555 -0.005157 -0.030884 -0.010559 ... -0.008850 0.015381 -0.062988 -0.067383 0.029053 -0.012451 0.004822 -0.004791 0.048584 0.029053 

Layer: layer2_decoder_add (Type: addition)

Layer: layer2_decoder_add/generated_out_0 (Type: multiout)

Layer: layer2_ffn_norm (Type: rms_norm)
  Weight 0 (Name: layer2_ffn_norm:gamma, Dim: 1024): -0.037109 -0.070801 0.066895 -0.029907 0.031982 0.008240 -0.014954 0.006683 -0.026367 0.012085 ... -0.036621 0.034180 -0.011719 0.051758 -0.005341 -0.048096 -0.006866 0.002563 -0.016357 0.014954 

Layer: layer2_ffn_norm/generated_out_0 (Type: multiout)

Layer: layer2_ffn_up (Type: fully_connected)
  Weight 0 (Name: layer2_ffn_up:weight, Dim: 3145728): 0.045166 0.042725 -0.001366 0.042725 0.046631 0.020874 -0.007812 -0.000220 0.005371 -0.001381 ... 0.010132 0.012634 0.011902 -0.000418 0.001457 -0.043457 -0.039551 0.009460 0.041016 0.018677 
  Weight 1 (Name: layer2_ffn_up:loraA, Dim: 8192): 0.054443 0.009583 -0.065918 0.035645 0.004852 -0.019897 0.003601 0.009033 -0.019287 -0.000786 ... -0.016357 -0.015564 -0.059570 -0.021729 0.042969 0.006134 0.010681 0.007782 -0.002975 -0.020020 
  Weight 2 (Name: layer2_ffn_up:loraB, Dim: 24576): 0.045654 -0.048584 -0.008911 -0.010742 0.024902 -0.000774 0.002655 0.006866 -0.028076 0.059082 ... 0.006287 0.005554 -0.037598 0.051514 -0.002792 0.004883 -0.036133 0.003006 -0.031128 0.062012 

Layer: layer2_ffn_gate (Type: fully_connected)
  Weight 0 (Name: layer2_ffn_gate:weight, Dim: 3145728): 0.021606 -0.011841 -0.012817 -0.030518 -0.011963 0.027344 0.041504 -0.027832 -0.031494 0.027344 ... -0.019531 0.016602 0.012695 0.005341 -0.027710 -0.033936 -0.025635 0.046631 -0.017944 0.006012 
  Weight 1 (Name: layer2_ffn_gate:loraA, Dim: 8192): -0.040771 -0.006805 -0.012878 0.032227 0.017456 -0.014893 0.006927 0.011658 0.014771 -0.007416 ... 0.020264 0.018921 -0.029541 0.018555 0.058594 -0.062500 -0.102539 -0.003403 0.000809 -0.012512 
  Weight 2 (Name: layer2_ffn_gate:loraB, Dim: 24576): -0.030396 -0.060303 -0.009399 -0.023926 0.024170 0.039795 0.045410 -0.021484 0.019043 -0.034668 ... -0.028809 -0.023804 0.042969 0.002396 0.003479 0.001076 -0.005371 -0.017700 -0.004517 0.013611 

Layer: layer2_ffn_swiglu (Type: swiglu)

Layer: layer2_ffn_down (Type: fully_connected)
  Weight 0 (Name: layer2_ffn_down:weight, Dim: 3145728): -0.014160 0.053711 -0.061768 -0.029541 0.069336 -0.059082 -0.017578 0.032471 0.006439 0.044189 ... -0.033691 -0.000475 -0.005707 -0.030518 -0.009705 -0.002914 0.026245 -0.005219 0.016846 -0.007507 
  Weight 1 (Name: layer2_ffn_down:loraA, Dim: 24576): -0.030029 -0.002197 -0.035400 0.017700 -0.003967 -0.006714 0.005005 -0.013000 0.028931 0.028564 ... -0.040771 0.005615 -0.026001 -0.047363 -0.009094 0.003815 -0.072754 0.020020 -0.022217 -0.043945 
  Weight 2 (Name: layer2_ffn_down:loraB, Dim: 8192): 0.025024 0.055420 -0.036133 -0.033691 0.029297 0.015259 0.047363 0.044434 -0.030518 0.026367 ... 0.010315 -0.012085 0.054688 0.004517 0.017212 -0.038818 0.040283 0.017212 0.062256 0.020996 

Layer: layer2_decoder_output (Type: addition)

Layer: layer2_decoder_output/generated_out_0 (Type: multiout)

Layer: layer3_attention_norm (Type: rms_norm)
  Weight 0 (Name: layer3_attention_norm:gamma, Dim: 1024): -0.039307 0.017578 -0.057373 0.046875 0.028687 0.001808 -0.039062 0.024536 0.007019 -0.007172 ... -0.004364 0.005188 0.067383 -0.017700 0.003906 -0.049316 -0.038086 0.015259 0.013855 -0.011292 

Layer: layer3_attention_norm/generated_out_0 (Type: multiout)

Layer: layer3_wq (Type: fully_connected)
  Weight 0 (Name: layer3_wq:weight, Dim: 2097152): -0.026733 0.036621 -0.021973 -0.006683 0.002213 0.021729 -0.004669 0.012512 0.021118 -0.014221 ... 0.011780 0.003937 -0.037842 -0.040771 -0.031494 -0.022095 0.016113 -0.010498 -0.038818 0.013428 
  Weight 1 (Name: layer3_wq:loraA, Dim: 8192): -0.011719 0.002121 -0.005219 -0.004761 -0.000591 0.017334 -0.007080 -0.024170 0.002136 -0.011597 ... -0.033203 -0.007477 -0.046387 -0.002243 0.010315 -0.007812 0.014954 -0.027710 -0.023438 0.005341 
  Weight 2 (Name: layer3_wq:loraB, Dim: 16384): 0.055176 0.037842 0.004974 0.024048 0.004883 0.015198 -0.017212 -0.002289 -0.016602 -0.000106 ... -0.069336 -0.000496 -0.003098 -0.041748 0.003937 -0.016724 0.004700 0.012085 0.006744 0.025146 

Layer: layer3_q_norm (Type: reshaped_rms_norm)
  Weight 0 (Name: layer3_q_norm:gamma, Dim: 128): 0.052734 -0.003281 0.002914 -0.060303 0.001114 0.005585 0.067383 -0.013184 0.021851 0.047363 ... -0.058105 -0.024048 0.011536 -0.045166 -0.020142 0.005646 0.031006 -0.026855 0.029907 -0.001480 

Layer: layer3_wk (Type: fully_connected)
  Weight 0 (Name: layer3_wk:weight, Dim: 1048576): -0.019165 -0.003113 -0.009277 -0.015991 -0.057129 -0.085449 -0.030884 -0.029297 -0.030029 -0.040771 ... -0.000115 -0.032715 -0.053711 -0.022583 0.048340 -0.013489 -0.005280 -0.016602 -0.023926 -0.004852 
  Weight 1 (Name: layer3_wk:loraA, Dim: 8192): 0.038818 0.047852 -0.043457 0.052734 -0.003082 -0.001930 -0.028320 0.013794 0.010071 -0.035645 ... -0.007996 0.025269 0.046631 -0.008423 0.018677 -0.002792 0.052490 -0.014282 0.046143 -0.020508 
  Weight 2 (Name: layer3_wk:loraB, Dim: 8192): -0.019897 -0.010193 -0.040283 0.011292 0.004669 -0.004242 -0.045654 -0.010864 0.025513 -0.035889 ... 0.035400 0.007629 0.050537 -0.061768 -0.035889 -0.026855 -0.015198 -0.044189 0.010742 -0.041748 

Layer: layer3_k_norm (Type: reshaped_rms_norm)
  Weight 0 (Name: layer3_k_norm:gamma, Dim: 128): 0.024780 0.001678 -0.031494 0.024292 -0.010254 0.012085 0.027344 0.022583 0.004700 -0.035645 ... 0.016846 0.020386 -0.029541 -0.017578 0.028320 -0.051514 -0.019897 0.001968 0.015320 -0.029297 

Layer: layer3_wv (Type: fully_connected)
  Weight 0 (Name: layer3_wv:weight, Dim: 1048576): 0.013245 -0.015015 0.041016 0.040039 -0.014587 -0.010742 0.086914 0.061768 0.012146 -0.017578 ... -0.012207 -0.003067 -0.003235 0.005524 0.057373 0.010254 0.039795 0.000969 -0.022217 -0.019897 
  Weight 1 (Name: layer3_wv:loraA, Dim: 8192): -0.059326 -0.071777 0.025757 0.073242 -0.012146 0.002304 -0.003220 0.022827 0.035400 0.017334 ... 0.050293 -0.033691 0.022583 -0.034180 0.052979 -0.006683 -0.006744 -0.005035 0.004944 0.003372 
  Weight 2 (Name: layer3_wv:loraB, Dim: 8192): 0.004852 -0.058350 0.069824 0.021851 0.043945 -0.049316 0.027222 0.055176 -0.023438 -0.092285 ... 0.035889 0.034668 -0.017334 0.059570 0.010071 0.035889 -0.016724 -0.053955 -0.031006 -0.025269 

Layer: layer3_attention (Type: mha_core)

Layer: layer3_attention_out (Type: fully_connected)
  Weight 0 (Name: layer3_attention_out:weight, Dim: 2097152): 0.028809 -0.019775 0.058594 0.100098 0.023804 0.001244 0.030029 0.083984 0.004883 -0.050049 ... 0.029175 -0.008484 -0.019653 0.035889 0.021729 -0.026611 -0.005432 0.039307 0.016235 -0.030762 
  Weight 1 (Name: layer3_attention_out:loraA, Dim: 16384): -0.034668 -0.026855 0.022095 0.026489 0.029907 -0.012390 0.035645 0.069336 -0.079590 -0.069336 ... -0.008423 -0.010010 0.010376 0.000378 -0.016235 -0.019043 0.017334 0.029419 -0.031738 -0.003723 
  Weight 2 (Name: layer3_attention_out:loraB, Dim: 8192): -0.002655 -0.059570 0.048828 0.009766 -0.014526 -0.019165 0.044434 0.049316 0.026367 0.014099 ... 0.050781 0.007690 -0.036377 -0.034424 0.052246 -0.000744 0.021606 0.010071 0.043213 -0.057373 

Layer: layer3_decoder_add (Type: addition)

Layer: layer3_decoder_add/generated_out_0 (Type: multiout)

Layer: layer3_ffn_norm (Type: rms_norm)
  Weight 0 (Name: layer3_ffn_norm:gamma, Dim: 1024): -0.047607 -0.021118 -0.002380 0.051514 -0.007416 -0.033936 0.017212 0.034912 0.048096 0.015259 ... 0.020020 0.012390 -0.006226 -0.002090 -0.009460 -0.030029 0.001762 -0.033691 -0.045166 -0.005920 

Layer: layer3_ffn_norm/generated_out_0 (Type: multiout)

Layer: layer3_ffn_up (Type: fully_connected)
  Weight 0 (Name: layer3_ffn_up:weight, Dim: 3145728): -0.032227 -0.039307 0.036377 0.047363 0.006470 -0.054443 0.025146 0.056396 0.031128 -0.035645 ... -0.018921 0.000246 -0.012878 -0.008911 -0.001968 -0.009949 -0.011292 0.004242 0.014832 0.027954 
  Weight 1 (Name: layer3_ffn_up:loraA, Dim: 8192): 0.055908 -0.060547 0.022827 0.046387 -0.037109 -0.012512 0.046387 0.067383 -0.023071 -0.029053 ... -0.006714 -0.034668 0.064453 -0.048828 -0.020874 -0.047607 -0.005920 0.021484 0.018799 0.005310 
  Weight 2 (Name: layer3_ffn_up:loraB, Dim: 24576): 0.031006 -0.064941 0.066406 0.044189 0.005341 -0.069824 0.016357 0.078125 0.036377 -0.023804 ... -0.049561 0.031494 0.017090 0.004364 0.031006 -0.036377 -0.012512 -0.038086 0.006866 -0.029785 

Layer: layer3_ffn_gate (Type: fully_connected)
  Weight 0 (Name: layer3_ffn_gate:weight, Dim: 3145728): 0.051758 -0.055420 0.052002 0.041992 0.022583 -0.041260 0.038574 0.034668 -0.001434 -0.019653 ... -0.002457 0.019043 -0.025879 -0.062500 0.007141 0.052246 -0.051025 0.029419 0.016113 -0.031738 
  Weight 1 (Name: layer3_ffn_gate:loraA, Dim: 8192): -0.013794 -0.083496 0.015320 0.055908 -0.011353 -0.036377 0.029297 0.060059 0.030273 -0.029907 ... -0.012451 0.002731 -0.003662 0.038818 -0.008728 0.008667 -0.043457 -0.000056 0.017578 0.012085 
  Weight 2 (Name: layer3_ffn_gate:loraB, Dim: 24576): -0.001602 -0.077148 0.019287 0.074707 -0.013672 -0.035889 -0.008484 0.042236 0.072266 0.033691 ... 0.012146 0.001503 -0.045654 0.004822 -0.002151 0.017334 -0.001793 0.024536 -0.017334 0.007446 

Layer: layer3_ffn_swiglu (Type: swiglu)

Layer: layer3_ffn_down (Type: fully_connected)
  Weight 0 (Name: layer3_ffn_down:weight, Dim: 3145728): 0.009155 -0.048584 0.062012 0.027344 0.041992 -0.065918 0.019043 0.064453 -0.023315 -0.095215 ... -0.002563 -0.004944 -0.019287 -0.057861 0.079102 0.008667 0.040771 0.009949 0.004242 -0.031494 
  Weight 1 (Name: layer3_ffn_down:loraA, Dim: 24576): -0.042480 -0.057129 0.021851 0.035645 -0.025146 -0.014221 -0.009583 0.050293 -0.021729 -0.020142 ... 0.012207 -0.035889 0.025513 0.013916 0.008118 -0.029053 -0.004211 -0.040039 -0.016724 -0.016357 
  Weight 2 (Name: layer3_ffn_down:loraB, Dim: 8192): -0.027710 -0.044678 -0.042480 0.030518 0.046875 -0.041992 0.026245 0.057861 0.053467 -0.004913 ... 0.049316 0.056885 -0.002594 -0.021729 0.015747 0.005402 0.029785 -0.011780 -0.064941 -0.071289 

Layer: layer3_decoder_output (Type: addition)

Layer: layer3_decoder_output/generated_out_0 (Type: multiout)

Layer: layer4_attention_norm (Type: rms_norm)
  Weight 0 (Name: layer4_attention_norm:gamma, Dim: 1024): -0.009277 -0.077637 -0.027588 0.028198 0.012817 -0.027710 0.052979 0.044922 0.068848 0.043701 ... 0.043457 0.020264 -0.008362 0.021973 0.055420 0.047607 0.003601 0.032959 -0.044922 0.031738 

Layer: layer4_attention_norm/generated_out_0 (Type: multiout)

Layer: layer4_wq (Type: fully_connected)
  Weight 0 (Name: layer4_wq:weight, Dim: 2097152): -0.001968 -0.027954 0.051758 0.034668 -0.001389 -0.018799 0.000334 0.064941 -0.001198 -0.041016 ... -0.035645 0.049316 0.066895 -0.041504 0.042969 -0.068359 -0.009277 0.014465 0.025391 -0.036865 
  Weight 1 (Name: layer4_wq:loraA, Dim: 8192): 0.028687 -0.082520 0.048584 0.043213 0.030640 -0.036133 0.038818 0.026733 0.000835 0.015198 ... 0.040527 0.007507 -0.014465 -0.007874 -0.005066 0.004517 -0.038818 -0.029053 -0.023682 -0.050293 
  Weight 2 (Name: layer4_wq:loraB, Dim: 16384): 0.022705 -0.058594 0.031006 0.025757 -0.016235 -0.019775 0.052979 0.062988 0.035156 -0.005646 ... 0.047607 -0.006866 -0.031006 -0.026611 0.060059 -0.007080 -0.015747 0.013733 -0.044434 0.048096 

Layer: layer4_q_norm (Type: reshaped_rms_norm)
  Weight 0 (Name: layer4_q_norm:gamma, Dim: 128): 0.082031 -0.047119 0.016602 0.025269 0.030151 -0.036133 -0.005524 0.041260 -0.004120 0.000893 ... -0.015991 -0.008057 -0.002594 0.031982 -0.024658 -0.079590 0.005707 -0.013733 0.018555 0.023438 

Layer: layer4_wk (Type: fully_connected)
  Weight 0 (Name: layer4_wk:weight, Dim: 1048576): -0.056396 -0.019043 0.001854 0.002640 -0.002533 0.001190 0.008850 0.022217 -0.012451 -0.033447 ... -0.009460 0.005157 -0.017334 -0.016479 0.001617 0.021973 -0.015869 -0.010681 0.007935 0.020752 
  Weight 1 (Name: layer4_wk:loraA, Dim: 8192): -0.024414 -0.014771 -0.018677 0.015564 0.007050 -0.002731 0.027954 0.005432 -0.021362 0.034668 ... -0.010071 0.000359 0.042480 0.000992 -0.001144 0.004211 0.002518 -0.014221 0.009888 0.009216 
  Weight 2 (Name: layer4_wk:loraB, Dim: 8192): -0.022339 0.018921 -0.057861 0.001709 0.014343 0.016357 0.005035 0.010010 0.010132 -0.041260 ... -0.040527 0.032471 -0.061523 -0.018433 -0.045166 -0.008789 -0.048584 0.015625 -0.003571 0.006958 

Layer: layer4_k_norm (Type: reshaped_rms_norm)
  Weight 0 (Name: layer4_k_norm:gamma, Dim: 128): -0.002319 -0.088867 -0.010681 0.014221 -0.038818 0.019043 -0.041992 -0.028564 0.028687 -0.035889 ... -0.018799 -0.016113 0.021973 -0.015442 0.072754 -0.036377 0.051758 -0.029053 0.033691 -0.009766 

Layer: layer4_wv (Type: fully_connected)
  Weight 0 (Name: layer4_wv:weight, Dim: 1048576): 0.002853 -0.025024 -0.024658 -0.073242 -0.003128 0.034180 -0.027100 -0.021240 0.026733 -0.001503 ... -0.005798 -0.006195 0.007874 -0.008911 0.023438 -0.057617 0.005402 0.006409 -0.021362 0.020508 
  Weight 1 (Name: layer4_wv:loraA, Dim: 8192): -0.072266 -0.002014 0.042236 -0.016602 -0.042725 0.004211 0.038086 -0.031982 -0.021851 0.011658 ... 0.007690 -0.019531 -0.009521 0.001305 0.014038 -0.043213 0.028809 0.031006 -0.003372 -0.023438 
  Weight 2 (Name: layer4_wv:loraB, Dim: 8192): 0.027588 -0.023804 -0.001297 -0.008606 -0.009644 0.021118 -0.015625 -0.002670 0.007355 0.002335 ... 0.107910 -0.024048 -0.026855 -0.032471 -0.050781 -0.036377 -0.027710 0.032959 -0.033936 0.068848 

Layer: layer4_attention (Type: mha_core)

Layer: layer4_attention_out (Type: fully_connected)
  Weight 0 (Name: layer4_attention_out:weight, Dim: 2097152): 0.010315 -0.026001 -0.039307 0.016235 -0.029053 0.013367 -0.021484 0.008362 0.013733 -0.056152 ... -0.002258 -0.011841 -0.002563 -0.017456 -0.016968 -0.029175 0.009033 -0.005859 0.041748 -0.049561 
  Weight 1 (Name: layer4_attention_out:loraA, Dim: 16384): -0.060303 -0.020020 0.019165 0.041016 0.003235 -0.016113 0.039551 0.040039 -0.030762 -0.015381 ... -0.005188 0.050781 -0.073730 -0.015381 -0.054688 -0.087891 -0.003189 -0.050293 0.029663 -0.016113 
  Weight 2 (Name: layer4_attention_out:loraB, Dim: 8192): -0.024780 0.016357 -0.033203 0.024658 0.006042 -0.043945 -0.011475 -0.020142 0.011353 0.026489 ... -0.034424 0.023804 -0.012878 -0.027100 0.027100 -0.063965 -0.008972 -0.001999 -0.028564 -0.005371 

Layer: layer4_decoder_add (Type: addition)

Layer: layer4_decoder_add/generated_out_0 (Type: multiout)

Layer: layer4_ffn_norm (Type: rms_norm)
  Weight 0 (Name: layer4_ffn_norm:gamma, Dim: 1024): 0.050293 -0.020630 0.016724 -0.020386 -0.044434 0.008423 0.003540 0.039795 0.040771 -0.020142 ... 0.006958 0.036377 -0.048096 -0.019775 0.006989 -0.026245 -0.050781 0.023071 0.019531 -0.027832 

Layer: layer4_ffn_norm/generated_out_0 (Type: multiout)

Layer: layer4_ffn_up (Type: fully_connected)
  Weight 0 (Name: layer4_ffn_up:weight, Dim: 3145728): -0.062256 0.016968 0.063477 0.026245 0.031738 -0.032471 0.008240 -0.006378 -0.039307 -0.044922 ... -0.005493 -0.013123 -0.015991 0.017822 0.028320 -0.036133 0.033447 0.043457 0.024048 0.016113 
  Weight 1 (Name: layer4_ffn_up:loraA, Dim: 8192): 0.021362 0.045166 0.013245 -0.027588 0.032959 0.021973 0.002274 0.018311 0.016357 -0.042725 ... 0.017822 -0.030273 -0.002808 -0.021484 0.057129 -0.047119 -0.041748 -0.034180 -0.028564 0.002075 
  Weight 2 (Name: layer4_ffn_up:loraB, Dim: 24576): -0.041748 0.040039 0.019165 0.007416 -0.005920 0.015442 -0.029419 0.003067 0.026001 -0.033691 ... 0.033203 -0.023560 -0.002243 0.007507 0.042236 -0.020874 0.004395 0.004639 -0.045898 -0.020996 

Layer: layer4_ffn_gate (Type: fully_connected)
  Weight 0 (Name: layer4_ffn_gate:weight, Dim: 3145728): -0.029907 -0.025513 0.010315 -0.007263 0.030396 0.026611 0.014282 0.014160 -0.018921 -0.038086 ... -0.004669 -0.022827 0.029053 0.015259 -0.047119 -0.049561 -0.024170 -0.015442 -0.003937 -0.004944 
  Weight 1 (Name: layer4_ffn_gate:loraA, Dim: 8192): -0.021606 0.031982 0.022949 0.033936 -0.006073 0.011230 -0.016724 0.056885 0.005524 -0.024658 ... 0.011292 -0.014648 0.006042 0.000341 -0.031982 -0.017944 0.013977 -0.018433 -0.068359 -0.024292 
  Weight 2 (Name: layer4_ffn_gate:loraB, Dim: 24576): 0.010376 -0.007874 -0.042969 0.052490 0.020020 0.014771 0.036377 -0.041260 -0.004303 -0.038330 ... 0.020996 0.031494 -0.005188 -0.048096 -0.000641 -0.042725 -0.020874 -0.027222 -0.021851 -0.007446 

Layer: layer4_ffn_swiglu (Type: swiglu)

Layer: layer4_ffn_down (Type: fully_connected)
  Weight 0 (Name: layer4_ffn_down:weight, Dim: 3145728): -0.012268 -0.009277 -0.009277 0.029663 -0.027588 0.031982 0.024048 0.021606 -0.005920 -0.052246 ... 0.008728 0.012695 -0.027344 0.019531 -0.000462 -0.041016 -0.038574 -0.052734 -0.006836 -0.049805 
  Weight 1 (Name: layer4_ffn_down:loraA, Dim: 24576): -0.002945 -0.005188 0.002396 0.030762 -0.004944 0.013794 -0.034424 -0.091309 0.025146 -0.082520 ... 0.107422 -0.007599 0.036865 0.003601 -0.006500 -0.056152 -0.003082 0.054688 0.018799 -0.026001 
  Weight 2 (Name: layer4_ffn_down:loraB, Dim: 8192): -0.054688 0.044434 -0.031006 -0.010315 0.008179 0.001877 -0.000320 -0.017212 -0.017334 0.011597 ... -0.020996 -0.028687 0.051025 -0.011841 0.030151 -0.001381 -0.060059 0.005707 -0.017944 0.039551 

Layer: layer4_decoder_output (Type: addition)

Layer: layer4_decoder_output/generated_out_0 (Type: multiout)

Layer: layer5_attention_norm (Type: rms_norm)
  Weight 0 (Name: layer5_attention_norm:gamma, Dim: 1024): 0.043945 0.045166 0.007568 -0.023438 0.006226 0.044678 0.004822 0.007874 -0.021240 0.019897 ... -0.058838 0.029175 0.002426 -0.054443 0.031006 -0.031738 0.028442 0.009399 -0.041016 -0.035645 

Layer: layer5_attention_norm/generated_out_0 (Type: multiout)

Layer: layer5_wq (Type: fully_connected)
  Weight 0 (Name: layer5_wq:weight, Dim: 2097152): -0.010864 -0.013428 0.021118 -0.053223 -0.044434 0.022217 0.016113 -0.004486 -0.028687 0.021118 ... -0.012390 -0.011047 0.020020 -0.007935 -0.048096 -0.059570 -0.013245 -0.007629 -0.020508 0.004761 
  Weight 1 (Name: layer5_wq:loraA, Dim: 8192): -0.009033 -0.037109 -0.012939 0.006104 0.028076 0.041992 0.015564 0.007385 -0.015625 -0.024902 ... -0.009094 -0.014587 0.008484 0.017334 -0.000005 -0.089355 0.019409 -0.043457 0.012207 0.032471 
  Weight 2 (Name: layer5_wq:loraB, Dim: 16384): 0.016968 0.017700 0.032471 0.001389 -0.035889 0.019165 -0.021729 -0.026367 -0.052002 -0.057861 ... -0.001587 0.006836 0.026489 -0.019531 -0.031738 -0.053223 0.057129 -0.003601 0.073242 -0.010498 

Layer: layer5_q_norm (Type: reshaped_rms_norm)
  Weight 0 (Name: layer5_q_norm:gamma, Dim: 128): 0.038574 0.001457 -0.007141 0.041504 0.013000 -0.023804 0.021729 0.004791 -0.050537 -0.051270 ... -0.020142 -0.062012 -0.022583 0.020874 0.010559 -0.044189 -0.020508 -0.022339 0.041016 0.013794 

Layer: layer5_wk (Type: fully_connected)
  Weight 0 (Name: layer5_wk:weight, Dim: 1048576): 0.017212 0.052246 0.022705 0.001892 -0.012268 -0.011475 -0.022095 0.026489 0.010254 0.040039 ... -0.011475 -0.043701 0.024170 0.010559 0.026001 -0.022217 -0.034424 -0.008179 0.000431 -0.030273 
  Weight 1 (Name: layer5_wk:loraA, Dim: 8192): 0.036865 0.049561 -0.001907 -0.054932 0.012695 -0.037842 -0.020874 0.014648 0.011841 0.005676 ... 0.002457 -0.005341 0.019653 -0.038818 -0.000526 -0.075195 0.029541 -0.005249 0.014587 -0.016479 
  Weight 2 (Name: layer5_wk:loraB, Dim: 8192): 0.028320 -0.008301 0.015625 0.039551 -0.009155 -0.011963 0.031982 -0.050293 0.014648 0.058350 ... 0.009888 -0.039795 0.010254 -0.019409 -0.001083 0.024902 0.023438 -0.020264 -0.004791 -0.008606 

Layer: layer5_k_norm (Type: reshaped_rms_norm)
  Weight 0 (Name: layer5_k_norm:gamma, Dim: 128): -0.030884 -0.029419 0.044678 -0.020386 -0.032715 0.020508 -0.003342 -0.056641 -0.006592 0.063965 ... 0.046143 -0.029175 0.013916 -0.001396 0.010986 -0.010681 -0.009399 0.059570 -0.083008 0.006927 

Layer: layer5_wv (Type: fully_connected)
  Weight 0 (Name: layer5_wv:weight, Dim: 1048576): 0.058594 0.069336 -0.018555 0.015625 0.010681 -0.029419 -0.061768 0.027100 0.043457 0.013550 ... 0.019043 -0.021851 -0.006561 0.062500 0.001923 -0.022949 -0.008362 0.024536 -0.013062 0.023071 
  Weight 1 (Name: layer5_wv:loraA, Dim: 8192): -0.038086 0.019897 0.031982 -0.042725 0.022095 0.049316 0.034912 0.007935 0.021484 0.006866 ... 0.005554 -0.005493 -0.001488 0.012329 -0.041504 0.010071 -0.011169 -0.031250 0.007690 0.024780 
  Weight 2 (Name: layer5_wv:loraB, Dim: 8192): 0.046387 0.042725 -0.012207 -0.034912 -0.035645 0.023315 -0.010742 -0.036133 0.011719 0.030396 ... 0.042725 -0.068848 0.040283 0.008789 0.007507 0.052734 0.006439 0.005127 -0.016113 0.065430 

Layer: layer5_attention (Type: mha_core)

Layer: layer5_attention_out (Type: fully_connected)
  Weight 0 (Name: layer5_attention_out:weight, Dim: 2097152): -0.008667 0.005463 0.007050 0.025269 -0.000648 -0.018188 0.026245 0.029175 0.014038 0.007141 ... 0.015320 -0.031250 0.039551 -0.026245 -0.040039 0.042725 -0.018921 -0.041016 0.032227 -0.005341 
  Weight 1 (Name: layer5_attention_out:loraA, Dim: 16384): -0.011780 0.017822 0.008606 0.041504 -0.002472 0.041992 -0.013977 -0.022705 -0.008606 0.028198 ... 0.046631 -0.035156 0.017334 0.004578 0.003235 -0.041260 0.003220 0.032227 -0.000561 0.026611 
  Weight 2 (Name: layer5_attention_out:loraB, Dim: 8192): 0.037109 -0.011292 -0.015869 0.006409 -0.009521 -0.027954 -0.012207 0.009277 -0.024292 -0.020508 ... -0.000102 -0.015564 0.037109 0.005157 -0.008484 -0.003937 -0.008911 0.044678 0.058838 0.036621 

Layer: layer5_decoder_add (Type: addition)

Layer: layer5_decoder_add/generated_out_0 (Type: multiout)

Layer: layer5_ffn_norm (Type: rms_norm)
  Weight 0 (Name: layer5_ffn_norm:gamma, Dim: 1024): 0.045166 0.015625 -0.026001 -0.003815 -0.030640 0.035645 -0.011536 0.003159 -0.020508 0.019775 ... -0.013000 -0.014465 0.088867 0.007080 -0.031494 -0.004242 -0.013428 0.021851 0.032715 -0.019287 

Layer: layer5_ffn_norm/generated_out_0 (Type: multiout)

Layer: layer5_ffn_up (Type: fully_connected)
  Weight 0 (Name: layer5_ffn_up:weight, Dim: 3145728): -0.028442 0.063965 0.049805 -0.033447 0.038330 -0.032471 0.052002 0.012573 -0.000035 0.052979 ... 0.053955 -0.016357 0.002670 -0.017700 0.009033 -0.032715 -0.030640 0.040039 0.029419 0.003906 
  Weight 1 (Name: layer5_ffn_up:loraA, Dim: 8192): -0.039795 -0.015076 0.033691 -0.003632 0.003021 -0.060547 0.037598 0.007446 0.008057 0.036133 ... 0.001335 -0.009094 0.009888 -0.007019 0.005249 0.004608 -0.010132 0.031982 0.039307 -0.035645 
  Weight 2 (Name: layer5_ffn_up:loraB, Dim: 24576): 0.057861 -0.031738 0.023071 0.030029 0.036621 -0.032715 0.001022 -0.032715 -0.000572 0.011108 ... 0.015625 -0.057861 0.010132 -0.022217 -0.023682 -0.050049 0.012695 0.026733 -0.007599 0.026245 

Layer: layer5_ffn_gate (Type: fully_connected)
  Weight 0 (Name: layer5_ffn_gate:weight, Dim: 3145728): 0.055664 -0.022827 0.005798 0.031250 -0.013489 0.030640 -0.047607 -0.038574 -0.011902 0.001472 ... 0.019653 -0.028320 -0.000404 -0.013489 -0.027222 0.000423 0.048340 0.017822 -0.021362 0.025391 
  Weight 1 (Name: layer5_ffn_gate:loraA, Dim: 8192): -0.021729 0.033936 0.015747 -0.032471 0.024658 -0.041016 -0.014709 -0.042236 -0.013489 0.022705 ... -0.068359 -0.007690 0.007874 0.054199 -0.000402 -0.056396 0.049316 0.044678 0.041992 0.001259 
  Weight 2 (Name: layer5_ffn_gate:loraB, Dim: 24576): 0.001221 -0.094727 0.006775 -0.035645 0.058105 0.035400 -0.041748 -0.010559 0.030884 -0.013550 ... 0.014343 -0.043701 0.029053 0.039551 0.014038 0.027466 0.033936 -0.020996 0.025513 -0.043945 

Layer: layer5_ffn_swiglu (Type: swiglu)

Layer: layer5_ffn_down (Type: fully_connected)
  Weight 0 (Name: layer5_ffn_down:weight, Dim: 3145728): 0.015991 0.006958 -0.030396 -0.014587 0.009949 0.025879 0.001572 -0.008057 0.031982 0.030518 ... -0.010620 0.017700 0.025391 0.026367 0.025146 0.011597 0.010803 0.024780 -0.007080 0.063477 
  Weight 1 (Name: layer5_ffn_down:loraA, Dim: 24576): -0.023560 0.020020 -0.031250 0.018677 0.043701 -0.031982 -0.013733 0.005920 0.001648 0.009216 ... 0.002975 -0.052734 -0.011719 -0.032959 0.018677 -0.012207 0.043213 0.027954 0.014404 -0.018799 
  Weight 2 (Name: layer5_ffn_down:loraB, Dim: 8192): 0.000064 0.010925 -0.061768 0.003616 0.033691 -0.015442 -0.038818 0.025269 0.063477 0.031494 ... 0.011780 -0.011780 0.033447 -0.004425 0.015259 -0.009460 0.007935 -0.012451 0.001846 -0.011292 

Layer: layer5_decoder_output (Type: addition)

Layer: layer5_decoder_output/generated_out_0 (Type: multiout)

Layer: layer6_attention_norm (Type: rms_norm)
  Weight 0 (Name: layer6_attention_norm:gamma, Dim: 1024): -0.046387 -0.007294 -0.032715 -0.000063 -0.035156 0.042725 0.031494 -0.007874 -0.006378 0.040527 ... -0.029053 -0.006165 0.026123 -0.010193 0.006744 0.005829 0.001709 -0.016479 0.021606 0.052979 

Layer: layer6_attention_norm/generated_out_0 (Type: multiout)

Layer: layer6_wq (Type: fully_connected)
  Weight 0 (Name: layer6_wq:weight, Dim: 2097152): 0.055420 0.022339 -0.031738 -0.027832 0.030029 -0.022339 -0.037598 -0.029175 0.002838 -0.015747 ... 0.082520 -0.064453 -0.007812 -0.061523 0.009583 -0.024902 0.045654 0.023071 0.013550 0.024902 
  Weight 1 (Name: layer6_wq:loraA, Dim: 8192): 0.021851 -0.032715 -0.004730 -0.054443 0.005707 -0.023315 0.019409 -0.017212 0.042725 -0.005524 ... -0.050781 -0.031738 0.027344 -0.055908 -0.030151 -0.027954 -0.001266 -0.012329 -0.048096 0.050537 
  Weight 2 (Name: layer6_wq:loraB, Dim: 16384): 0.055176 0.114258 0.047852 0.039307 0.023193 0.034912 0.047607 -0.000580 -0.025146 0.017944 ... 0.025024 -0.001640 -0.000626 0.007507 -0.010864 -0.023438 -0.000277 0.015503 0.022095 0.013306 

Layer: layer6_q_norm (Type: reshaped_rms_norm)
  Weight 0 (Name: layer6_q_norm:gamma, Dim: 128): 0.010742 0.052246 -0.017090 -0.051270 0.018433 -0.004730 -0.026733 -0.002060 0.015137 0.048828 ... -0.037109 0.031250 0.006531 0.005707 -0.023193 -0.003036 -0.030029 -0.014160 0.030762 0.009766 

Layer: layer6_wk (Type: fully_connected)
  Weight 0 (Name: layer6_wk:weight, Dim: 1048576): -0.020874 0.013794 -0.020386 -0.016602 -0.026733 -0.003220 -0.000546 0.032471 -0.041748 -0.003326 ... 0.057129 0.026123 0.014038 -0.047607 -0.031738 -0.025146 0.043701 0.027710 0.022705 0.000576 
  Weight 1 (Name: layer6_wk:loraA, Dim: 8192): 0.049072 -0.021484 0.058105 -0.045654 -0.027344 0.008972 -0.015564 0.037109 0.032959 0.012939 ... 0.033203 0.029785 0.002808 -0.011597 -0.004578 -0.005432 -0.010803 -0.039795 -0.026611 -0.031128 
  Weight 2 (Name: layer6_wk:loraB, Dim: 8192): -0.006897 -0.059570 0.020264 0.065430 -0.016479 0.039551 -0.009033 0.000383 -0.002380 0.034912 ... -0.023804 0.004425 0.033203 -0.066895 0.027588 0.044434 0.052246 -0.013062 0.017212 -0.025269 

Layer: layer6_k_norm (Type: reshaped_rms_norm)
  Weight 0 (Name: layer6_k_norm:gamma, Dim: 128): -0.003754 -0.053467 -0.025635 0.029297 -0.015320 0.008606 0.015503 0.022339 -0.015076 -0.027954 ... 0.002548 0.026367 -0.006042 0.013123 -0.012634 0.009521 -0.031250 0.017212 0.004700 0.032471 

Layer: layer6_wv (Type: fully_connected)
  Weight 0 (Name: layer6_wv:weight, Dim: 1048576): -0.018921 0.019897 0.031982 0.010376 0.033936 -0.019897 0.031250 -0.011841 -0.047607 0.017700 ... -0.005127 -0.031982 0.026611 0.006195 0.040283 0.034424 -0.011108 -0.009521 -0.010010 0.039551 
  Weight 1 (Name: layer6_wv:loraA, Dim: 8192): 0.029175 0.031494 0.009277 0.070312 0.086914 0.026123 0.014221 -0.011963 -0.024902 -0.054688 ... 0.017212 0.042969 0.001328 -0.040527 0.010986 -0.002518 -0.015259 -0.003967 -0.017212 0.059570 
  Weight 2 (Name: layer6_wv:loraB, Dim: 8192): 0.003052 -0.010437 -0.064941 -0.004639 0.004120 0.049805 0.009399 -0.040771 -0.013062 -0.030151 ... -0.034668 0.010132 0.038330 -0.014771 -0.011902 -0.044922 -0.021118 -0.013611 -0.041748 -0.016846 

Layer: layer6_attention (Type: mha_core)

Layer: layer6_attention_out (Type: fully_connected)
  Weight 0 (Name: layer6_attention_out:weight, Dim: 2097152): -0.000778 -0.008301 -0.033203 0.016846 -0.020752 -0.007080 -0.019287 -0.018311 -0.022339 0.024048 ... -0.006927 -0.055664 -0.005463 -0.015259 -0.030762 -0.053711 -0.010925 0.061279 -0.004639 0.031982 
  Weight 1 (Name: layer6_attention_out:loraA, Dim: 16384): 0.015259 -0.020020 0.000280 -0.033691 0.067383 -0.021362 0.022705 0.047607 0.002792 0.016357 ... -0.024780 -0.014282 0.028442 0.016357 -0.017578 -0.019897 -0.021362 -0.003586 0.034180 -0.014771 
  Weight 2 (Name: layer6_attention_out:loraB, Dim: 8192): -0.001633 -0.061768 -0.007629 0.003387 0.045654 0.071289 -0.027222 0.041260 -0.065918 0.020630 ... -0.006866 0.044922 0.020996 -0.010986 -0.038086 0.010925 -0.047119 0.000603 0.021362 0.020020 

Layer: layer6_decoder_add (Type: addition)

Layer: layer6_decoder_add/generated_out_0 (Type: multiout)

Layer: layer6_ffn_norm (Type: rms_norm)
  Weight 0 (Name: layer6_ffn_norm:gamma, Dim: 1024): 0.065430 -0.027588 -0.039062 0.012939 -0.023193 0.039062 -0.023926 0.013489 0.017090 -0.001312 ... -0.037598 0.016968 0.000885 -0.029541 -0.033447 0.036865 -0.008728 0.028931 -0.028076 0.005493 

Layer: layer6_ffn_norm/generated_out_0 (Type: multiout)

Layer: layer6_ffn_up (Type: fully_connected)
  Weight 0 (Name: layer6_ffn_up:weight, Dim: 3145728): 0.008667 0.053223 0.015076 0.030396 0.026123 0.000282 0.026733 -0.033203 -0.024048 -0.036377 ... 0.003876 -0.034912 -0.025513 -0.030884 -0.007202 0.009583 0.013367 -0.031128 0.022827 0.016846 
  Weight 1 (Name: layer6_ffn_up:loraA, Dim: 8192): -0.017578 0.005280 -0.001884 0.002930 -0.016479 -0.015076 0.041504 0.032715 -0.003647 -0.008423 ... 0.026489 0.038330 -0.044922 0.017334 -0.004578 0.037109 0.025391 0.020874 0.010254 -0.029419 
  Weight 2 (Name: layer6_ffn_up:loraB, Dim: 24576): -0.033936 0.006775 -0.054199 -0.024292 -0.047363 0.003967 0.006348 0.018799 0.039062 0.011902 ... -0.032227 0.054932 -0.024536 -0.009094 -0.022583 0.000267 -0.052246 -0.038574 -0.013000 0.009155 

Layer: layer6_ffn_gate (Type: fully_connected)
  Weight 0 (Name: layer6_ffn_gate:weight, Dim: 3145728): -0.017456 -0.025269 0.006256 0.014404 -0.000006 0.014648 0.040771 0.008850 -0.004364 0.004669 ... 0.056396 0.014221 -0.034912 0.042725 0.035400 -0.010376 -0.014343 -0.030884 0.017334 -0.035889 
  Weight 1 (Name: layer6_ffn_gate:loraA, Dim: 8192): -0.010620 0.002258 -0.019409 -0.000280 0.011841 -0.047607 0.051514 0.007080 -0.016846 -0.014587 ... -0.008240 0.004364 -0.005707 -0.032715 0.033936 -0.012817 -0.026978 0.026611 0.045410 0.040527 
  Weight 2 (Name: layer6_ffn_gate:loraB, Dim: 24576): -0.003235 -0.034912 -0.031128 0.007507 -0.054932 0.057861 -0.000368 0.078125 -0.054443 0.055176 ... -0.033936 0.030640 0.012939 0.010193 -0.006470 0.050537 0.007477 -0.023315 -0.030029 0.038818 

Layer: layer6_ffn_swiglu (Type: swiglu)

Layer: layer6_ffn_down (Type: fully_connected)
  Weight 0 (Name: layer6_ffn_down:weight, Dim: 3145728): -0.023682 0.060303 -0.044434 0.000351 0.016846 0.007019 0.036621 0.059570 -0.012878 0.028687 ... 0.017578 0.001839 -0.052734 -0.001953 -0.016846 -0.054199 -0.036133 -0.036377 0.019653 -0.005127 
  Weight 1 (Name: layer6_ffn_down:loraA, Dim: 24576): 0.013794 -0.020020 -0.044434 0.040039 0.000353 -0.008423 -0.012512 -0.000641 -0.032227 -0.032471 ... -0.042236 -0.022827 -0.023193 -0.012390 0.023804 -0.041748 -0.016357 0.040283 -0.037109 -0.013672 
  Weight 2 (Name: layer6_ffn_down:loraB, Dim: 8192): 0.002274 0.057373 -0.007416 -0.033447 -0.020874 0.002121 0.022705 0.000172 -0.010681 -0.026245 ... -0.026978 0.003098 0.026123 0.022339 0.001411 -0.018921 0.008911 -0.006348 0.017212 0.005005 

Layer: layer6_decoder_output (Type: addition)

Layer: layer6_decoder_output/generated_out_0 (Type: multiout)

Layer: layer7_attention_norm (Type: rms_norm)
  Weight 0 (Name: layer7_attention_norm:gamma, Dim: 1024): 0.025635 0.030396 -0.036621 -0.009033 0.015076 -0.012268 -0.069824 -0.005768 -0.021362 0.034912 ... 0.018066 -0.023071 0.028809 0.014832 0.010559 -0.031250 0.024658 -0.063477 0.001907 0.037842 

Layer: layer7_attention_norm/generated_out_0 (Type: multiout)

Layer: layer7_wq (Type: fully_connected)
  Weight 0 (Name: layer7_wq:weight, Dim: 2097152): 0.013245 -0.002930 0.001167 -0.007568 -0.060791 0.013977 -0.024414 -0.032227 0.048828 0.056152 ... -0.009094 0.017822 0.035645 0.046387 -0.014954 0.018066 0.033936 0.025635 0.032715 0.014709 
  Weight 1 (Name: layer7_wq:loraA, Dim: 8192): 0.015320 0.005676 -0.024780 0.060547 0.041016 0.028809 -0.004211 0.010498 -0.008667 0.053711 ... -0.001114 0.021729 -0.012756 0.028687 0.007233 -0.083984 -0.058594 -0.015503 -0.000580 0.013794 
  Weight 2 (Name: layer7_wq:loraB, Dim: 16384): 0.022583 0.032471 -0.010315 0.000454 0.022095 -0.027588 -0.000444 -0.027222 -0.078125 0.044189 ... -0.002213 0.012085 0.015625 -0.073242 0.021362 -0.030396 -0.020996 -0.010681 -0.013428 0.002792 

Layer: layer7_q_norm (Type: reshaped_rms_norm)
  Weight 0 (Name: layer7_q_norm:gamma, Dim: 128): 0.028198 -0.001480 0.011658 -0.026489 0.029663 -0.046875 -0.024658 -0.008362 -0.030518 -0.070801 ... 0.014893 -0.070312 -0.000208 -0.004791 0.030273 0.023071 -0.098145 -0.037598 0.049316 0.003784 

Layer: layer7_wk (Type: fully_connected)
  Weight 0 (Name: layer7_wk:weight, Dim: 1048576): 0.041504 -0.002838 -0.005646 0.003754 0.019897 0.001503 -0.011108 0.042725 0.003632 0.037109 ... 0.020996 0.042236 -0.051514 0.013428 -0.023682 -0.029297 0.012939 -0.065430 0.029785 0.011047 
  Weight 1 (Name: layer7_wk:loraA, Dim: 8192): 0.009949 0.019287 0.026733 0.035156 0.002304 0.005859 -0.020752 0.020630 -0.049561 -0.008728 ... -0.002167 -0.016724 -0.009338 -0.009033 -0.008240 0.024658 -0.033691 -0.030762 0.006500 0.005005 
  Weight 2 (Name: layer7_wk:loraB, Dim: 8192): 0.032959 0.026245 -0.013672 -0.006104 -0.049805 0.025513 0.007294 0.045410 0.011169 -0.059082 ... -0.005035 0.022705 -0.002823 -0.028442 -0.055908 0.018311 0.016846 0.018677 0.025146 -0.001251 

Layer: layer7_k_norm (Type: reshaped_rms_norm)
  Weight 0 (Name: layer7_k_norm:gamma, Dim: 128): -0.026123 -0.004181 -0.015015 0.006561 0.020508 -0.005432 -0.001076 0.009521 -0.038574 0.004639 ... 0.047607 0.005188 -0.032471 -0.046875 0.039551 -0.006927 0.014282 0.042236 -0.040527 -0.022705 

Layer: layer7_wv (Type: fully_connected)
  Weight 0 (Name: layer7_wv:weight, Dim: 1048576): 0.015198 -0.046875 0.078613 0.050537 0.088379 -0.020142 0.042236 0.050537 0.001221 0.005310 ... 0.040527 -0.038086 0.033203 0.008667 0.064453 0.035645 -0.001190 0.004883 0.048096 -0.005951 
  Weight 1 (Name: layer7_wv:loraA, Dim: 8192): 0.028076 -0.050537 -0.001633 0.030762 0.020630 -0.062012 0.026123 0.040771 -0.016724 0.032715 ... 0.050781 -0.026611 -0.024780 -0.035400 0.023438 -0.000014 0.017578 -0.022339 0.008240 0.019531 
  Weight 2 (Name: layer7_wv:loraB, Dim: 8192): 0.032471 -0.070312 0.016357 0.040527 0.021240 -0.062256 0.018555 0.063965 0.039551 0.029541 ... 0.041748 0.009644 -0.014709 0.032959 0.017578 0.026611 -0.016602 0.020996 0.003891 0.026245 

Layer: layer7_attention (Type: mha_core)

Layer: layer7_attention_out (Type: fully_connected)
  Weight 0 (Name: layer7_attention_out:weight, Dim: 2097152): -0.001419 -0.066895 0.071777 0.036133 0.055908 -0.065918 0.026001 0.074707 0.050781 0.028442 ... -0.026855 0.017090 -0.031982 0.009583 0.032959 0.003250 -0.027100 -0.027954 -0.002228 0.006348 
  Weight 1 (Name: layer7_attention_out:loraA, Dim: 16384): 0.044189 -0.070801 0.032715 0.060547 0.029297 -0.019043 0.014954 0.073242 0.016235 0.029297 ... 0.001968 0.016602 -0.039795 -0.055420 -0.015747 0.021606 -0.016479 0.005920 -0.015991 -0.033203 
  Weight 2 (Name: layer7_attention_out:loraB, Dim: 8192): -0.016479 -0.080078 0.038086 0.044922 0.053467 -0.101562 0.019409 0.057861 0.009216 0.011230 ... 0.026733 0.020386 0.015991 0.050293 0.030884 -0.022339 -0.002182 -0.001045 -0.025879 -0.005768 

Layer: layer7_decoder_add (Type: addition)

Layer: layer7_decoder_add/generated_out_0 (Type: multiout)

Layer: layer7_ffn_norm (Type: rms_norm)
  Weight 0 (Name: layer7_ffn_norm:gamma, Dim: 1024): 0.027588 -0.059326 0.038818 0.060547 0.006165 0.000889 0.021851 0.067383 0.006927 -0.014709 ... -0.032715 0.017456 -0.004883 -0.036377 0.005310 0.032471 0.005280 -0.001450 -0.010071 -0.008728 

Layer: layer7_ffn_norm/generated_out_0 (Type: multiout)

Layer: layer7_ffn_up (Type: fully_connected)
  Weight 0 (Name: layer7_ffn_up:weight, Dim: 3145728): 0.023926 -0.051758 0.058838 0.060791 -0.030396 -0.033936 0.039062 0.042969 -0.016235 -0.011108 ... 0.009521 0.029419 -0.034912 0.010925 -0.006714 -0.012817 -0.013428 -0.028198 0.009460 -0.018433 
  Weight 1 (Name: layer7_ffn_up:loraA, Dim: 8192): -0.010254 -0.082520 0.021606 0.024536 0.009827 0.004669 0.046631 0.060059 0.002609 0.018433 ... -0.001312 0.017822 0.006470 -0.037842 0.030396 0.001999 -0.003464 0.082520 -0.024048 -0.010681 
  Weight 2 (Name: layer7_ffn_up:loraB, Dim: 24576): -0.001259 -0.081543 0.002823 0.059570 0.003113 -0.061035 0.051758 0.068848 0.044678 0.040039 ... 0.006104 0.022095 -0.051025 -0.012756 0.005676 0.001373 0.003403 0.020874 -0.003342 -0.015137 

Layer: layer7_ffn_gate (Type: fully_connected)
  Weight 0 (Name: layer7_ffn_gate:weight, Dim: 3145728): -0.032471 -0.077148 0.050049 -0.004028 0.054443 -0.004578 0.029785 0.070801 -0.013611 -0.010376 ... -0.013855 0.015625 0.001717 -0.024414 0.038818 0.003616 0.021484 -0.020630 -0.058350 0.007812 
  Weight 1 (Name: layer7_ffn_gate:loraA, Dim: 8192): 0.036865 -0.047363 0.081055 0.034424 -0.002579 -0.032715 0.052734 0.057129 0.034424 0.022461 ... 0.070801 0.038086 -0.022705 -0.031494 0.021973 0.000900 -0.009338 -0.008606 0.015991 0.053223 
  Weight 2 (Name: layer7_ffn_gate:loraB, Dim: 24576): -0.021973 -0.046631 0.012390 0.049316 0.021973 -0.005219 0.037109 0.056396 0.034668 0.006012 ... 0.063477 0.066895 0.020630 -0.025757 0.031128 0.072266 -0.020142 0.000874 -0.041016 -0.026489 

Layer: layer7_ffn_swiglu (Type: swiglu)

Layer: layer7_ffn_down (Type: fully_connected)
  Weight 0 (Name: layer7_ffn_down:weight, Dim: 3145728): 0.042969 -0.055176 0.027222 0.071289 -0.016479 -0.020630 0.055664 0.066895 0.004120 -0.007477 ... -0.049805 0.054199 -0.043701 0.010925 0.032959 -0.022583 0.035156 0.026367 0.002777 -0.055176 
  Weight 1 (Name: layer7_ffn_down:loraA, Dim: 24576): -0.051025 -0.043213 0.046875 0.032471 0.028564 -0.001595 0.021973 0.043457 -0.054199 0.004272 ... 0.003174 0.005554 0.003937 -0.004700 0.024048 -0.010193 -0.004120 -0.000832 -0.006500 -0.001564 
  Weight 2 (Name: layer7_ffn_down:loraB, Dim: 8192): -0.000664 -0.056885 0.032227 0.041260 0.000702 -0.029907 0.051025 0.049316 0.017700 -0.026489 ... 0.002869 -0.026733 0.024658 0.009827 0.078125 0.018433 0.017090 0.011353 -0.019653 0.011597 

Layer: layer7_decoder_output (Type: addition)

Layer: layer7_decoder_output/generated_out_0 (Type: multiout)

Layer: layer8_attention_norm (Type: rms_norm)
  Weight 0 (Name: layer8_attention_norm:gamma, Dim: 1024): 0.002609 -0.041504 0.049561 0.030029 -0.025146 -0.011536 0.061035 0.051514 -0.008118 -0.008484 ... 0.005981 -0.004364 -0.028198 0.000572 0.016235 -0.010315 0.014954 -0.005463 0.021729 0.025879 

Layer: layer8_attention_norm/generated_out_0 (Type: multiout)

Layer: layer8_wq (Type: fully_connected)
  Weight 0 (Name: layer8_wq:weight, Dim: 2097152): 0.003220 -0.038086 -0.008362 0.028931 0.022461 -0.031006 0.046631 0.046387 0.010742 -0.021606 ... -0.010925 -0.051514 0.020874 -0.026123 0.044434 -0.010071 -0.025757 0.027466 0.005280 -0.035645 
  Weight 1 (Name: layer8_wq:loraA, Dim: 8192): 0.016479 -0.056396 0.034912 0.013672 0.013611 -0.037842 0.035645 0.053955 0.011719 0.008423 ... 0.028564 -0.020020 0.012756 -0.006470 0.045654 0.043945 0.033203 -0.003036 0.007690 -0.060059 
  Weight 2 (Name: layer8_wq:loraB, Dim: 16384): 0.006073 -0.092773 0.025146 0.059326 -0.000713 -0.022949 0.027710 0.072266 0.016602 -0.022827 ... 0.004974 0.015381 0.008240 -0.038330 -0.031128 0.019775 0.054443 0.000123 -0.001663 -0.008850 

Layer: layer8_q_norm (Type: reshaped_rms_norm)
  Weight 0 (Name: layer8_q_norm:gamma, Dim: 128): -0.015198 -0.037598 -0.012146 0.018799 0.013489 -0.016113 0.087891 0.078613 -0.015991 -0.046631 ... -0.061768 0.010071 -0.018433 -0.012207 -0.009399 -0.036133 -0.028076 0.029541 -0.006958 0.011780 

Layer: layer8_wk (Type: fully_connected)
  Weight 0 (Name: layer8_wk:weight, Dim: 1048576): 0.025024 0.047363 0.003586 -0.003143 0.003235 -0.020996 -0.090332 0.036865 -0.033691 0.017456 ... -0.092285 0.025513 0.047119 -0.035889 -0.010132 0.028320 0.037109 -0.006226 -0.023560 0.014771 
  Weight 1 (Name: layer8_wk:loraA, Dim: 8192): -0.097168 -0.007141 -0.018066 0.029297 0.017944 0.008850 0.038574 -0.034180 -0.070312 -0.005463 ... -0.011475 -0.026489 -0.008057 -0.003311 -0.027954 0.000146 0.004486 -0.017578 -0.001022 -0.006866 
  Weight 2 (Name: layer8_wk:loraB, Dim: 8192): 0.006561 0.009277 -0.008484 0.020630 0.030518 -0.005341 0.002213 -0.044678 -0.033203 0.024414 ... 0.034180 -0.024902 0.036621 0.009888 0.060303 0.066895 -0.003693 -0.024170 -0.043457 0.034424 

Layer: layer8_k_norm (Type: reshaped_rms_norm)
  Weight 0 (Name: layer8_k_norm:gamma, Dim: 128): -0.037354 -0.029907 -0.001831 0.014099 -0.041748 -0.000801 0.012024 -0.014893 -0.041504 0.008972 ... 0.002899 0.031738 -0.027954 0.019653 0.057617 -0.056641 -0.069336 -0.005646 -0.004181 0.021973 

Layer: layer8_wv (Type: fully_connected)
  Weight 0 (Name: layer8_wv:weight, Dim: 1048576): -0.067383 0.022827 0.012207 -0.044434 -0.054443 0.047607 -0.034424 0.005829 -0.013733 0.026123 ... -0.005341 0.028809 -0.020020 -0.028564 -0.032227 -0.025269 -0.006317 -0.036865 -0.011230 0.000462 
  Weight 1 (Name: layer8_wv:loraA, Dim: 8192): 0.030029 0.033447 -0.014709 0.005280 -0.005371 0.045654 -0.001396 0.032471 0.003616 -0.003342 ... 0.015625 -0.012451 0.003387 0.033203 0.009338 -0.070312 -0.003799 0.038086 -0.049072 -0.015320 
  Weight 2 (Name: layer8_wv:loraB, Dim: 8192): 0.011658 -0.031738 0.020996 -0.034424 0.070801 0.040527 -0.032715 -0.026245 0.001183 -0.068359 ... -0.000324 -0.002762 -0.011475 0.037109 -0.011841 -0.034912 -0.000385 0.022705 -0.013550 -0.009216 

Layer: layer8_attention (Type: mha_core)

Layer: layer8_attention_out (Type: fully_connected)
  Weight 0 (Name: layer8_attention_out:weight, Dim: 2097152): 0.007233 0.023193 0.022339 0.023804 -0.000504 -0.000368 0.012756 -0.016968 0.034912 0.014343 ... -0.018555 -0.064941 0.034424 0.003052 0.028198 -0.008423 -0.021606 -0.012268 -0.002655 0.025635 
  Weight 1 (Name: layer8_attention_out:loraA, Dim: 16384): -0.004700 0.020874 0.002655 0.001450 -0.012939 0.013794 0.025757 -0.013794 -0.013306 -0.011536 ... 0.045166 0.003906 -0.027954 0.030518 0.020996 -0.044922 0.018555 -0.017578 -0.044189 0.036865 
  Weight 2 (Name: layer8_attention_out:loraB, Dim: 8192): -0.042480 0.033447 -0.009766 0.048096 -0.004669 0.007721 0.012085 -0.057129 -0.020752 -0.007996 ... 0.007690 0.003738 0.007233 -0.007721 -0.003235 -0.038574 -0.002762 0.000076 0.000816 -0.005737 

Layer: layer8_decoder_add (Type: addition)

Layer: layer8_decoder_add/generated_out_0 (Type: multiout)

Layer: layer8_ffn_norm (Type: rms_norm)
  Weight 0 (Name: layer8_ffn_norm:gamma, Dim: 1024): -0.008362 0.003143 0.014954 -0.005249 0.013672 0.003555 0.008118 -0.003479 -0.003433 -0.009094 ... 0.008545 -0.074219 0.065918 0.025635 -0.028931 -0.011658 -0.041016 -0.055420 0.003693 0.030640 

Layer: layer8_ffn_norm/generated_out_0 (Type: multiout)

Layer: layer8_ffn_up (Type: fully_connected)
  Weight 0 (Name: layer8_ffn_up:weight, Dim: 3145728): -0.019287 0.038330 0.042969 -0.031982 -0.032715 -0.002319 -0.061768 0.013489 -0.012939 0.022339 ... 0.014221 -0.022583 -0.023071 -0.017700 -0.034912 -0.018188 -0.005768 0.013062 -0.033447 -0.013123 
  Weight 1 (Name: layer8_ffn_up:loraA, Dim: 8192): -0.005310 0.007080 0.033936 0.000066 0.006531 0.055176 0.020386 -0.002945 -0.087891 -0.001137 ... -0.023071 0.034668 -0.002609 0.001282 -0.027344 -0.066406 0.036133 0.041260 0.039551 -0.021484 
  Weight 2 (Name: layer8_ffn_up:loraB, Dim: 24576): -0.006958 -0.005646 -0.031738 0.021240 0.041748 -0.010620 0.002655 -0.008301 0.003494 -0.046387 ... 0.021606 -0.001144 0.030518 -0.038086 -0.026489 -0.066406 0.031250 -0.032715 0.049072 0.019897 

Layer: layer8_ffn_gate (Type: fully_connected)
  Weight 0 (Name: layer8_ffn_gate:weight, Dim: 3145728): -0.027222 0.013428 0.019409 -0.045898 0.009521 -0.014160 -0.042236 -0.055908 -0.036133 0.020508 ... 0.034424 0.010437 0.021362 0.011963 0.009766 -0.097168 0.002060 0.012207 -0.028809 -0.042236 
  Weight 1 (Name: layer8_ffn_gate:loraA, Dim: 8192): -0.053223 -0.039795 -0.014099 0.051758 -0.012939 -0.001236 -0.002457 0.008972 -0.022095 -0.000462 ... -0.026978 -0.057373 0.055420 0.026978 0.019287 -0.005737 0.029907 -0.035889 -0.017456 0.003693 
  Weight 2 (Name: layer8_ffn_gate:loraB, Dim: 24576): -0.021484 -0.025024 -0.048340 -0.022827 -0.005249 -0.004517 -0.029297 0.009155 -0.029785 0.022217 ... 0.021729 -0.020142 0.021606 0.014648 0.027222 -0.055420 0.029419 0.006989 -0.003616 -0.007050 

Layer: layer8_ffn_swiglu (Type: swiglu)

Layer: layer8_ffn_down (Type: fully_connected)
  Weight 0 (Name: layer8_ffn_down:weight, Dim: 3145728): -0.010437 0.031738 0.013794 0.006348 0.014282 -0.003189 -0.019043 0.023315 -0.025146 -0.007233 ... 0.022217 0.027344 -0.012695 0.016602 0.030518 -0.079590 -0.008118 0.019775 0.003235 0.002518 
  Weight 1 (Name: layer8_ffn_down:loraA, Dim: 24576): -0.051758 0.011230 0.017700 -0.012085 0.044189 -0.052734 0.022583 0.020264 -0.013184 -0.048828 ... -0.028931 0.029907 0.037354 -0.020630 -0.017944 0.003754 0.003693 -0.012085 -0.000706 0.044922 
  Weight 2 (Name: layer8_ffn_down:loraB, Dim: 8192): -0.021240 0.007629 -0.031982 0.016968 0.001251 0.011230 0.056152 -0.001190 -0.053711 -0.023682 ... -0.009766 -0.020508 -0.017212 -0.008789 -0.015015 -0.002563 0.041992 -0.021118 0.007996 0.016113 

Layer: layer8_decoder_output (Type: addition)

Layer: layer8_decoder_output/generated_out_0 (Type: multiout)

Layer: layer9_attention_norm (Type: rms_norm)
  Weight 0 (Name: layer9_attention_norm:gamma, Dim: 1024): -0.000515 0.026611 -0.011841 0.055420 -0.055420 0.012573 -0.015076 0.021606 -0.031128 -0.008545 ... -0.005188 -0.005676 0.001411 0.044922 -0.000210 -0.019165 0.006348 -0.019409 -0.019531 0.011414 

Layer: layer9_attention_norm/generated_out_0 (Type: multiout)

Layer: layer9_wq (Type: fully_connected)
  Weight 0 (Name: layer9_wq:weight, Dim: 2097152): 0.022583 0.022095 0.033203 -0.007477 0.003967 -0.012024 -0.000104 -0.026123 0.002808 0.017456 ... 0.018433 0.013489 -0.004089 -0.030273 0.034424 0.004028 -0.019531 0.018555 -0.031494 -0.041992 
  Weight 1 (Name: layer9_wq:loraA, Dim: 8192): -0.048340 0.017212 0.012207 0.000767 0.025391 0.037598 -0.059082 -0.000847 -0.018677 0.000119 ... 0.002899 0.031982 -0.015747 -0.015015 -0.018799 -0.073242 -0.030518 -0.001114 -0.000104 -0.017822 
  Weight 2 (Name: layer9_wq:loraB, Dim: 16384): 0.015991 -0.008972 0.014893 0.007690 -0.004272 -0.004822 0.004456 -0.014465 0.003525 -0.031250 ... 0.019287 0.007416 0.023315 -0.012634 -0.002808 -0.037842 -0.014709 -0.002182 -0.002853 -0.012024 

Layer: layer9_q_norm (Type: reshaped_rms_norm)
  Weight 0 (Name: layer9_q_norm:gamma, Dim: 128): -0.010071 -0.015747 0.018555 0.007996 0.009277 -0.009705 -0.006775 0.001305 -0.009521 -0.009766 ... 0.029175 -0.010498 0.016602 -0.014160 -0.016968 0.000900 -0.000355 0.000083 0.028809 0.007263 

Layer: layer9_wk (Type: fully_connected)
  Weight 0 (Name: layer9_wk:weight, Dim: 1048576): 0.015869 0.019165 0.014648 -0.002304 -0.008484 -0.006378 0.003006 0.002335 -0.003189 0.014771 ... -0.078613 -0.026733 -0.036133 -0.030640 -0.050049 0.011963 0.021606 -0.062500 0.019165 -0.040527 
  Weight 1 (Name: layer9_wk:loraA, Dim: 8192): 0.028198 -0.033691 0.000163 -0.008606 0.026855 -0.057129 -0.009521 -0.029419 -0.019165 0.026489 ... -0.028076 0.010803 0.020630 0.066406 0.022461 -0.018677 0.033447 0.012146 -0.011536 0.001930 
  Weight 2 (Name: layer9_wk:loraB, Dim: 8192): -0.002716 0.028442 0.000469 -0.024414 0.032715 0.011658 -0.030151 0.017578 -0.005951 -0.038574 ... -0.013794 -0.002167 0.005524 -0.012024 -0.007355 -0.003174 0.000071 -0.007385 0.011292 -0.005585 

Layer: layer9_k_norm (Type: reshaped_rms_norm)
  Weight 0 (Name: layer9_k_norm:gamma, Dim: 128): 0.008667 0.010681 0.006256 -0.000102 -0.004028 0.002350 0.008118 0.005737 0.000084 0.010132 ... 0.003494 -0.005890 0.014099 -0.000816 0.004608 -0.005371 0.003571 -0.000717 0.008423 0.009705 

Layer: layer9_wv (Type: fully_connected)
  Weight 0 (Name: layer9_wv:weight, Dim: 1048576): 0.007690 0.005554 0.006775 -0.005432 -0.002853 -0.003830 0.004211 -0.009277 -0.001930 0.011169 ... 0.026245 -0.020630 0.018433 -0.000414 0.012573 -0.015564 -0.002808 -0.027954 -0.004944 0.014404 
  Weight 1 (Name: layer9_wv:loraA, Dim: 8192): 0.037109 0.012573 0.010803 -0.021362 -0.009644 -0.006378 -0.014893 -0.033691 -0.006897 0.035645 ... 0.000710 0.025269 0.000671 0.047119 0.018921 -0.048340 -0.044678 0.038086 0.050293 -0.002289 
  Weight 2 (Name: layer9_wv:loraB, Dim: 8192): 0.019897 -0.005219 0.008789 0.021973 -0.013916 -0.008728 -0.005402 -0.017944 -0.015625 0.025391 ... 0.003494 -0.005890 0.014099 -0.000797 0.004608 -0.005371 0.003586 -0.000675 0.008423 0.009705 

Layer: layer9_attention (Type: mha_core)

Layer: layer9_attention_out (Type: fully_connected)
  Weight 0 (Name: layer9_attention_out:weight, Dim: 2097152): 0.007690 0.005554 0.006775 -0.005432 -0.002884 -0.003845 0.004211 -0.009277 -0.001930 0.011169 ... -0.018188 -0.000629 0.068848 -0.029785 -0.027100 -0.010315 -0.009705 0.008179 0.021851 0.041016 
  Weight 1 (Name: layer9_attention_out:loraA, Dim: 16384): 0.020264 0.024170 0.015442 0.011658 0.054688 -0.015076 0.039307 -0.021851 -0.004395 0.002747 ... 0.008606 -0.000828 0.031494 0.008545 -0.058838 -0.013245 0.026611 0.004425 0.024414 -0.019775 
  Weight 2 (Name: layer9_attention_out:loraB, Dim: 8192): -0.004150 0.035156 0.014954 0.029541 -0.016968 0.016846 0.017822 0.022461 -0.008484 0.006531 ... 0.004578 -0.035156 0.003372 0.044922 0.028442 -0.001259 0.031250 0.010681 0.032227 0.027222 

Layer: layer9_decoder_add (Type: addition)

Layer: layer9_decoder_add/generated_out_0 (Type: multiout)

Layer: layer9_ffn_norm (Type: rms_norm)
  Weight 0 (Name: layer9_ffn_norm:gamma, Dim: 1024): -0.011292 -0.018433 0.005920 0.033691 -0.015137 -0.013367 0.005096 0.021118 -0.020996 0.003647 ... 0.012390 0.004150 0.037842 0.011780 -0.052734 0.018677 0.016479 -0.019043 -0.034912 0.009033 

Layer: layer9_ffn_norm/generated_out_0 (Type: multiout)

Layer: layer9_ffn_up (Type: fully_connected)
  Weight 0 (Name: layer9_ffn_up:weight, Dim: 3145728): -0.022217 0.038330 0.046875 0.013916 0.002823 -0.015320 -0.025879 0.008789 0.006378 -0.010559 ... 0.002213 -0.004456 0.010986 0.002670 0.001167 -0.006287 0.007477 -0.002823 0.006561 0.009277 
  Weight 1 (Name: layer9_ffn_up:loraA, Dim: 8192): 0.006958 0.004333 0.005859 -0.002792 -0.002731 -0.002304 0.004089 -0.006866 -0.004425 0.013245 ... 0.021973 0.008789 0.016602 0.003418 -0.009338 0.009216 -0.034668 0.012390 0.005463 0.019653 
  Weight 2 (Name: layer9_ffn_up:loraB, Dim: 24576): -0.034668 0.010132 0.006836 0.006195 -0.006470 0.005829 0.002548 -0.024536 0.001015 -0.003662 ... 0.031128 -0.039062 0.081055 0.018311 0.029907 0.041260 -0.031128 0.011658 -0.011230 -0.014587 

Layer: layer9_ffn_gate (Type: fully_connected)
  Weight 0 (Name: layer9_ffn_gate:weight, Dim: 3145728): 0.017578 0.031250 -0.040283 -0.060547 -0.013916 0.003708 0.023193 -0.038818 -0.041260 0.001923 ... 0.009766 -0.030029 -0.004211 -0.001465 -0.007690 -0.011414 -0.006165 0.033447 -0.032471 -0.004181 
  Weight 1 (Name: layer9_ffn_gate:loraA, Dim: 8192): -0.046387 0.016724 -0.002609 -0.033203 0.031494 0.003571 -0.021240 -0.009583 0.004333 -0.007233 ... 0.011658 0.046387 0.006744 0.043945 -0.002167 0.004242 0.017456 -0.029663 -0.003448 -0.014465 
  Weight 2 (Name: layer9_ffn_gate:loraB, Dim: 24576): 0.055420 0.026367 -0.008728 -0.026611 0.006348 0.012634 0.018066 0.050049 0.047607 -0.037109 ... 0.044678 0.030029 -0.005005 -0.007507 0.019409 0.014160 -0.019043 -0.023438 0.017822 0.003998 

Layer: layer9_ffn_swiglu (Type: swiglu)

Layer: layer9_ffn_down (Type: fully_connected)
  Weight 0 (Name: layer9_ffn_down:weight, Dim: 3145728): 0.015503 0.051025 -0.073730 0.045654 0.065918 -0.020264 -0.005463 -0.003510 -0.011475 0.042480 ... 0.039795 -0.046875 0.017090 0.001328 -0.026245 -0.020508 -0.010864 0.026489 0.034180 0.004547 
  Weight 1 (Name: layer9_ffn_down:loraA, Dim: 24576): -0.008850 0.006317 0.029419 0.023193 0.003845 -0.020996 0.022949 -0.046387 -0.006378 -0.023926 ... -0.004578 0.039551 -0.028076 -0.046875 -0.012329 -0.041504 -0.007629 -0.007935 -0.009583 -0.040771 
  Weight 2 (Name: layer9_ffn_down:loraB, Dim: 8192): -0.003204 0.046143 -0.060059 0.009338 0.010315 0.005585 0.026733 0.009460 -0.052734 0.022583 ... 0.003403 0.021729 0.041260 -0.057617 0.014526 -0.012024 0.012939 -0.005707 -0.012085 -0.011414 

Layer: layer9_decoder_output (Type: addition)

Layer: layer9_decoder_output/generated_out_0 (Type: multiout)

Layer: layer10_attention_norm (Type: rms_norm)
  Weight 0 (Name: layer10_attention_norm:gamma, Dim: 1024): -0.011108 0.012512 -0.013977 0.057861 0.060791 0.006531 -0.016235 0.025391 -0.026001 -0.006042 ... -0.031128 -0.040283 0.029785 0.003601 -0.053955 -0.001663 0.032471 -0.001656 -0.006622 0.035645 

Layer: layer10_attention_norm/generated_out_0 (Type: multiout)

Layer: layer10_wq (Type: fully_connected)
  Weight 0 (Name: layer10_wq:weight, Dim: 2097152): 0.002609 -0.003937 0.021362 0.043701 0.011475 0.006683 0.003235 -0.000254 -0.041260 -0.001938 ... -0.001854 -0.033691 0.012878 -0.006958 0.018433 0.019165 0.008240 0.028809 -0.019775 -0.011353 
  Weight 1 (Name: layer10_wq:loraA, Dim: 8192): 0.010864 0.025391 -0.017700 0.004089 0.007111 -0.011108 -0.001648 0.001831 0.029053 -0.001686 ... -0.004120 -0.019165 -0.009460 0.004456 0.027100 0.045410 -0.030151 -0.048340 0.007080 0.003876 
  Weight 2 (Name: layer10_wq:loraB, Dim: 16384): 0.007629 0.002350 -0.004425 -0.008301 0.013000 0.001480 0.015381 -0.019653 -0.020264 0.002579 ... 0.001839 0.045410 0.000093 -0.016724 -0.006958 0.008240 0.000683 0.003723 0.000874 -0.005524 

Layer: layer10_q_norm (Type: reshaped_rms_norm)
  Weight 0 (Name: layer10_q_norm:gamma, Dim: 128): -0.001762 0.001503 -0.005676 0.001793 0.004364 0.005280 0.000121 -0.006531 -0.015381 -0.003799 ... -0.005768 -0.023193 0.002029 -0.005951 0.008911 -0.010254 -0.014526 -0.018066 0.009460 0.001877 

Layer: layer10_wk (Type: fully_connected)
  Weight 0 (Name: layer10_wk:weight, Dim: 1048576): 0.010132 0.031738 0.006317 0.007507 0.027588 -0.033936 0.027344 -0.013916 0.001595 -0.011780 ... -0.052490 0.017456 0.005127 -0.032227 -0.017212 0.013062 0.000488 0.002625 -0.043457 -0.003281 
  Weight 1 (Name: layer10_wk:loraA, Dim: 8192): -0.021973 0.015137 -0.002502 0.037109 -0.039307 -0.003067 -0.021362 -0.030640 0.001938 0.030762 ... 0.031738 -0.067383 0.096680 -0.024780 0.050049 0.001831 -0.008240 -0.007202 0.068848 -0.025146 
  Weight 2 (Name: layer10_wk:loraB, Dim: 8192): -0.008606 -0.032715 0.016479 -0.000969 0.025146 -0.039062 0.022339 -0.003021 0.026978 0.012756 ... -0.022095 -0.036865 0.031250 0.004761 0.029541 -0.021118 0.059326 -0.000813 -0.009827 -0.001404 

Layer: layer10_k_norm (Type: reshaped_rms_norm)
  Weight 0 (Name: layer10_k_norm:gamma, Dim: 128): 0.005981 -0.007080 -0.021973 0.028931 0.017700 0.027710 -0.008545 -0.020508 0.004456 -0.049072 ... 0.021606 -0.042480 0.024292 0.033936 0.003021 0.047119 0.010559 0.032227 0.047119 -0.015747 

Layer: layer10_wv (Type: fully_connected)
  Weight 0 (Name: layer10_wv:weight, Dim: 1048576): 0.037109 0.008179 -0.036621 0.035645 0.023682 0.008484 -0.010559 -0.009827 0.010864 0.007874 ... -0.069824 0.016235 -0.021973 0.016479 0.009644 0.024048 -0.034424 -0.006226 -0.006134 -0.032959 
  Weight 1 (Name: layer10_wv:loraA, Dim: 8192): 0.009583 -0.047607 -0.007141 -0.009338 0.011597 -0.016113 -0.019531 0.002853 0.010864 -0.027222 ... -0.031738 -0.052734 -0.039795 -0.022705 -0.036865 -0.042725 -0.005432 0.047363 0.028076 -0.007568 
  Weight 2 (Name: layer10_wv:loraB, Dim: 8192): -0.025879 0.001793 -0.020874 0.023682 0.045654 0.024536 -0.049805 -0.023804 -0.014038 0.038086 ... -0.012756 0.037354 0.024902 0.003159 -0.032471 -0.042236 -0.029053 -0.012573 -0.017090 -0.043457 

Layer: layer10_attention (Type: mha_core)

Layer: layer10_attention_out (Type: fully_connected)
  Weight 0 (Name: layer10_attention_out:weight, Dim: 2097152): -0.032227 0.012024 0.044678 0.022339 -0.027100 0.022583 0.009094 -0.035645 0.019653 0.016724 ... 0.043457 0.060303 0.004883 0.001175 -0.007935 -0.026611 0.038574 -0.046875 0.004639 -0.041260 
  Weight 1 (Name: layer10_attention_out:loraA, Dim: 16384): 0.058594 -0.055908 -0.072266 0.019409 -0.057861 0.039551 0.031494 0.031982 0.037354 -0.067383 ... 0.038818 0.034912 -0.006866 0.034668 0.028320 0.040039 -0.001839 0.031006 0.044678 0.013977 
  Weight 2 (Name: layer10_attention_out:loraB, Dim: 8192): -0.041016 -0.012634 -0.019775 0.007721 -0.022095 0.035400 -0.003067 -0.007019 -0.005524 0.016968 ... -0.005127 0.019409 -0.039307 -0.031128 0.025146 -0.013977 0.054688 -0.041260 0.062256 -0.026855 

Layer: layer10_decoder_add (Type: addition)

Layer: layer10_decoder_add/generated_out_0 (Type: multiout)

Layer: layer10_ffn_norm (Type: rms_norm)
  Weight 0 (Name: layer10_ffn_norm:gamma, Dim: 1024): 0.023071 0.042969 -0.015503 0.038574 0.043213 -0.006439 0.021851 0.003555 -0.021118 -0.020508 ... -0.016846 -0.085938 0.064941 -0.002121 0.019165 -0.021973 0.025879 -0.026611 -0.000755 -0.017700 

Layer: layer10_ffn_norm/generated_out_0 (Type: multiout)

Layer: layer10_ffn_up (Type: fully_connected)
  Weight 0 (Name: layer10_ffn_up:weight, Dim: 3145728): -0.012207 -0.006378 0.024902 0.033447 -0.079102 -0.038330 -0.009949 0.008362 -0.003510 -0.016357 ... 0.008423 -0.010620 0.012207 0.012390 0.013489 -0.005005 -0.012817 -0.017822 0.018677 -0.020142 
  Weight 1 (Name: layer10_ffn_up:loraA, Dim: 8192): -0.040283 0.025391 -0.007996 -0.007996 0.028442 -0.000222 0.019897 0.000488 -0.001968 -0.002884 ... 0.014526 0.042480 0.006226 0.041504 -0.001472 -0.007782 0.033203 0.012695 -0.003448 -0.022461 
  Weight 2 (Name: layer10_ffn_up:loraB, Dim: 24576): 0.012512 0.005402 0.011169 0.011719 0.013428 -0.009521 -0.023926 -0.020264 -0.020264 0.025635 ... -0.027832 -0.008423 -0.008606 -0.031738 -0.002274 0.029175 0.015869 -0.044189 0.024536 0.015442 

Layer: layer10_ffn_gate (Type: fully_connected)
  Weight 0 (Name: layer10_ffn_gate:weight, Dim: 3145728): -0.007751 -0.022339 -0.011108 -0.020142 0.022827 -0.004150 0.027100 0.011292 0.003769 -0.042236 ... -0.002625 -0.006348 0.005524 -0.038086 -0.001480 0.042236 0.004883 -0.007263 0.007446 -0.029297 
  Weight 1 (Name: layer10_ffn_gate:loraA, Dim: 8192): -0.015259 -0.002945 0.020508 -0.004700 0.003448 -0.015137 0.009155 -0.031494 -0.033447 0.124512 ... -0.023438 -0.012329 0.001701 -0.014465 -0.002823 -0.001968 -0.036621 0.012634 0.005463 0.019775 
  Weight 2 (Name: layer10_ffn_gate:loraB, Dim: 24576): 0.018799 -0.004150 0.007202 -0.007812 -0.018433 -0.017456 -0.007233 -0.018433 0.000110 0.037109 ... 0.017578 0.020264 -0.006775 -0.004517 0.017456 -0.003616 0.027344 0.013733 0.011963 -0.028198 

Layer: layer10_ffn_swiglu (Type: swiglu)

Layer: layer10_ffn_down (Type: fully_connected)
  Weight 0 (Name: layer10_ffn_down:weight, Dim: 3145728): -0.000599 0.011658 0.029907 0.011108 -0.028931 0.024902 0.013977 -0.014099 0.031006 -0.056396 ... -0.016479 -0.016235 0.021240 0.024048 0.012878 0.047607 0.012207 -0.019531 0.025391 0.000326 
  Weight 1 (Name: layer10_ffn_down:loraA, Dim: 24576): -0.001999 0.021606 -0.044189 0.013123 -0.038330 -0.054932 -0.008972 0.019653 -0.017212 -0.075684 ... -0.025146 -0.088379 0.011230 -0.063965 0.003876 -0.026245 -0.002319 0.007141 0.039551 -0.028076 
  Weight 2 (Name: layer10_ffn_down:loraB, Dim: 8192): -0.007721 -0.011414 0.046631 -0.055908 -0.002472 -0.066406 -0.041992 0.024780 -0.017578 -0.028076 ... 0.023560 -0.002411 -0.041504 0.007385 0.020142 0.014099 0.017090 0.016235 -0.012817 -0.017578 

Layer: layer10_decoder_output (Type: addition)

Layer: layer10_decoder_output/generated_out_0 (Type: multiout)

Layer: layer11_attention_norm (Type: rms_norm)
  Weight 0 (Name: layer11_attention_norm:gamma, Dim: 1024): -0.008484 -0.050781 0.020020 0.033936 0.021484 0.010803 -0.012390 -0.031494 -0.052490 -0.012207 ... -0.033691 -0.000340 0.054932 0.019653 0.031128 -0.027588 0.004761 -0.006287 0.017334 -0.025391 

Layer: layer11_attention_norm/generated_out_0 (Type: multiout)

Layer: layer11_wq (Type: fully_connected)
  Weight 0 (Name: layer11_wq:weight, Dim: 2097152): -0.019897 -0.007782 -0.006836 -0.061279 0.015564 -0.013367 0.024902 -0.036621 0.009277 -0.037109 ... -0.012329 -0.021851 -0.009583 0.014832 0.015991 0.008118 -0.020020 0.006195 0.002808 -0.026367 
  Weight 1 (Name: layer11_wq:loraA, Dim: 8192): -0.001556 0.006714 0.004486 0.016479 -0.024292 -0.016846 0.013672 -0.001480 0.006042 -0.003021 ... -0.011292 0.004486 0.018555 0.008484 -0.046875 -0.004517 0.025391 0.004852 -0.006348 0.027100 
  Weight 2 (Name: layer11_wq:loraB, Dim: 16384): -0.004852 0.022949 -0.000526 0.012939 -0.017700 0.026001 -0.003799 -0.064453 -0.002243 -0.000603 ... -0.006439 0.008057 0.014099 0.007629 -0.017944 -0.018555 0.031006 0.007629 0.008972 0.014038 

Layer: layer11_q_norm (Type: reshaped_rms_norm)
  Weight 0 (Name: layer11_q_norm:gamma, Dim: 128): 0.005951 0.017700 0.000063 0.009033 -0.013489 -0.011963 0.012146 0.021118 -0.043701 0.029419 ... 0.030640 0.006104 -0.011597 -0.001411 -0.017090 0.003403 0.006287 0.029907 -0.041016 -0.023926 

Layer: layer11_wk (Type: fully_connected)
  Weight 0 (Name: layer11_wk:weight, Dim: 1048576): 0.027466 0.005920 0.003067 -0.014160 -0.002487 -0.005402 0.036865 0.000732 0.012695 -0.041016 ... 0.040283 0.005005 -0.012390 -0.012268 0.015869 0.001999 -0.018677 0.007385 0.000507 0.005646 
  Weight 1 (Name: layer11_wk:loraA, Dim: 8192): 0.029907 0.004395 0.025879 0.008179 0.022095 0.030029 -0.000992 0.012573 0.014343 0.009094 ... -0.025269 -0.008728 -0.004913 -0.005432 -0.010864 -0.008423 -0.003830 -0.001419 -0.040771 -0.020386 
  Weight 2 (Name: layer11_wk:loraB, Dim: 8192): -0.013855 -0.002396 -0.002380 -0.003662 -0.001556 0.008118 0.002441 0.036377 -0.006104 -0.007568 ... 0.003204 -0.000124 -0.015015 -0.003738 0.019775 0.005707 0.021729 0.019165 -0.028564 0.004303 

Layer: layer11_k_norm (Type: reshaped_rms_norm)
  Weight 0 (Name: layer11_k_norm:gamma, Dim: 128): -0.019897 0.012451 0.018311 0.036133 -0.023804 0.018555 0.022095 0.024414 -0.005188 -0.013062 ... -0.006683 -0.013489 0.022705 0.003464 0.016846 0.004730 -0.024414 0.017090 0.012756 0.036865 

Layer: layer11_wv (Type: fully_connected)
  Weight 0 (Name: layer11_wv:weight, Dim: 1048576): -0.014099 0.040283 0.059570 0.009094 0.016968 0.020630 -0.010925 0.007721 -0.018311 0.021362 ... 0.019043 -0.005280 -0.007294 0.046143 -0.000418 0.021851 0.013733 -0.009155 -0.008423 -0.003113 
  Weight 1 (Name: layer11_wv:loraA, Dim: 8192): 0.006226 -0.029541 -0.019897 -0.008850 0.020752 -0.032959 -0.022095 -0.047607 0.005096 -0.011719 ... -0.001251 0.003738 0.004456 -0.013062 -0.025757 0.000587 0.031006 0.053711 0.026367 0.020264 
  Weight 2 (Name: layer11_wv:loraB, Dim: 8192): -0.005737 0.011963 0.015747 0.016724 -0.005310 0.057861 -0.010071 -0.015259 -0.039307 0.026367 ... -0.019165 -0.008179 0.022705 0.013916 0.004517 0.038330 0.015747 -0.001480 -0.012756 -0.003143 

Layer: layer11_attention (Type: mha_core)

Layer: layer11_attention_out (Type: fully_connected)
  Weight 0 (Name: layer11_attention_out:weight, Dim: 2097152): -0.017090 -0.007446 0.016724 0.022461 0.005859 0.007019 0.038818 -0.005188 0.033691 0.010559 ... 0.020996 0.059814 -0.001297 0.053467 0.010925 0.022339 0.038330 0.020264 -0.054199 -0.041992 
  Weight 1 (Name: layer11_attention_out:loraA, Dim: 16384): 0.019409 0.002823 0.053467 0.033691 0.054688 0.012024 -0.062500 -0.042969 -0.016724 -0.026489 ... 0.035400 -0.019043 -0.028076 -0.019897 -0.010742 0.108398 -0.023071 0.066895 -0.043701 -0.010193 
  Weight 2 (Name: layer11_attention_out:loraB, Dim: 8192): -0.024170 0.008179 -0.030029 0.025635 -0.083496 0.040039 0.022095 -0.004395 -0.013794 -0.024292 ... 0.008057 -0.004700 -0.038574 0.047119 -0.000648 0.014099 0.022949 -0.040771 -0.011536 0.066406 

Layer: layer11_decoder_add (Type: addition)

Layer: layer11_decoder_add/generated_out_0 (Type: multiout)

Layer: layer11_ffn_norm (Type: rms_norm)
  Weight 0 (Name: layer11_ffn_norm:gamma, Dim: 1024): -0.010925 0.006042 -0.002136 0.014099 -0.041016 -0.030029 0.026123 -0.047363 -0.033691 -0.054443 ... -0.056641 -0.060303 -0.022827 0.029663 0.001274 -0.022095 0.002716 -0.002167 -0.003479 -0.019775 

Layer: layer11_ffn_norm/generated_out_0 (Type: multiout)

Layer: layer11_ffn_up (Type: fully_connected)
  Weight 0 (Name: layer11_ffn_up:weight, Dim: 3145728): 0.000927 -0.004761 0.017334 -0.024902 0.090820 -0.007874 0.000228 -0.032715 0.026611 -0.002579 ... -0.003967 -0.015991 -0.029663 -0.004333 -0.002136 -0.002975 0.028564 0.021362 -0.000218 0.009094 
  Weight 1 (Name: layer11_ffn_up:loraA, Dim: 8192): 0.004974 -0.003525 -0.022217 0.017334 0.028564 0.013428 0.001472 0.030273 0.017212 0.022827 ... 0.021606 -0.010437 0.036865 0.052734 -0.035400 -0.014954 -0.017334 -0.031982 0.001839 -0.032959 
  Weight 2 (Name: layer11_ffn_up:loraB, Dim: 24576): -0.003845 -0.007629 -0.027588 0.002823 0.025513 0.005737 0.032471 -0.007690 -0.002640 0.014526 ... -0.002884 0.041016 -0.005798 0.007141 0.004974 0.019653 -0.004791 -0.001617 -0.001846 0.005157 

Layer: layer11_ffn_gate (Type: fully_connected)
  Weight 0 (Name: layer11_ffn_gate:weight, Dim: 3145728): -0.004364 -0.011658 0.007874 0.005585 -0.011230 -0.012146 0.007660 -0.016235 -0.008118 -0.010559 ... -0.019531 -0.007416 0.003708 0.017944 0.019531 0.023315 0.009460 -0.002533 0.018188 0.021973 
  Weight 1 (Name: layer11_ffn_gate:loraA, Dim: 8192): -0.011719 0.023682 -0.028076 0.043213 -0.024170 0.006104 0.015259 -0.054688 0.028076 -0.026245 ... -0.007477 0.026001 0.001854 -0.022705 -0.022461 0.011292 0.011597 0.000063 0.012939 -0.005035 
  Weight 2 (Name: layer11_ffn_gate:loraB, Dim: 24576): -0.000538 0.027710 0.004578 -0.016479 -0.014282 0.016724 -0.028931 0.013550 -0.051758 0.022949 ... 0.002411 0.014954 0.028809 -0.036865 -0.005524 -0.019287 -0.008911 -0.010620 0.020264 0.011658 

Layer: layer11_ffn_swiglu (Type: swiglu)

Layer: layer11_ffn_down (Type: fully_connected)
  Weight 0 (Name: layer11_ffn_down:weight, Dim: 3145728): 0.036621 -0.029419 0.009094 -0.025757 0.027466 0.017700 0.020630 -0.017944 0.054199 0.036133 ... -0.011475 -0.039795 0.004791 -0.011902 0.034668 -0.087402 -0.023071 -0.027344 -0.015625 0.009949 
  Weight 1 (Name: layer11_ffn_down:loraA, Dim: 24576): 0.024658 -0.004211 0.036133 0.022705 -0.014771 0.002243 -0.024658 -0.026245 0.032959 0.021240 ... -0.016113 0.014099 -0.037354 -0.029053 0.002029 -0.049316 0.024048 0.035889 0.011108 0.001938 
  Weight 2 (Name: layer11_ffn_down:loraB, Dim: 8192): 0.018677 0.014893 -0.018433 -0.006775 -0.036133 0.045410 -0.032715 0.000519 0.011536 0.031250 ... -0.012207 0.000081 -0.000992 -0.012939 -0.005096 0.003876 -0.004700 -0.023315 -0.012695 -0.039551 

Layer: layer11_decoder_output (Type: addition)

Layer: layer11_decoder_output/generated_out_0 (Type: multiout)

Layer: layer12_attention_norm (Type: rms_norm)
  Weight 0 (Name: layer12_attention_norm:gamma, Dim: 1024): -0.074707 0.003387 -0.069824 0.024658 0.014282 -0.024902 0.029297 0.010254 0.061035 -0.040283 ... 0.018433 0.007935 0.027710 0.002518 0.009338 0.006866 0.005829 0.014343 -0.023438 -0.036133 

Layer: layer12_attention_norm/generated_out_0 (Type: multiout)

Layer: layer12_wq (Type: fully_connected)
  Weight 0 (Name: layer12_wq:weight, Dim: 2097152): 0.002151 -0.050049 -0.000389 -0.002045 -0.013123 -0.066895 -0.030518 -0.005219 0.005493 -0.067383 ... -0.004578 -0.007599 -0.000007 0.021240 -0.012207 -0.055664 0.013489 0.017578 -0.006348 0.013611 
  Weight 1 (Name: layer12_wq:loraA, Dim: 8192): -0.012085 -0.029053 -0.013306 -0.025513 -0.000938 -0.003555 -0.004852 0.031250 -0.013306 0.010864 ... 0.023560 0.000992 0.010864 -0.003372 -0.018799 0.051270 -0.006104 -0.013733 0.017700 0.009949 
  Weight 2 (Name: layer12_wq:loraB, Dim: 16384): 0.016724 -0.052979 -0.003021 -0.026123 0.053223 -0.008301 0.003906 0.020874 0.046387 0.012939 ... -0.021851 -0.000481 0.010864 -0.014343 -0.016968 0.027832 -0.025879 -0.025269 -0.001701 -0.006958 

Layer: layer12_q_norm (Type: reshaped_rms_norm)
  Weight 0 (Name: layer12_q_norm:gamma, Dim: 128): -0.003326 0.004883 0.016724 -0.011475 0.005524 -0.002151 -0.007355 0.056396 0.031738 -0.007599 ... -0.006531 -0.029175 -0.005463 0.025513 -0.021973 -0.031494 0.015503 -0.028687 -0.021240 0.033936 

Layer: layer12_wk (Type: fully_connected)
  Weight 0 (Name: layer12_wk:weight, Dim: 1048576): 0.066406 -0.001686 0.019531 -0.015564 0.010681 0.004791 0.013611 -0.025146 -0.003723 0.027588 ... -0.014832 0.036133 0.021118 -0.022339 -0.014893 -0.025391 -0.032959 0.019409 -0.006531 0.002869 
  Weight 1 (Name: layer12_wk:loraA, Dim: 8192): -0.048828 0.041748 0.031006 0.015198 -0.008850 0.000393 -0.001625 -0.022095 -0.010986 0.007660 ... -0.015747 0.010681 0.007599 -0.005676 -0.002869 0.044189 -0.008972 0.018066 -0.008484 -0.015137 
  Weight 2 (Name: layer12_wk:loraB, Dim: 8192): 0.008667 -0.020020 -0.013855 -0.002808 -0.014099 0.009766 0.006195 0.002655 -0.012085 0.016113 ... 0.038818 -0.031982 0.025024 0.016357 0.014709 -0.021729 -0.021973 0.022095 0.031738 -0.002960 

Layer: layer12_k_norm (Type: reshaped_rms_norm)
  Weight 0 (Name: layer12_k_norm:gamma, Dim: 128): -0.043701 0.003525 -0.018188 -0.002243 0.012207 0.023315 -0.005066 -0.014893 0.012207 0.004547 ... 0.019287 -0.030273 0.026733 0.011230 -0.020508 -0.033691 -0.020264 0.012085 0.049561 0.016113 

Layer: layer12_wv (Type: fully_connected)
  Weight 0 (Name: layer12_wv:weight, Dim: 1048576): -0.010010 0.034668 0.013245 -0.026489 -0.006073 0.009888 -0.019043 -0.003036 0.020874 -0.032959 ... 0.005310 0.018066 0.008118 0.033691 -0.070801 0.041992 0.022095 -0.017944 -0.017822 -0.031128 
  Weight 1 (Name: layer12_wv:loraA, Dim: 8192): -0.062988 0.016968 0.051514 -0.054199 -0.024292 -0.028442 -0.012756 0.020020 0.001953 0.022217 ... -0.001694 -0.014343 0.005341 0.013428 -0.027466 -0.034180 -0.038818 0.027466 -0.037109 0.003021 
  Weight 2 (Name: layer12_wv:loraB, Dim: 8192): 0.049316 0.013184 -0.033691 0.026001 -0.003128 -0.018921 0.008606 0.029053 -0.044678 0.028076 ... 0.003311 0.058350 -0.001122 0.028564 -0.018799 -0.015991 -0.024658 -0.005859 0.015503 -0.026001 

Layer: layer12_attention (Type: mha_core)

Layer: layer12_attention_out (Type: fully_connected)
  Weight 0 (Name: layer12_attention_out:weight, Dim: 2097152): 0.065430 0.020142 0.019165 0.053223 0.027588 -0.025146 0.011353 0.017944 -0.003860 0.001915 ... -0.010193 0.003891 0.008789 0.025513 0.026245 0.081543 0.043213 0.006622 -0.015076 -0.030029 
  Weight 1 (Name: layer12_attention_out:loraA, Dim: 16384): 0.026489 0.026001 -0.031128 0.009460 0.002426 -0.070312 0.015747 0.014282 -0.054199 0.022095 ... -0.017456 -0.017090 -0.066406 -0.003418 -0.007233 0.083984 0.062500 0.044678 0.000607 0.077148 
  Weight 2 (Name: layer12_attention_out:loraB, Dim: 8192): 0.040771 -0.099609 0.030273 0.018677 0.050537 -0.002670 -0.008484 0.041992 -0.056152 -0.015381 ... 0.060303 -0.029785 -0.000404 -0.050781 -0.020508 -0.059570 -0.051758 0.003281 0.038818 0.015015 

Layer: layer12_decoder_add (Type: addition)

Layer: layer12_decoder_add/generated_out_0 (Type: multiout)

Layer: layer12_ffn_norm (Type: rms_norm)
  Weight 0 (Name: layer12_ffn_norm:gamma, Dim: 1024): -0.014282 0.024658 0.012451 0.012024 -0.009827 0.079590 0.047363 0.015259 0.021484 -0.038818 ... -0.030518 0.014282 0.105957 -0.042480 0.045166 0.017700 -0.091309 -0.051758 -0.042969 0.002274 

Layer: layer12_ffn_norm/generated_out_0 (Type: multiout)

Layer: layer12_ffn_up (Type: fully_connected)
  Weight 0 (Name: layer12_ffn_up:weight, Dim: 3145728): 0.041748 -0.019043 0.002930 -0.007233 0.096191 -0.024170 0.069824 0.009644 -0.014099 0.026611 ... -0.008057 -0.032471 0.037842 0.000351 -0.028198 0.035645 0.043701 0.007263 -0.011780 -0.032715 
  Weight 1 (Name: layer12_ffn_up:loraA, Dim: 8192): 0.006866 -0.015869 -0.062012 -0.018677 0.006500 0.004181 -0.002945 0.005463 -0.017334 0.010803 ... -0.003387 0.019531 0.012939 -0.009827 0.000629 -0.052979 0.011475 -0.015076 0.049316 -0.022949 
  Weight 2 (Name: layer12_ffn_up:loraB, Dim: 24576): -0.006134 0.011841 0.038086 0.028687 -0.059814 -0.033447 0.002747 -0.030762 -0.033691 0.017090 ... 0.049072 -0.010254 0.011719 0.028442 -0.027954 -0.017944 -0.000854 0.000774 0.044678 -0.008484 

Layer: layer12_ffn_gate (Type: fully_connected)
  Weight 0 (Name: layer12_ffn_gate:weight, Dim: 3145728): -0.032471 0.025635 0.016113 0.013672 0.024048 -0.017700 0.017456 0.031738 -0.040771 0.020142 ... 0.030029 0.013123 0.034424 0.004791 0.002930 0.013062 -0.001411 0.016113 0.021973 0.000702 
  Weight 1 (Name: layer12_ffn_gate:loraA, Dim: 8192): 0.002914 0.012939 -0.030273 -0.014160 -0.026978 -0.009155 -0.018066 0.008911 0.010986 0.003174 ... -0.007690 0.006531 -0.030396 0.059082 0.037598 -0.023682 -0.016846 -0.004730 0.018921 0.028809 
  Weight 2 (Name: layer12_ffn_gate:loraB, Dim: 24576): -0.001923 -0.010193 0.032959 -0.000629 0.006531 -0.003250 -0.019409 0.003937 0.013977 -0.003647 ... -0.028564 -0.033936 -0.010925 -0.030762 -0.034668 -0.029663 -0.017822 -0.007629 0.013306 -0.015747 

Layer: layer12_ffn_swiglu (Type: swiglu)

Layer: layer12_ffn_down (Type: fully_connected)
  Weight 0 (Name: layer12_ffn_down:weight, Dim: 3145728): -0.011658 -0.016235 0.004730 0.010132 -0.028564 0.011353 0.007690 -0.008972 -0.026489 0.005310 ... 0.041016 0.030884 -0.013550 -0.003830 0.071777 -0.009583 0.002792 0.064941 -0.036133 -0.028320 
  Weight 1 (Name: layer12_ffn_down:loraA, Dim: 24576): -0.009521 -0.031128 0.034668 0.056641 -0.037109 -0.008423 0.033447 0.003967 -0.017456 -0.031982 ... -0.034912 -0.004272 -0.009094 0.031250 -0.031738 0.005737 0.017212 -0.019775 0.031982 0.060547 
  Weight 2 (Name: layer12_ffn_down:loraB, Dim: 8192): -0.028931 0.010132 0.054932 0.012573 -0.011902 -0.030151 0.025269 -0.026978 -0.029053 -0.019775 ... 0.006470 -0.009277 0.008240 -0.024658 0.069336 0.016113 0.038330 -0.042725 -0.004791 0.035889 

Layer: layer12_decoder_output (Type: addition)

Layer: layer12_decoder_output/generated_out_0 (Type: multiout)

Layer: layer13_attention_norm (Type: rms_norm)
  Weight 0 (Name: layer13_attention_norm:gamma, Dim: 1024): 0.006256 -0.002609 0.001984 -0.000629 0.002335 -0.004456 0.014099 0.009644 -0.043945 0.001007 ... 0.033203 -0.007721 0.032715 -0.015198 -0.071777 0.006683 -0.023071 0.020630 0.046631 -0.029785 

Layer: layer13_attention_norm/generated_out_0 (Type: multiout)

Layer: layer13_wq (Type: fully_connected)
  Weight 0 (Name: layer13_wq:weight, Dim: 2097152): 0.019531 0.004456 0.026978 0.041748 -0.004730 0.002533 -0.055664 0.015503 0.024536 -0.003143 ... 0.005676 0.011475 0.000690 0.004333 -0.014160 -0.009949 -0.014832 -0.015869 0.009888 -0.005493 
  Weight 1 (Name: layer13_wq:loraA, Dim: 8192): 0.004456 0.000366 -0.009521 0.018188 -0.012939 -0.011230 0.004547 -0.027832 0.004639 -0.010559 ... 0.006714 0.018066 -0.001495 -0.001968 -0.004639 -0.053711 -0.003189 0.034424 -0.003418 -0.014526 
  Weight 2 (Name: layer13_wq:loraB, Dim: 16384): 0.000100 0.017456 -0.006165 0.015564 0.001106 -0.000496 0.005615 -0.032959 -0.022583 -0.008667 ... 0.004852 0.008667 -0.011658 0.018066 -0.025269 -0.053711 0.007599 -0.035400 -0.008423 -0.010254 

Layer: layer13_q_norm (Type: reshaped_rms_norm)
  Weight 0 (Name: layer13_q_norm:gamma, Dim: 128): 0.005951 -0.019897 -0.006836 -0.012634 0.004791 0.001640 0.009766 0.021362 -0.011292 -0.010315 ... -0.027222 -0.024414 0.000626 0.010864 0.021484 -0.020630 -0.003189 -0.018799 -0.011963 0.018799 

Layer: layer13_wk (Type: fully_connected)
  Weight 0 (Name: layer13_wk:weight, Dim: 1048576): -0.030029 0.023926 0.017822 -0.007294 -0.004761 -0.008301 0.026001 0.012207 -0.006653 -0.004272 ... -0.026001 0.029297 -0.026978 0.015869 -0.009766 -0.001770 -0.050049 0.013062 0.021729 0.036377 
  Weight 1 (Name: layer13_wk:loraA, Dim: 8192): -0.040771 0.025513 -0.008728 0.062012 0.018433 -0.008850 -0.012695 -0.019653 -0.030396 0.011536 ... -0.043213 0.034668 0.009399 0.016846 -0.033691 -0.005920 -0.004913 -0.004303 0.007782 -0.001625 
  Weight 2 (Name: layer13_wk:loraB, Dim: 8192): -0.020264 0.001312 0.005951 0.006531 -0.030640 -0.018799 0.002975 0.035400 0.007599 -0.004974 ... 0.059082 0.043457 0.007996 -0.037842 -0.042969 -0.040283 -0.003082 0.030151 0.040283 0.035645 

Layer: layer13_k_norm (Type: reshaped_rms_norm)
  Weight 0 (Name: layer13_k_norm:gamma, Dim: 128): 0.026733 0.035400 -0.034424 0.068848 -0.027222 -0.011658 0.031494 0.007874 -0.005920 0.013367 ... -0.037598 -0.015137 0.030396 -0.016846 0.022461 0.020630 -0.035156 -0.018188 -0.014099 0.016357 

Layer: layer13_wv (Type: fully_connected)
  Weight 0 (Name: layer13_wv:weight, Dim: 1048576): 0.027344 0.041748 0.021973 -0.010986 -0.005066 -0.025024 -0.034180 0.013672 -0.016357 -0.033203 ... 0.015076 0.013733 -0.000896 -0.046143 -0.009094 -0.015747 0.028809 0.027100 0.071289 0.005554 
  Weight 1 (Name: layer13_wv:loraA, Dim: 8192): -0.009644 -0.018433 0.001854 0.018921 -0.013184 -0.025879 0.017090 0.008911 0.030884 -0.001022 ... -0.010315 -0.047363 -0.009216 0.010315 0.066895 -0.015198 0.036377 0.002914 0.009644 0.009338 
  Weight 2 (Name: layer13_wv:loraB, Dim: 8192): 0.015991 0.021729 -0.012024 0.008850 0.016724 -0.016235 0.002258 -0.017334 -0.072266 -0.026978 ... -0.016602 0.000938 0.031738 0.006927 0.019287 0.045166 0.020996 -0.050049 -0.000015 -0.014832 

Layer: layer13_attention (Type: mha_core)

Layer: layer13_attention_out (Type: fully_connected)
  Weight 0 (Name: layer13_attention_out:weight, Dim: 2097152): 0.011719 -0.014526 -0.020142 -0.045166 0.002304 0.038574 0.020996 0.017456 0.009216 -0.010010 ... -0.033447 0.035400 0.003937 0.004364 -0.113770 -0.070801 -0.026855 0.017334 0.042236 0.027222 
  Weight 1 (Name: layer13_attention_out:loraA, Dim: 16384): -0.008362 0.006042 -0.047363 0.049316 -0.061523 0.026001 -0.015442 -0.012817 0.065918 0.067871 ... -0.085449 -0.036133 0.060303 -0.033203 0.018066 -0.031250 0.005005 -0.013245 -0.001373 -0.023315 
  Weight 2 (Name: layer13_attention_out:loraB, Dim: 8192): 0.019409 -0.052246 0.050781 -0.068359 0.006256 -0.012207 0.026001 0.046631 0.005310 0.000832 ... 0.018433 -0.000171 -0.012329 -0.012451 -0.025269 0.026489 -0.030273 0.005615 0.054932 -0.020752 

Layer: layer13_decoder_add (Type: addition)

Layer: layer13_decoder_add/generated_out_0 (Type: multiout)

Layer: layer13_ffn_norm (Type: rms_norm)
  Weight 0 (Name: layer13_ffn_norm:gamma, Dim: 1024): -0.004333 -0.037842 -0.010010 0.046387 0.033203 0.044189 0.000694 0.024292 0.027222 -0.043701 ... 0.025513 -0.004700 0.047363 0.031494 0.072266 -0.017822 0.005157 0.001373 0.020020 -0.052734 

Layer: layer13_ffn_norm/generated_out_0 (Type: multiout)

Layer: layer13_ffn_up (Type: fully_connected)
  Weight 0 (Name: layer13_ffn_up:weight, Dim: 3145728): -0.015320 -0.023560 -0.057373 -0.083496 0.006348 0.006958 0.043701 0.070801 -0.051025 0.058105 ... 0.028687 -0.006927 0.035645 0.000832 0.020020 -0.020508 0.025635 0.026489 -0.016113 0.013611 
  Weight 1 (Name: layer13_ffn_up:loraA, Dim: 8192): 0.019287 -0.033691 0.042236 -0.040039 -0.038574 -0.056641 0.015381 -0.022583 -0.033447 -0.008850 ... 0.028931 -0.023193 -0.002274 0.011902 -0.012146 0.002197 0.013916 0.021729 0.005035 0.012695 
  Weight 2 (Name: layer13_ffn_up:loraB, Dim: 24576): -0.008484 0.042725 0.011169 0.030029 0.015198 0.034180 0.020142 0.038574 0.008484 -0.007874 ... -0.005157 0.014954 0.018066 -0.004272 -0.051270 0.000353 0.014404 -0.041260 0.027222 0.034668 

Layer: layer13_ffn_gate (Type: fully_connected)
  Weight 0 (Name: layer13_ffn_gate:weight, Dim: 3145728): 0.006775 -0.003937 -0.021118 -0.018433 0.010559 -0.018921 -0.020874 -0.048828 0.020020 -0.012268 ... -0.030151 -0.019409 -0.052490 0.046875 -0.062256 -0.025513 0.032715 -0.015015 0.031738 0.023438 
  Weight 1 (Name: layer13_ffn_gate:loraA, Dim: 8192): -0.006073 0.000832 0.006897 0.004059 0.020630 0.018311 -0.000965 0.017700 -0.016235 0.007599 ... 0.000288 -0.010254 0.021118 -0.010071 -0.055908 0.067871 -0.025024 0.039795 -0.010010 0.001999 
  Weight 2 (Name: layer13_ffn_gate:loraB, Dim: 24576): -0.017700 -0.000252 -0.025391 -0.055176 0.043457 0.048096 0.030396 -0.007935 -0.029785 -0.053467 ... 0.022705 -0.015747 -0.053467 0.045166 0.001167 -0.010254 0.001358 -0.039062 -0.010193 0.024780 

Layer: layer13_ffn_swiglu (Type: swiglu)

Layer: layer13_ffn_down (Type: fully_connected)
  Weight 0 (Name: layer13_ffn_down:weight, Dim: 3145728): -0.003967 -0.012756 -0.006012 -0.035400 -0.002899 -0.028198 0.003021 0.015747 0.021851 -0.006836 ... 0.009338 0.010742 -0.002182 0.061523 -0.003448 -0.057617 -0.004913 0.016357 -0.002319 0.005493 
  Weight 1 (Name: layer13_ffn_down:loraA, Dim: 24576): 0.006500 -0.016846 0.003754 0.000790 -0.031982 0.001785 -0.000751 0.009949 0.045166 0.009277 ... 0.007996 -0.025757 0.006500 0.029419 -0.010132 0.048584 -0.017822 0.014709 -0.009583 0.014160 
  Weight 2 (Name: layer13_ffn_down:loraB, Dim: 8192): 0.003098 -0.004456 0.006165 0.004242 -0.052979 0.006226 0.019287 0.014954 0.022705 0.012878 ... 0.013611 -0.005066 0.009766 -0.001038 -0.012756 0.012756 0.012268 0.032471 -0.000717 -0.023193 

Layer: layer13_decoder_output (Type: addition)

Layer: layer13_decoder_output/generated_out_0 (Type: multiout)

Layer: layer14_attention_norm (Type: rms_norm)
  Weight 0 (Name: layer14_attention_norm:gamma, Dim: 1024): -0.013000 -0.001732 -0.009583 -0.025879 0.019165 0.001602 0.020874 0.030640 -0.011719 0.006866 ... 0.000942 -0.031128 0.001236 0.036377 0.004089 0.006195 0.032959 0.009277 -0.021484 0.001411 

Layer: layer14_attention_norm/generated_out_0 (Type: multiout)

Layer: layer14_wq (Type: fully_connected)
  Weight 0 (Name: layer14_wq:weight, Dim: 2097152): 0.000698 0.000477 -0.002441 0.002167 -0.032227 0.002350 0.003906 -0.058838 0.038086 0.003891 ... -0.012939 0.025513 -0.033203 0.032959 0.009094 0.020630 -0.016479 -0.031738 -0.022095 -0.009338 
  Weight 1 (Name: layer14_wq:loraA, Dim: 8192): -0.005615 -0.004303 -0.018799 0.013489 -0.017944 -0.009827 0.008240 -0.007782 -0.002090 0.009338 ... -0.006958 0.014648 -0.004333 0.010803 0.006927 -0.000477 -0.006531 -0.000051 -0.001411 0.003372 
  Weight 2 (Name: layer14_wq:loraB, Dim: 16384): 0.009583 0.004669 0.000843 -0.013428 0.026001 0.009949 0.029541 -0.041016 0.009277 -0.026733 ... -0.004242 0.005890 0.026245 0.016479 -0.009277 0.011292 -0.025879 -0.001709 0.037598 0.000618 

Layer: layer14_q_norm (Type: reshaped_rms_norm)
  Weight 0 (Name: layer14_q_norm:gamma, Dim: 128): -0.015869 0.001930 -0.013550 -0.010132 0.023315 -0.034668 -0.002518 0.041748 0.009521 0.000999 ... 0.000444 -0.030151 0.028442 0.009399 -0.018433 0.000035 0.010071 -0.015259 0.003403 0.009399 

Layer: layer14_wk (Type: fully_connected)
  Weight 0 (Name: layer14_wk:weight, Dim: 1048576): 0.002228 0.004578 -0.001167 -0.027832 0.019165 0.002182 0.014771 0.009521 -0.002975 -0.000751 ... -0.052002 0.013611 -0.028442 -0.019043 -0.014587 -0.010254 0.014709 -0.000851 -0.013977 0.013184 
  Weight 1 (Name: layer14_wk:loraA, Dim: 8192): 0.010315 -0.012268 -0.083496 0.043945 0.003357 0.031128 0.005798 0.019653 0.010254 0.004761 ... 0.012939 -0.000201 -0.037109 -0.000127 0.013245 -0.026001 0.010742 0.030884 0.013062 0.030518 
  Weight 2 (Name: layer14_wk:loraB, Dim: 8192): -0.007874 -0.008057 0.047607 0.010620 0.043701 -0.005890 -0.043213 0.013672 0.017090 -0.005615 ... 0.040039 0.009521 0.016479 0.025879 0.001541 -0.023804 -0.001289 -0.020752 0.045898 0.035156 

Layer: layer14_k_norm (Type: reshaped_rms_norm)
  Weight 0 (Name: layer14_k_norm:gamma, Dim: 128): -0.015625 -0.003784 0.020020 -0.004883 0.033936 -0.023315 -0.013611 -0.026855 0.001038 0.010925 ... 0.015381 -0.014587 0.006989 0.008240 0.031006 0.005402 0.002930 -0.005157 -0.008179 0.020264 

Layer: layer14_wv (Type: fully_connected)
  Weight 0 (Name: layer14_wv:weight, Dim: 1048576): 0.023193 -0.023804 0.020020 -0.031738 0.006439 0.012268 -0.005798 0.028198 -0.023438 -0.021851 ... 0.033691 0.034668 -0.032227 0.059326 0.042480 -0.022339 -0.007599 -0.005219 -0.010132 0.011658 
  Weight 1 (Name: layer14_wv:loraA, Dim: 8192): 0.035400 -0.023438 -0.011841 -0.009644 -0.022583 -0.070801 0.032715 -0.020264 0.041016 0.011292 ... -0.006134 -0.042480 0.058105 0.031006 -0.064941 -0.010620 -0.006775 0.008728 -0.016724 0.010193 
  Weight 2 (Name: layer14_wv:loraB, Dim: 8192): 0.003448 -0.026367 -0.001305 0.010742 -0.020386 -0.013672 0.038086 -0.022827 -0.037109 -0.009888 ... -0.049072 0.006714 -0.019531 -0.028931 0.010498 0.009949 0.011292 -0.013916 0.001518 -0.016235 

Layer: layer14_attention (Type: mha_core)

Layer: layer14_attention_out (Type: fully_connected)
  Weight 0 (Name: layer14_attention_out:weight, Dim: 2097152): -0.005127 -0.010925 0.005524 0.006775 -0.021729 0.015137 0.002136 0.022705 -0.011047 -0.013428 ... 0.014099 0.032959 -0.023682 -0.005127 -0.011658 0.042969 0.039551 0.005737 0.015869 0.009949 
  Weight 1 (Name: layer14_attention_out:loraA, Dim: 16384): 0.009766 -0.098633 0.020996 0.049561 0.053223 -0.017700 -0.006439 0.005768 -0.058838 0.034424 ... -0.038818 -0.007507 -0.036865 0.021240 0.041992 0.027710 -0.007233 0.020752 -0.016968 -0.052002 
  Weight 2 (Name: layer14_attention_out:loraB, Dim: 8192): -0.019897 -0.019531 -0.014526 -0.016357 0.031128 -0.059326 -0.003128 0.016235 -0.012085 0.053711 ... -0.013000 0.020630 0.030518 -0.000391 -0.010315 -0.033203 -0.013428 0.009521 0.024780 -0.053955 

Layer: layer14_decoder_add (Type: addition)

Layer: layer14_decoder_add/generated_out_0 (Type: multiout)

Layer: layer14_ffn_norm (Type: rms_norm)
  Weight 0 (Name: layer14_ffn_norm:gamma, Dim: 1024): 0.015503 -0.072754 0.016724 -0.070801 0.076172 -0.028687 0.000288 -0.008667 0.037598 -0.008118 ... 0.009949 -0.060547 -0.007355 -0.023682 0.003387 -0.029053 -0.003662 -0.012817 0.012146 0.048340 

Layer: layer14_ffn_norm/generated_out_0 (Type: multiout)

Layer: layer14_ffn_up (Type: fully_connected)
  Weight 0 (Name: layer14_ffn_up:weight, Dim: 3145728): 0.019043 -0.006104 -0.035156 0.003265 -0.014099 -0.037354 0.015015 -0.029541 -0.003036 -0.067383 ... -0.041992 0.049561 -0.026489 0.001839 -0.042969 -0.026123 0.025879 -0.030151 0.022339 0.014709 
  Weight 1 (Name: layer14_ffn_up:loraA, Dim: 8192): -0.033447 0.029297 -0.011414 -0.047852 0.017944 -0.013733 -0.026855 -0.023438 0.011963 0.051758 ... 0.001381 -0.004517 0.015503 0.031128 0.031128 -0.031250 0.034180 0.003387 -0.029175 -0.031738 
  Weight 2 (Name: layer14_ffn_up:loraB, Dim: 24576): -0.008179 0.026611 -0.000028 0.002380 -0.036621 0.015747 -0.007019 0.021973 -0.003113 -0.019653 ... -0.005310 -0.048096 -0.045898 -0.004639 0.013550 0.068848 -0.014282 -0.072754 -0.005310 -0.015137 

Layer: layer14_ffn_gate (Type: fully_connected)
  Weight 0 (Name: layer14_ffn_gate:weight, Dim: 3145728): 0.014771 -0.047607 -0.002289 0.025269 -0.020020 -0.007507 -0.030029 -0.012146 -0.033936 -0.000832 ... 0.001579 0.184570 0.010010 -0.047363 0.021606 -0.017090 0.001358 0.033447 0.020020 -0.030273 
  Weight 1 (Name: layer14_ffn_gate:loraA, Dim: 8192): 0.011841 0.022095 0.005219 0.012024 0.011719 -0.012268 0.007935 0.019409 0.022827 -0.002045 ... -0.028564 -0.006042 0.005432 0.013062 0.056152 0.005096 0.016113 0.040527 0.048828 -0.003067 
  Weight 2 (Name: layer14_ffn_gate:loraB, Dim: 24576): 0.010925 0.014221 -0.008850 0.032471 0.019531 0.022461 0.003021 -0.024048 -0.008911 -0.006439 ... -0.006897 -0.096680 0.007111 0.023438 -0.034424 0.013062 -0.014709 0.008240 -0.015991 -0.009521 

Layer: layer14_ffn_swiglu (Type: swiglu)

Layer: layer14_ffn_down (Type: fully_connected)
  Weight 0 (Name: layer14_ffn_down:weight, Dim: 3145728): -0.004730 0.027710 -0.005157 0.008362 0.026611 -0.028442 -0.023071 0.009094 -0.037109 -0.023438 ... 0.063965 -0.007019 0.075684 0.003677 -0.004486 -0.020508 -0.009460 0.013062 -0.089355 0.014099 
  Weight 1 (Name: layer14_ffn_down:loraA, Dim: 24576): -0.091797 -0.012268 0.027588 -0.025391 0.004242 0.057373 -0.023560 -0.001022 -0.000526 0.120117 ... 0.037109 0.022705 0.087402 0.014893 0.005524 0.004700 -0.003479 0.003525 0.086426 -0.007446 
  Weight 2 (Name: layer14_ffn_down:loraB, Dim: 8192): -0.153320 -0.005554 -0.128906 -0.010864 -0.004517 0.022217 0.021118 0.008911 -0.010559 0.125000 ... 0.050781 0.006714 0.022095 -0.002365 0.009399 -0.000591 0.007935 -0.001511 0.039551 0.000145 

Layer: layer14_decoder_output (Type: addition)

Layer: layer14_decoder_output/generated_out_0 (Type: multiout)

Layer: layer15_attention_norm (Type: rms_norm)
  Weight 0 (Name: layer15_attention_norm:gamma, Dim: 1024): -0.067871 -0.003159 -0.026123 -0.066895 -0.000885 0.003113 -0.004181 0.007874 -0.007019 0.055908 ... -0.081543 -0.002502 -0.122070 -0.044922 0.010132 0.019653 -0.010681 0.012207 0.039062 0.008362 

Layer: layer15_attention_norm/generated_out_0 (Type: multiout)

Layer: layer15_wq (Type: fully_connected)
  Weight 0 (Name: layer15_wq:weight, Dim: 2097152): 0.087402 0.003937 -0.120117 0.060791 0.022827 0.003601 -0.023804 0.009155 0.004761 0.174805 ... 0.019653 0.006683 0.013367 0.059326 0.002960 -0.043945 -0.026123 -0.013245 -0.024170 -0.011841 
  Weight 1 (Name: layer15_wq:loraA, Dim: 8192): 0.002609 0.017700 -0.002975 0.050049 0.024292 0.029663 0.030273 -0.032227 -0.001419 0.025879 ... 0.003555 -0.024536 0.001999 -0.024536 0.021484 -0.022461 -0.026489 -0.025269 0.031494 0.018799 
  Weight 2 (Name: layer15_wq:loraB, Dim: 16384): -0.019043 -0.002975 -0.009338 -0.000858 -0.050049 0.006409 0.029053 -0.017456 -0.022095 -0.001915 ... -0.051758 -0.005493 -0.027588 -0.033691 0.031494 0.009277 -0.022461 0.011780 0.010864 -0.000763 

Layer: layer15_q_norm (Type: reshaped_rms_norm)
  Weight 0 (Name: layer15_q_norm:gamma, Dim: 128): 0.001678 -0.012024 -0.055420 -0.006042 0.033447 0.010132 0.015747 0.013672 -0.010376 -0.000717 ... 0.011108 0.013367 -0.045410 -0.003586 -0.019775 0.008057 -0.010681 0.069824 0.008789 -0.003357 

Layer: layer15_wk (Type: fully_connected)
  Weight 0 (Name: layer15_wk:weight, Dim: 1048576): -0.020386 0.015564 -0.014587 -0.047852 0.010864 0.026367 -0.004150 -0.015747 -0.024170 -0.037598 ... 0.021362 -0.002548 -0.016479 0.007111 0.021973 -0.010193 -0.028931 0.013550 0.030884 -0.007294 
  Weight 1 (Name: layer15_wk:loraA, Dim: 8192): 0.014771 -0.042969 -0.028076 0.006195 0.014648 0.031494 -0.025269 0.018433 -0.009155 -0.042236 ... -0.001587 0.012390 -0.021484 -0.026123 0.027710 -0.034424 0.019531 -0.000744 -0.000414 0.017090 
  Weight 2 (Name: layer15_wk:loraB, Dim: 8192): -0.023804 -0.037598 0.019775 -0.042969 0.010193 -0.036377 0.042236 -0.010376 0.009155 -0.004303 ... 0.031128 0.001205 0.028198 0.023193 0.022583 -0.000698 -0.022583 -0.004089 -0.021973 0.031250 

Layer: layer15_k_norm (Type: reshaped_rms_norm)
  Weight 0 (Name: layer15_k_norm:gamma, Dim: 128): -0.010864 0.009766 0.010864 -0.013916 -0.020264 0.004272 -0.012451 0.054932 0.045410 0.014893 ... -0.039062 0.020142 -0.000641 -0.059814 -0.009644 0.049316 -0.024902 -0.008667 0.028931 -0.012878 

Layer: layer15_wv (Type: fully_connected)
  Weight 0 (Name: layer15_wv:weight, Dim: 1048576): -0.005463 0.039307 0.019531 -0.014893 -0.011841 0.004578 -0.006622 0.007568 0.024902 -0.031738 ... 0.014099 -0.011536 0.018311 -0.033691 0.038086 -0.019653 -0.009766 0.039307 0.007446 0.014709 
  Weight 1 (Name: layer15_wv:loraA, Dim: 8192): 0.023315 0.021484 -0.034424 -0.000561 0.000022 -0.049072 -0.015625 -0.028442 0.016968 -0.014587 ... -0.038574 0.048096 -0.015747 0.081055 -0.004791 -0.023926 0.070801 0.045898 -0.004944 0.007141 
  Weight 2 (Name: layer15_wv:loraB, Dim: 8192): 0.021973 -0.010071 0.011597 0.017334 -0.014709 0.044922 -0.050537 0.020142 0.036377 -0.006012 ... 0.013733 -0.047607 -0.001274 0.007599 0.001167 0.022217 -0.011353 -0.022095 -0.024048 -0.002045 

Layer: layer15_attention (Type: mha_core)

Layer: layer15_attention_out (Type: fully_connected)
  Weight 0 (Name: layer15_attention_out:weight, Dim: 2097152): -0.036133 0.023315 0.018677 0.010681 -0.004303 -0.040039 -0.017822 -0.001083 0.013733 0.004700 ... 0.018188 0.020996 0.012756 0.033203 0.000021 -0.020508 0.016968 0.008789 0.018433 0.025146 
  Weight 1 (Name: layer15_attention_out:loraA, Dim: 16384): 0.051025 -0.003967 -0.008850 -0.002106 -0.013123 -0.004547 -0.059570 -0.010925 0.047119 -0.019775 ... -0.003998 0.037598 -0.013672 -0.040771 0.017334 0.004486 -0.083496 -0.009033 -0.038574 -0.015015 
  Weight 2 (Name: layer15_attention_out:loraB, Dim: 8192): -0.002975 -0.028198 0.001495 0.016113 0.004547 0.017944 -0.006927 0.019897 0.038574 -0.067871 ... -0.001839 0.034424 -0.036377 -0.025757 0.002426 -0.020874 -0.010437 -0.041260 -0.005951 0.014099 

Layer: layer15_decoder_add (Type: addition)

Layer: layer15_decoder_add/generated_out_0 (Type: multiout)

Layer: layer15_ffn_norm (Type: rms_norm)
  Weight 0 (Name: layer15_ffn_norm:gamma, Dim: 1024): -0.007812 0.025024 0.037354 0.016235 0.011475 0.038818 -0.016357 -0.022339 -0.011841 0.013123 ... 0.005066 0.022217 0.008484 0.093262 0.054688 0.004150 -0.014526 0.052490 0.004578 0.058838 

Layer: layer15_ffn_norm/generated_out_0 (Type: multiout)

Layer: layer15_ffn_up (Type: fully_connected)
  Weight 0 (Name: layer15_ffn_up:weight, Dim: 3145728): 0.009888 0.041016 0.014954 -0.003754 0.003784 -0.017944 -0.069824 0.019775 -0.003464 0.006470 ... 0.010437 0.027832 0.025269 0.025635 -0.007263 0.049316 -0.031250 0.022461 -0.040039 0.000026 
  Weight 1 (Name: layer15_ffn_up:loraA, Dim: 8192): -0.033203 0.021606 0.037598 0.002014 0.044189 0.012329 -0.016113 -0.034424 0.015381 -0.007996 ... 0.014771 0.070801 0.022217 -0.013611 0.006958 -0.032959 -0.011292 -0.008911 -0.014038 0.039795 
  Weight 2 (Name: layer15_ffn_up:loraB, Dim: 24576): -0.028931 0.049561 -0.009888 0.025757 0.051025 0.007477 -0.008789 -0.038086 0.016235 0.009766 ... -0.006226 -0.000504 0.033936 0.052734 0.013794 -0.017578 -0.009644 -0.016724 0.005707 0.026123 

Layer: layer15_ffn_gate (Type: fully_connected)
  Weight 0 (Name: layer15_ffn_gate:weight, Dim: 3145728): -0.007172 -0.013977 -0.009583 -0.014587 0.021606 -0.065918 0.014954 0.018188 -0.006165 0.020508 ... -0.003067 0.012695 -0.020630 0.017700 -0.013916 0.016113 0.005188 -0.019897 0.011169 -0.014893 
  Weight 1 (Name: layer15_ffn_gate:loraA, Dim: 8192): 0.012085 -0.019287 -0.169922 0.019043 0.011475 0.020386 -0.040039 0.069336 -0.018921 -0.026123 ... -0.041260 -0.002563 -0.028809 -0.001106 0.015137 -0.012939 0.006500 -0.034180 -0.021362 -0.018066 
  Weight 2 (Name: layer15_ffn_gate:loraB, Dim: 24576): -0.019775 -0.001495 0.033691 -0.022339 -0.015747 0.021851 0.021606 -0.069336 0.028809 0.034424 ... 0.024780 -0.011780 0.006714 -0.016724 0.006195 -0.025513 -0.030396 -0.023315 0.012451 -0.005188 

Layer: layer15_ffn_swiglu (Type: swiglu)

Layer: layer15_ffn_down (Type: fully_connected)
  Weight 0 (Name: layer15_ffn_down:weight, Dim: 3145728): 0.001869 -0.004486 0.017944 0.013245 0.004089 0.026489 -0.047363 0.054199 -0.018677 -0.032471 ... -0.018799 0.006958 0.011780 0.036621 0.042725 -0.066895 0.023682 0.034424 0.036865 -0.029053 
  Weight 1 (Name: layer15_ffn_down:loraA, Dim: 24576): 0.003479 -0.028931 0.014343 0.002014 -0.019409 0.008972 0.020386 0.027832 0.002823 -0.008057 ... -0.014893 0.006287 -0.006622 0.026733 0.047607 0.049316 0.002701 -0.049072 0.008240 0.013245 
  Weight 2 (Name: layer15_ffn_down:loraB, Dim: 8192): 0.017212 -0.028320 -0.012756 0.017456 -0.018677 0.012878 0.037109 0.019165 -0.019775 -0.021484 ... -0.004944 0.036377 -0.009766 0.046143 0.014709 -0.009583 -0.036133 -0.027710 -0.029053 -0.006561 

Layer: layer15_decoder_output (Type: addition)

Layer: layer15_decoder_output/generated_out_0 (Type: multiout)

Layer: layer16_attention_norm (Type: rms_norm)
  Weight 0 (Name: layer16_attention_norm:gamma, Dim: 1024): -0.023560 0.004242 -0.001366 -0.006378 -0.040283 -0.008362 0.013062 0.026489 0.025635 -0.005859 ... 0.016602 -0.007141 0.001770 -0.033447 0.004700 0.011658 0.011230 0.015991 -0.002899 0.025879 

Layer: layer16_attention_norm/generated_out_0 (Type: multiout)

Layer: layer16_wq (Type: fully_connected)
  Weight 0 (Name: layer16_wq:weight, Dim: 2097152): -0.009705 0.001366 -0.014404 0.001823 -0.018799 -0.025879 -0.022705 0.014465 -0.006927 0.006317 ... 0.015991 -0.005035 -0.000315 0.009827 0.046875 -0.016724 0.035645 -0.009888 0.067383 0.002640 
  Weight 1 (Name: layer16_wq:loraA, Dim: 8192): 0.031494 -0.023438 -0.053955 0.017090 -0.031006 -0.011047 -0.009338 0.022095 -0.006165 -0.023071 ... -0.001205 0.007263 0.018188 -0.015381 0.012024 0.026733 -0.027588 -0.002792 -0.064941 -0.016235 
  Weight 2 (Name: layer16_wq:loraB, Dim: 16384): -0.039307 -0.001709 0.046143 0.001762 -0.038086 0.015381 0.009705 0.020020 0.028076 -0.016968 ... 0.013672 0.017334 0.014709 -0.038818 -0.013306 0.015991 0.013062 0.032227 -0.006500 -0.030029 

Layer: layer16_q_norm (Type: reshaped_rms_norm)
  Weight 0 (Name: layer16_q_norm:gamma, Dim: 128): -0.024902 0.009888 -0.001183 0.033447 0.014221 0.024536 -0.019165 -0.004211 0.023926 -0.036133 ... -0.000376 0.002029 0.006897 -0.012085 -0.044678 -0.009155 0.025879 -0.043213 -0.002777 0.026245 

Layer: layer16_wk (Type: fully_connected)
  Weight 0 (Name: layer16_wk:weight, Dim: 1048576): 0.035400 0.003281 0.009766 0.004730 -0.005737 0.046631 0.011414 0.023804 -0.007111 -0.012695 ... 0.034424 -0.031982 0.030151 -0.034180 0.011475 0.026611 -0.046143 0.031250 -0.025269 0.013000 
  Weight 1 (Name: layer16_wk:loraA, Dim: 8192): -0.070312 0.032227 -0.018799 0.008606 0.004791 -0.004669 -0.004120 -0.029175 0.032959 -0.026245 ... -0.005737 -0.002472 -0.039795 0.010864 -0.020752 -0.006134 0.043457 -0.003250 0.015991 -0.005280 
  Weight 2 (Name: layer16_wk:loraB, Dim: 8192): 0.000618 -0.023682 -0.029541 0.047607 0.015442 0.015747 -0.017456 -0.022827 0.027832 0.000587 ... 0.055420 0.023804 -0.053223 0.019775 0.008728 0.004730 -0.024536 -0.030884 -0.019897 -0.016968 

Layer: layer16_k_norm (Type: reshaped_rms_norm)
  Weight 0 (Name: layer16_k_norm:gamma, Dim: 128): -0.017456 -0.012817 0.015991 0.007874 0.022949 -0.034668 0.027954 0.009216 0.018066 0.010437 ... 0.023804 -0.023438 0.007935 0.031006 0.025146 -0.019775 0.014893 -0.005371 0.060547 -0.011719 

Layer: layer16_wv (Type: fully_connected)
  Weight 0 (Name: layer16_wv:weight, Dim: 1048576): -0.022827 -0.020142 -0.002838 0.004456 0.019897 0.044922 0.073730 0.009583 0.018555 0.040039 ... -0.020630 -0.017090 0.021484 0.023193 0.058594 0.020508 -0.004364 0.051514 -0.004059 0.030029 
  Weight 1 (Name: layer16_wv:loraA, Dim: 8192): -0.008240 0.006866 0.010315 -0.001839 0.029053 0.013428 0.017334 0.020020 -0.033691 0.015381 ... 0.026611 0.026001 -0.016113 -0.029419 -0.034912 0.043457 -0.023071 -0.009766 0.009216 -0.017334 
  Weight 2 (Name: layer16_wv:loraB, Dim: 8192): 0.014648 -0.030273 -0.012146 0.004059 -0.022217 -0.052002 0.024170 -0.004303 0.008057 -0.040283 ... -0.027588 0.022339 0.043457 -0.001076 -0.022461 -0.022949 -0.006195 -0.020264 -0.002853 -0.010254 

Layer: layer16_attention (Type: mha_core)

Layer: layer16_attention_out (Type: fully_connected)
  Weight 0 (Name: layer16_attention_out:weight, Dim: 2097152): -0.034912 0.017822 0.015991 -0.000797 -0.008423 0.064941 -0.038086 0.017700 0.005859 -0.003464 ... 0.030762 0.024414 0.046631 -0.031128 -0.035645 0.009094 0.016846 -0.042236 -0.024170 0.021240 
  Weight 1 (Name: layer16_attention_out:loraA, Dim: 16384): -0.022827 0.001091 0.050781 -0.048584 -0.041016 -0.052979 0.031982 0.026855 -0.020508 0.087402 ... 0.063965 -0.039551 0.016968 0.047852 -0.010193 -0.031128 0.006592 0.021484 0.007233 0.030762 
  Weight 2 (Name: layer16_attention_out:loraB, Dim: 8192): 0.055420 -0.025391 0.002960 0.004608 0.041992 0.014954 0.063965 -0.032471 0.010132 0.036133 ... 0.037842 0.031494 -0.029907 0.002991 0.020386 -0.038818 -0.056885 -0.032959 -0.067871 -0.023926 

Layer: layer16_decoder_add (Type: addition)

Layer: layer16_decoder_add/generated_out_0 (Type: multiout)

Layer: layer16_ffn_norm (Type: rms_norm)
  Weight 0 (Name: layer16_ffn_norm:gamma, Dim: 1024): 0.010620 -0.018799 -0.033691 0.012268 -0.017212 -0.004425 -0.020142 -0.009888 0.093262 0.013367 ... 0.008545 0.020142 -0.023682 -0.019409 -0.007996 -0.015869 -0.062012 0.003906 -0.049805 -0.016113 

Layer: layer16_ffn_norm/generated_out_0 (Type: multiout)

Layer: layer16_ffn_up (Type: fully_connected)
  Weight 0 (Name: layer16_ffn_up:weight, Dim: 3145728): -0.036133 -0.040771 -0.000220 -0.015015 0.005585 0.031006 0.027344 -0.024658 -0.042725 0.022705 ... -0.018555 -0.040283 0.015015 0.010193 0.027710 -0.006653 0.021851 0.004425 0.019897 -0.010681 
  Weight 1 (Name: layer16_ffn_up:loraA, Dim: 8192): 0.039307 0.043701 -0.002121 0.033447 -0.021851 -0.014893 -0.020996 -0.027710 0.039551 -0.072266 ... 0.038818 -0.035400 0.003845 -0.032959 0.011230 -0.028687 -0.037598 0.026855 0.033936 -0.027588 
  Weight 2 (Name: layer16_ffn_up:loraB, Dim: 24576): 0.005920 0.062988 0.038574 -0.006195 -0.018555 0.006714 0.009583 -0.015991 -0.021118 -0.000851 ... 0.036865 -0.011230 -0.004181 -0.040283 -0.015991 0.017090 -0.038330 0.054932 0.009521 -0.026367 

Layer: layer16_ffn_gate (Type: fully_connected)
  Weight 0 (Name: layer16_ffn_gate:weight, Dim: 3145728): 0.050537 0.022827 0.065430 0.005402 0.052979 -0.026489 -0.047119 0.031982 -0.020386 0.022095 ... 0.083008 0.024658 -0.006378 -0.049316 -0.032471 0.029175 0.001999 0.013611 0.040527 0.000751 
  Weight 1 (Name: layer16_ffn_gate:loraA, Dim: 8192): 0.016846 -0.028931 0.011536 -0.004272 -0.033447 -0.034668 -0.008911 -0.007874 -0.008789 0.001183 ... -0.038818 -0.026001 0.083984 -0.001228 -0.079102 -0.056152 0.000557 0.003815 0.025391 -0.006683 
  Weight 2 (Name: layer16_ffn_gate:loraB, Dim: 24576): 0.017578 -0.003677 -0.051514 0.010193 -0.045898 0.000668 0.001778 0.006195 -0.034424 0.019409 ... 0.041016 0.016357 -0.006500 -0.008362 0.001396 0.003052 0.028320 0.052979 -0.016846 -0.019897 

Layer: layer16_ffn_swiglu (Type: swiglu)

Layer: layer16_ffn_down (Type: fully_connected)
  Weight 0 (Name: layer16_ffn_down:weight, Dim: 3145728): 0.012573 0.014771 -0.008423 -0.022095 -0.005981 0.013062 -0.011292 0.011536 -0.028320 0.009827 ... 0.008911 -0.002838 -0.033936 0.030029 -0.063477 0.008057 0.037354 -0.053955 0.006042 0.006348 
  Weight 1 (Name: layer16_ffn_down:loraA, Dim: 24576): -0.004639 0.009705 0.017090 -0.000881 0.012085 0.005585 -0.008606 0.001610 -0.056641 -0.020386 ... -0.014343 -0.014648 -0.023682 0.009583 0.005676 -0.001282 0.016724 0.016602 -0.002472 0.022339 
  Weight 2 (Name: layer16_ffn_down:loraB, Dim: 8192): 0.012634 -0.018311 0.008667 0.031982 -0.005737 -0.015076 0.032471 0.011047 -0.008118 0.004944 ... -0.001236 -0.022339 -0.014648 -0.037109 -0.030640 0.011353 0.016235 -0.015747 -0.025757 0.007660 

Layer: layer16_decoder_output (Type: addition)

Layer: layer16_decoder_output/generated_out_0 (Type: multiout)

Layer: layer17_attention_norm (Type: rms_norm)
  Weight 0 (Name: layer17_attention_norm:gamma, Dim: 1024): -0.021606 -0.002808 0.015564 0.008972 0.030640 0.001793 -0.038574 -0.018188 -0.034912 -0.020020 ... 0.001785 -0.004669 -0.008179 0.010071 0.063477 0.015869 0.026367 0.025513 0.034668 -0.024292 

Layer: layer17_attention_norm/generated_out_0 (Type: multiout)

Layer: layer17_wq (Type: fully_connected)
  Weight 0 (Name: layer17_wq:weight, Dim: 2097152): -0.009583 -0.010864 -0.016479 -0.012573 0.034180 0.008423 0.023315 -0.002350 0.026489 -0.009277 ... -0.002335 0.037842 -0.024292 0.000267 0.008301 -0.001785 0.004181 0.010559 -0.001465 0.008911 
  Weight 1 (Name: layer17_wq:loraA, Dim: 8192): 0.022217 0.019043 -0.020508 -0.045166 0.039551 -0.006531 0.023438 -0.011108 0.007935 0.007996 ... -0.012329 -0.017700 0.040527 0.011902 0.002090 0.011475 -0.011414 0.027710 0.013733 -0.010620 
  Weight 2 (Name: layer17_wq:loraB, Dim: 16384): -0.005219 -0.001053 0.016602 0.019165 -0.069336 -0.012268 0.006531 -0.003586 0.024658 -0.046631 ... -0.024658 0.013794 0.021362 0.029663 0.036377 -0.010620 0.014221 -0.000645 -0.013367 -0.004089 

Layer: layer17_q_norm (Type: reshaped_rms_norm)
  Weight 0 (Name: layer17_q_norm:gamma, Dim: 128): 0.011719 0.010071 -0.024048 -0.001762 0.000637 -0.037842 0.003448 -0.014832 -0.028320 0.030151 ... -0.029419 0.060059 -0.012756 -0.002930 -0.015381 0.025391 0.008484 -0.002167 -0.031250 0.015381 

Layer: layer17_wk (Type: fully_connected)
  Weight 0 (Name: layer17_wk:weight, Dim: 1048576): -0.004974 -0.026611 -0.005157 0.005341 -0.053467 -0.009766 0.017090 0.002335 -0.008667 0.013245 ... -0.007324 0.008362 0.039795 0.025635 0.013367 -0.053467 0.018799 0.001625 -0.031494 -0.012634 
  Weight 1 (Name: layer17_wk:loraA, Dim: 8192): 0.008911 -0.033936 -0.010681 -0.050049 -0.043213 -0.016479 0.007568 0.002991 0.004364 -0.026245 ... -0.076660 0.015442 0.037109 -0.020752 -0.029419 0.062012 -0.015625 0.009644 0.033447 0.039307 
  Weight 2 (Name: layer17_wk:loraB, Dim: 8192): 0.016479 0.009338 0.028198 -0.047119 -0.031982 -0.053955 -0.002853 -0.063965 0.055664 -0.046387 ... 0.012634 -0.016235 0.036377 0.014282 -0.021484 0.009033 -0.001373 0.018433 -0.006409 0.019287 

Layer: layer17_k_norm (Type: reshaped_rms_norm)
  Weight 0 (Name: layer17_k_norm:gamma, Dim: 128): 0.024170 0.028076 -0.013123 0.039062 -0.013184 0.033691 -0.026123 0.071777 0.041992 0.026001 ... 0.052979 -0.037354 -0.018311 -0.033447 -0.005341 -0.037109 -0.020142 0.037842 0.023071 -0.019287 

Layer: layer17_wv (Type: fully_connected)
  Weight 0 (Name: layer17_wv:weight, Dim: 1048576): -0.019775 0.011414 0.053467 0.002960 -0.005737 0.006500 0.050049 -0.026611 0.032471 0.001526 ... 0.005371 -0.037109 -0.051025 0.004700 -0.024292 -0.009338 -0.058594 0.026855 -0.049072 -0.010437 
  Weight 1 (Name: layer17_wv:loraA, Dim: 8192): -0.005249 0.020996 0.000954 -0.026733 -0.012329 0.012329 -0.052246 -0.021362 0.025635 0.011841 ... -0.040039 -0.061768 -0.008972 0.048828 0.006897 -0.024414 0.001274 -0.045654 -0.010132 0.011475 
  Weight 2 (Name: layer17_wv:loraB, Dim: 8192): -0.031128 -0.022583 -0.020142 0.017944 -0.012024 0.000969 0.005310 -0.014954 0.013733 -0.001770 ... -0.010620 -0.000835 0.028076 0.023438 0.007782 -0.016235 0.052734 -0.030273 -0.009766 0.013855 

Layer: layer17_attention (Type: mha_core)

Layer: layer17_attention_out (Type: fully_connected)
  Weight 0 (Name: layer17_attention_out:weight, Dim: 2097152): 0.029053 0.010620 0.031738 0.035645 -0.010193 0.026978 0.015442 -0.022339 -0.000357 0.011353 ... 0.101562 -0.001160 0.026001 -0.031982 0.013855 0.040283 -0.084961 0.077148 0.049072 0.001236 
  Weight 1 (Name: layer17_attention_out:loraA, Dim: 16384): 0.008423 0.037598 -0.026123 0.019409 -0.007782 -0.001129 0.029663 -0.030518 0.048828 -0.010193 ... 0.031738 0.037109 -0.005676 -0.048828 0.008911 -0.029053 -0.036133 0.011475 -0.027344 0.007477 
  Weight 2 (Name: layer17_attention_out:loraB, Dim: 8192): -0.028442 -0.022217 -0.013245 -0.047852 -0.005554 0.031982 -0.025879 -0.026733 0.004211 0.009033 ... 0.010376 -0.036865 -0.007111 -0.010742 0.032227 0.018555 -0.048828 0.031006 -0.055420 0.063965 

Layer: layer17_decoder_add (Type: addition)

Layer: layer17_decoder_add/generated_out_0 (Type: multiout)

Layer: layer17_ffn_norm (Type: rms_norm)
  Weight 0 (Name: layer17_ffn_norm:gamma, Dim: 1024): -0.090820 -0.058350 -0.044922 -0.016479 -0.025635 0.017090 0.049316 0.000198 0.035156 0.007416 ... 0.005463 -0.044922 -0.017578 0.074219 0.042725 0.014221 0.082520 -0.017090 -0.031738 -0.002487 

Layer: layer17_ffn_norm/generated_out_0 (Type: multiout)

Layer: layer17_ffn_up (Type: fully_connected)
  Weight 0 (Name: layer17_ffn_up:weight, Dim: 3145728): 0.020630 0.011292 0.006836 0.062500 -0.010742 -0.010193 -0.036133 0.054443 0.031128 -0.006500 ... 0.018066 0.004272 0.003586 -0.022583 -0.033936 -0.027588 0.043701 0.043701 0.012329 -0.038574 
  Weight 1 (Name: layer17_ffn_up:loraA, Dim: 8192): -0.033691 0.022827 -0.025879 0.077148 -0.014404 0.001740 0.030884 -0.005035 0.008972 -0.022949 ... 0.005676 -0.012024 -0.013306 -0.028442 -0.007080 0.002853 0.010254 -0.012085 0.017578 -0.021729 
  Weight 2 (Name: layer17_ffn_up:loraB, Dim: 24576): -0.022583 -0.062256 -0.001900 -0.008362 -0.009399 0.019165 0.036865 0.031738 0.025879 0.021973 ... -0.014954 0.018188 -0.037109 0.012756 -0.024780 0.009460 -0.033203 0.036865 -0.011780 0.055664 

Layer: layer17_ffn_gate (Type: fully_connected)
  Weight 0 (Name: layer17_ffn_gate:weight, Dim: 3145728): 0.024658 0.012390 -0.037598 -0.025146 0.014282 -0.022705 0.016113 -0.028198 -0.011353 -0.019287 ... -0.019653 0.014465 -0.036377 -0.002075 -0.031494 0.020386 -0.023438 0.053955 -0.004059 0.009399 
  Weight 1 (Name: layer17_ffn_gate:loraA, Dim: 8192): -0.016357 0.056641 0.062256 0.039795 -0.053955 0.014709 0.045166 -0.005188 0.012024 -0.029297 ... 0.050049 -0.036621 0.009949 -0.029297 0.021362 -0.005951 0.020874 -0.044922 0.002808 0.017578 
  Weight 2 (Name: layer17_ffn_gate:loraB, Dim: 24576): 0.026245 0.077637 -0.026001 0.062500 0.054443 0.009521 -0.081055 -0.102539 0.013672 0.013245 ... 0.033691 -0.043945 0.011047 0.014160 0.006622 -0.010071 -0.025513 -0.004608 0.013306 0.010986 

Layer: layer17_ffn_swiglu (Type: swiglu)

Layer: layer17_ffn_down (Type: fully_connected)
  Weight 0 (Name: layer17_ffn_down:weight, Dim: 3145728): -0.081543 -0.096680 0.114258 -0.066406 -0.034912 0.001404 0.056152 0.005829 0.008911 -0.015320 ... -0.000376 -0.010925 0.000515 -0.007935 0.021484 0.018921 0.017212 -0.006042 -0.011292 0.020386 
  Weight 1 (Name: layer17_ffn_down:loraA, Dim: 24576): 0.016357 -0.007141 -0.009827 0.006866 0.011536 -0.001030 0.011963 0.011841 0.008423 -0.009094 ... -0.001839 -0.004974 0.002899 -0.033691 0.003784 0.021606 0.007324 0.046387 0.020264 0.018066 
  Weight 2 (Name: layer17_ffn_down:loraB, Dim: 8192): 0.002518 -0.006805 -0.013245 -0.001320 -0.018921 0.001907 -0.003296 0.009583 -0.022095 0.014954 ... 0.002335 -0.052734 0.005951 -0.032715 0.013123 -0.018677 0.000698 -0.013428 -0.001091 -0.000828 

Layer: layer17_decoder_output (Type: addition)

Layer: layer17_decoder_output/generated_out_0 (Type: multiout)

Layer: layer18_attention_norm (Type: rms_norm)
  Weight 0 (Name: layer18_attention_norm:gamma, Dim: 1024): -0.000357 -0.001404 0.006714 -0.000467 0.002396 0.004456 -0.022949 0.017456 0.003418 0.011780 ... 0.005127 -0.004456 -0.009583 -0.003754 0.011169 -0.050781 0.006866 -0.012146 -0.005920 0.013611 

Layer: layer18_attention_norm/generated_out_0 (Type: multiout)

Layer: layer18_wq (Type: fully_connected)
  Weight 0 (Name: layer18_wq:weight, Dim: 2097152): 0.009644 0.019043 0.004700 0.008362 0.005341 -0.001030 -0.000607 0.002411 0.005096 0.006378 ... -0.021973 -0.043945 0.043213 -0.016357 0.003891 0.004913 0.008728 -0.003784 -0.002304 0.010681 
  Weight 1 (Name: layer18_wq:loraA, Dim: 8192): 0.013062 -0.005005 -0.017212 -0.018311 0.012329 -0.019409 0.022461 0.007599 -0.026611 -0.007050 ... -0.016724 -0.020142 -0.015198 0.037842 -0.006897 0.017944 -0.033447 -0.005249 0.013428 0.014587 
  Weight 2 (Name: layer18_wq:loraB, Dim: 16384): -0.001877 0.002640 -0.011230 -0.018311 -0.014832 0.028442 -0.018677 0.000694 -0.027100 -0.010803 ... 0.021606 -0.016968 0.101074 0.028076 -0.021118 0.017578 0.015625 -0.059570 0.034180 -0.033691 

Layer: layer18_q_norm (Type: reshaped_rms_norm)
  Weight 0 (Name: layer18_q_norm:gamma, Dim: 128): -0.011292 -0.009766 0.030029 0.000786 -0.021362 -0.047363 0.021606 0.006500 0.013000 -0.016479 ... -0.012573 -0.052979 0.011230 -0.007599 0.011597 0.034180 0.016113 0.005859 0.042725 0.031006 

Layer: layer18_wk (Type: fully_connected)
  Weight 0 (Name: layer18_wk:weight, Dim: 1048576): 0.022827 -0.002563 0.008545 0.009827 0.009338 0.001656 0.030518 0.029907 -0.048584 -0.028320 ... -0.016235 0.005188 -0.044678 0.005859 0.030762 0.026978 0.033691 -0.009155 0.009949 0.021118 
  Weight 1 (Name: layer18_wk:loraA, Dim: 8192): 0.004456 0.030396 0.016724 -0.013733 0.036865 0.005646 0.056152 0.011902 0.013123 -0.009521 ... -0.046875 -0.041260 0.012695 0.036865 0.014709 -0.013672 -0.007416 -0.006439 0.007721 -0.008179 
  Weight 2 (Name: layer18_wk:loraB, Dim: 8192): 0.048828 0.013855 -0.060791 -0.043457 -0.012390 -0.020142 -0.011047 -0.038818 -0.019653 0.015015 ... 0.006439 0.022339 -0.017456 -0.004272 0.007812 0.010681 -0.007538 0.004517 -0.020874 -0.028687 

Layer: layer18_k_norm (Type: reshaped_rms_norm)
  Weight 0 (Name: layer18_k_norm:gamma, Dim: 128): -0.010986 0.022583 0.004120 -0.002930 0.005890 0.000444 -0.037109 -0.000881 -0.003769 0.006683 ... 0.001373 -0.020264 -0.006104 -0.014099 -0.000957 0.010254 -0.007507 0.010864 -0.013733 0.006287 

Layer: layer18_wv (Type: fully_connected)
  Weight 0 (Name: layer18_wv:weight, Dim: 1048576): -0.009399 -0.000534 -0.005463 0.004822 0.016968 -0.024658 0.004974 -0.012573 -0.032227 -0.001564 ... -0.032227 -0.005432 0.035645 -0.016968 0.014709 0.029297 0.020264 -0.013855 0.011780 -0.020508 
  Weight 1 (Name: layer18_wv:loraA, Dim: 8192): 0.033691 0.054688 -0.086914 0.026611 0.031982 -0.059570 -0.022217 0.001572 -0.021118 0.019165 ... -0.017456 -0.010620 0.001900 -0.018799 0.032715 0.006744 -0.019165 -0.005402 -0.021851 -0.036621 
  Weight 2 (Name: layer18_wv:loraB, Dim: 8192): 0.004120 -0.003967 -0.049072 0.002716 0.004700 -0.013428 -0.017334 -0.045654 0.026489 -0.014160 ... -0.013733 -0.021240 -0.002670 0.082031 -0.026367 -0.031006 -0.039062 -0.029663 -0.035645 0.016357 

Layer: layer18_attention (Type: mha_core)

Layer: layer18_attention_out (Type: fully_connected)
  Weight 0 (Name: layer18_attention_out:weight, Dim: 2097152): 0.024658 -0.011292 -0.021851 0.004730 0.027222 0.005493 0.049561 0.007141 -0.034912 0.031982 ... 0.051514 -0.020874 -0.045166 0.043457 -0.018555 0.014282 -0.051514 0.061035 -0.037354 0.010254 
  Weight 1 (Name: layer18_attention_out:loraA, Dim: 16384): -0.161133 -0.080566 -0.014099 0.008118 -0.002090 -0.051514 -0.058594 -0.001671 0.030884 0.020508 ... -0.039551 0.052490 -0.004486 -0.001999 0.047607 -0.010010 -0.071777 0.051758 0.028564 0.066895 
  Weight 2 (Name: layer18_attention_out:loraB, Dim: 8192): -0.010742 0.097168 -0.004211 -0.046631 0.097168 0.011597 -0.002609 0.018921 0.014587 -0.016479 ... 0.011414 -0.089844 -0.015991 -0.068359 -0.065918 0.028931 -0.051025 -0.008850 0.022461 0.045898 

Layer: layer18_decoder_add (Type: addition)

Layer: layer18_decoder_add/generated_out_0 (Type: multiout)

Layer: layer18_ffn_norm (Type: rms_norm)
  Weight 0 (Name: layer18_ffn_norm:gamma, Dim: 1024): 0.017212 0.034668 -0.000237 0.004425 0.056885 0.047607 -0.014648 -0.045410 -0.006775 0.009521 ... -0.017456 0.025269 -0.060547 0.043457 -0.001778 -0.004181 0.005066 -0.026733 -0.017334 -0.022827 

Layer: layer18_ffn_norm/generated_out_0 (Type: multiout)

Layer: layer18_ffn_up (Type: fully_connected)
  Weight 0 (Name: layer18_ffn_up:weight, Dim: 3145728): -0.035645 0.015503 -0.011841 -0.013123 0.003769 0.010559 -0.061523 -0.019043 0.077148 -0.050293 ... 0.022217 0.001106 -0.022461 0.013306 -0.012939 0.030273 0.015747 -0.033691 0.049561 -0.028931 
  Weight 1 (Name: layer18_ffn_up:loraA, Dim: 8192): -0.037598 0.019409 0.006958 -0.000053 0.034912 -0.048340 -0.000188 0.014038 0.049805 -0.022949 ... -0.000113 -0.046631 -0.024780 -0.016479 0.011414 -0.016968 0.007324 0.024536 -0.035645 -0.019897 
  Weight 2 (Name: layer18_ffn_up:loraB, Dim: 24576): -0.051025 -0.014954 -0.020142 -0.013000 0.001999 0.014404 0.016357 -0.007446 0.026367 0.015869 ... -0.035889 -0.026855 -0.028931 -0.007599 0.034668 0.008911 -0.014221 0.044678 -0.004120 0.095703 

Layer: layer18_ffn_gate (Type: fully_connected)
  Weight 0 (Name: layer18_ffn_gate:weight, Dim: 3145728): -0.000460 0.012512 0.045654 0.001526 0.000164 -0.009277 -0.004089 0.041748 -0.022095 -0.035645 ... 0.026367 0.033447 -0.001297 -0.026001 -0.044189 -0.010742 -0.004272 -0.002014 0.007996 -0.009705 
  Weight 1 (Name: layer18_ffn_gate:loraA, Dim: 8192): -0.004608 0.008423 -0.003220 0.048828 -0.002609 -0.030151 -0.008667 -0.014099 0.005066 -0.016357 ... 0.026245 0.033691 -0.027710 0.044434 0.005066 -0.013611 0.001373 0.013123 0.013916 0.013489 
  Weight 2 (Name: layer18_ffn_gate:loraB, Dim: 24576): 0.019043 -0.052490 0.038330 -0.015564 0.000115 -0.056641 0.015259 -0.031494 0.001251 0.001640 ... -0.008301 0.015564 -0.006317 0.019043 0.037598 -0.021851 -0.002838 -0.017212 -0.007294 0.010071 

Layer: layer18_ffn_swiglu (Type: swiglu)

Layer: layer18_ffn_down (Type: fully_connected)
  Weight 0 (Name: layer18_ffn_down:weight, Dim: 3145728): -0.000595 -0.003937 -0.004852 0.052734 -0.003891 -0.016846 -0.022217 -0.023560 0.002975 0.028076 ... -0.006500 -0.007172 -0.089355 0.024048 0.003937 0.008423 -0.025146 -0.006012 -0.005707 0.023071 
  Weight 1 (Name: layer18_ffn_down:loraA, Dim: 24576): 0.002625 -0.002151 -0.104980 0.009094 -0.004395 -0.022461 0.014587 -0.054932 -0.046875 0.006165 ... -0.000243 -0.018677 0.088379 -0.007690 -0.019287 0.017944 0.027466 -0.005554 -0.011169 0.010620 
  Weight 2 (Name: layer18_ffn_down:loraB, Dim: 8192): 0.009216 -0.001114 -0.074707 -0.012329 -0.005676 -0.125000 -0.003052 0.030640 0.006531 -0.014893 ... -0.010132 -0.000771 -0.141602 -0.015442 0.008972 -0.014099 -0.030518 0.027222 0.013184 0.046387 

Layer: layer18_decoder_output (Type: addition)

Layer: layer18_decoder_output/generated_out_0 (Type: multiout)

Layer: layer19_attention_norm (Type: rms_norm)
  Weight 0 (Name: layer19_attention_norm:gamma, Dim: 1024): 0.003860 0.001106 -0.130859 -0.004852 -0.041016 0.177734 -0.015320 0.077148 -0.042480 -0.023315 ... -0.003616 -0.004181 0.061768 0.028442 -0.039795 0.013000 -0.019653 0.049072 -0.005737 0.025024 

Layer: layer19_attention_norm/generated_out_0 (Type: multiout)

Layer: layer19_wq (Type: fully_connected)
  Weight 0 (Name: layer19_wq:weight, Dim: 2097152): 0.010559 -0.008240 0.130859 -0.005676 0.022583 -0.144531 -0.026367 0.005493 0.008667 -0.009277 ... -0.022339 0.002243 -0.042969 -0.002274 -0.000938 0.039307 0.047119 -0.063477 0.003418 -0.016724 
  Weight 1 (Name: layer19_wq:loraA, Dim: 8192): 0.004852 -0.038574 0.042969 0.019775 0.010620 -0.015503 0.019775 0.014832 0.012573 -0.003891 ... -0.011108 -0.033203 -0.026489 0.024170 0.002960 0.048340 -0.015442 0.014771 -0.022095 -0.025757 
  Weight 2 (Name: layer19_wq:loraB, Dim: 16384): -0.055420 -0.027466 -0.083496 0.031128 -0.023315 -0.038818 -0.016113 0.053955 -0.014771 0.027710 ... -0.008362 -0.001312 -0.008301 -0.006439 -0.015320 -0.015259 -0.023438 -0.016724 0.017456 -0.015442 

Layer: layer19_q_norm (Type: reshaped_rms_norm)
  Weight 0 (Name: layer19_q_norm:gamma, Dim: 128): -0.028809 0.026611 -0.037354 -0.025391 -0.014160 -0.020508 -0.005829 0.001831 -0.011169 -0.020142 ... -0.007111 -0.002594 -0.007812 0.015625 0.004852 -0.003876 0.020630 -0.000782 0.009338 -0.007294 

Layer: layer19_wk (Type: fully_connected)
  Weight 0 (Name: layer19_wk:weight, Dim: 1048576): 0.015625 -0.037109 0.012207 -0.030273 -0.009644 -0.018921 0.012634 -0.022827 0.021240 -0.040039 ... 0.041016 0.054932 0.017822 0.019165 0.023682 0.041016 0.011414 0.009216 0.088379 0.049072 
  Weight 1 (Name: layer19_wk:loraA, Dim: 8192): 0.028564 -0.021362 0.034424 -0.029663 -0.017212 0.046143 0.015564 -0.012268 -0.046143 -0.025024 ... 0.018188 0.022949 -0.017944 -0.065430 -0.049561 -0.008362 0.015137 0.002029 -0.026123 -0.028320 
  Weight 2 (Name: layer19_wk:loraB, Dim: 8192): -0.048584 0.002792 0.006287 -0.040527 -0.016235 -0.012268 0.013306 0.018188 0.001320 -0.013611 ... -0.042236 0.018188 -0.059570 0.004730 -0.009583 -0.011292 0.013000 -0.032227 0.015747 -0.000889 

Layer: layer19_k_norm (Type: reshaped_rms_norm)
  Weight 0 (Name: layer19_k_norm:gamma, Dim: 128): -0.003998 0.032959 -0.012878 0.028564 -0.027100 -0.018433 0.020264 -0.003311 0.034424 -0.002319 ... 0.010559 -0.008911 0.015137 0.033936 0.029175 -0.021729 0.026367 -0.026123 -0.008789 0.033936 

Layer: layer19_wv (Type: fully_connected)
  Weight 0 (Name: layer19_wv:weight, Dim: 1048576): -0.010681 -0.006805 -0.028442 0.039795 0.018066 0.031982 -0.020874 -0.051270 0.028442 -0.037598 ... 0.006287 0.000908 0.036865 0.015869 -0.029907 0.012146 -0.029175 -0.001389 -0.025269 -0.013672 
  Weight 1 (Name: layer19_wv:loraA, Dim: 8192): 0.053223 -0.015259 0.039307 -0.031982 -0.011108 -0.032959 0.000088 -0.029663 0.009155 -0.003769 ... -0.000020 0.010254 0.030029 -0.010071 -0.026001 -0.001686 -0.024902 0.021851 0.022217 0.007782 
  Weight 2 (Name: layer19_wv:loraB, Dim: 8192): 0.008179 -0.044678 0.007111 -0.037109 0.018066 0.015198 -0.036865 -0.020020 -0.048584 0.007294 ... -0.026245 -0.001167 0.027222 0.010437 -0.032959 0.009338 -0.057617 0.008972 0.013611 -0.032715 

Layer: layer19_attention (Type: mha_core)

Layer: layer19_attention_out (Type: fully_connected)
  Weight 0 (Name: layer19_attention_out:weight, Dim: 2097152): -0.056641 0.027344 -0.022583 0.011292 0.022949 -0.008667 0.025391 0.009277 0.019043 -0.038330 ... -0.080078 0.053467 -0.072754 -0.000565 -0.012817 -0.051758 0.026733 0.012817 -0.103027 -0.040527 
  Weight 1 (Name: layer19_attention_out:loraA, Dim: 16384): -0.012573 -0.003708 0.014160 -0.000759 -0.005829 -0.031982 0.001434 -0.023438 0.017334 0.025635 ... 0.038818 -0.032959 -0.020020 0.006927 0.001480 -0.107910 -0.009888 0.002121 0.007996 0.009216 
  Weight 2 (Name: layer19_attention_out:loraB, Dim: 8192): -0.048828 -0.090820 -0.012146 -0.018799 0.006866 -0.012878 -0.090820 -0.014343 -0.022095 0.024048 ... -0.059570 0.004150 0.028442 0.007416 0.011719 0.071289 -0.103516 -0.035400 -0.027832 -0.001762 

Layer: layer19_decoder_add (Type: addition)

Layer: layer19_decoder_add/generated_out_0 (Type: multiout)

Layer: layer19_ffn_norm (Type: rms_norm)
  Weight 0 (Name: layer19_ffn_norm:gamma, Dim: 1024): 0.015991 0.015381 0.009766 0.029419 0.005585 0.024414 -0.002792 0.017822 0.051270 -0.014771 ... -0.001114 0.004578 0.006470 0.000835 -0.033691 -0.036377 0.002472 -0.005432 -0.026489 -0.004608 

Layer: layer19_ffn_norm/generated_out_0 (Type: multiout)

Layer: layer19_ffn_up (Type: fully_connected)
  Weight 0 (Name: layer19_ffn_up:weight, Dim: 3145728): 0.025269 0.035156 0.003540 -0.013611 -0.000012 -0.022949 0.038574 -0.010559 0.002106 -0.035889 ... 0.067383 -0.005035 0.024536 0.031128 -0.024780 0.011169 -0.027466 -0.054932 -0.013916 0.048828 
  Weight 1 (Name: layer19_ffn_up:loraA, Dim: 8192): 0.014771 -0.020508 -0.062988 0.010315 -0.019409 -0.005280 0.055176 -0.000607 0.034912 -0.011841 ... 0.034668 0.033691 -0.011292 -0.039795 0.003342 -0.029541 0.049316 -0.015076 -0.004364 0.008911 
  Weight 2 (Name: layer19_ffn_up:loraB, Dim: 24576): 0.031128 0.036621 -0.029297 -0.011169 -0.011353 0.050781 -0.031494 -0.031494 -0.004303 0.068848 ... -0.009460 -0.015747 0.015259 -0.010376 -0.053711 -0.020142 -0.036133 0.026733 -0.006439 -0.026001 

Layer: layer19_ffn_gate (Type: fully_connected)
  Weight 0 (Name: layer19_ffn_gate:weight, Dim: 3145728): 0.029053 -0.008728 -0.076172 -0.039062 0.047852 -0.008972 0.017822 -0.032227 -0.005310 0.007935 ... 0.009460 -0.038818 -0.003677 -0.026367 -0.013489 -0.004364 -0.019287 -0.018799 -0.000213 0.030151 
  Weight 1 (Name: layer19_ffn_gate:loraA, Dim: 8192): 0.012024 -0.010620 -0.011597 0.041260 -0.009644 0.000045 -0.016968 0.003571 -0.006378 0.009949 ... -0.027832 0.030762 0.021118 0.009705 -0.001709 0.008972 0.004913 0.002762 -0.032715 0.007935 
  Weight 2 (Name: layer19_ffn_gate:loraB, Dim: 24576): -0.013794 0.012756 0.055420 -0.029785 0.004181 -0.007812 0.005646 0.004120 0.009583 0.006042 ... 0.007416 0.026245 0.016357 -0.007141 0.018311 0.011841 0.019165 0.048828 0.018677 -0.023438 

Layer: layer19_ffn_swiglu (Type: swiglu)

Layer: layer19_ffn_down (Type: fully_connected)
  Weight 0 (Name: layer19_ffn_down:weight, Dim: 3145728): -0.008484 0.004303 0.096191 -0.025146 -0.019165 -0.013794 0.007385 0.004547 -0.006378 -0.005005 ... -0.002243 0.038574 0.014038 -0.021606 -0.029419 0.004517 0.011108 -0.010986 -0.009705 0.022705 
  Weight 1 (Name: layer19_ffn_down:loraA, Dim: 24576): -0.001213 -0.006653 0.000969 -0.006195 -0.100098 -0.001816 0.010193 -0.027710 0.024414 0.003906 ... 0.015198 -0.020996 -0.016357 0.008240 -0.027710 -0.021973 0.016846 0.010254 0.016602 0.020386 
  Weight 2 (Name: layer19_ffn_down:loraB, Dim: 8192): -0.000885 0.035889 0.000690 -0.005310 0.004242 0.002945 0.065918 -0.019165 0.045410 0.007355 ... 0.015503 0.043701 -0.000443 -0.035645 0.031250 -0.010193 -0.018433 0.010498 0.008850 0.019531 

Layer: layer19_decoder_output (Type: addition)

Layer: layer19_decoder_output/generated_out_0 (Type: multiout)

Layer: layer20_attention_norm (Type: rms_norm)
  Weight 0 (Name: layer20_attention_norm:gamma, Dim: 1024): -0.008362 -0.016846 0.003448 -0.000576 -0.022217 -0.026001 0.017700 -0.045654 -0.008362 -0.000343 ... 0.000908 -0.039062 -0.024902 0.005890 0.042969 0.020996 0.007751 -0.059082 -0.013611 -0.040771 

Layer: layer20_attention_norm/generated_out_0 (Type: multiout)

Layer: layer20_wq (Type: fully_connected)
  Weight 0 (Name: layer20_wq:weight, Dim: 2097152): -0.010254 0.011108 0.008362 0.021729 0.034180 0.009338 0.017212 -0.033936 -0.021118 0.016968 ... -0.000196 0.012695 0.061523 -0.015442 -0.002075 0.027710 0.007111 -0.009766 -0.032471 -0.018921 
  Weight 1 (Name: layer20_wq:loraA, Dim: 8192): 0.052002 -0.013428 -0.028687 0.021851 0.026733 -0.011536 -0.034180 0.037842 0.036621 0.036377 ... -0.005676 0.006470 -0.021606 0.023804 -0.002762 -0.024536 0.070801 -0.033936 -0.028931 -0.002319 
  Weight 2 (Name: layer20_wq:loraB, Dim: 16384): -0.014954 -0.021118 -0.013672 0.055664 0.040771 -0.020508 -0.002274 -0.021240 -0.022461 -0.012390 ... -0.038818 -0.023071 -0.019287 -0.006805 -0.018066 0.010254 -0.003967 -0.049316 0.015625 0.023804 

Layer: layer20_q_norm (Type: reshaped_rms_norm)
  Weight 0 (Name: layer20_q_norm:gamma, Dim: 128): 0.001839 0.008179 -0.020264 0.084961 -0.019775 0.039062 0.000040 -0.018555 -0.046875 0.010864 ... -0.003342 -0.037842 -0.028809 0.020020 0.049561 0.009949 -0.012695 0.015137 -0.027100 0.010864 

Layer: layer20_wk (Type: fully_connected)
  Weight 0 (Name: layer20_wk:weight, Dim: 1048576): -0.045410 0.014709 -0.008057 -0.026611 0.004059 -0.016602 -0.008972 -0.007263 -0.016357 0.015503 ... -0.013916 -0.018188 -0.002472 -0.034668 -0.007599 -0.018066 0.013733 -0.003464 -0.009033 -0.030884 
  Weight 1 (Name: layer20_wk:loraA, Dim: 8192): 0.009705 0.044189 -0.012329 0.035645 -0.000984 -0.003998 -0.020874 0.056152 0.041748 -0.016479 ... 0.026245 -0.027100 0.003250 -0.001297 -0.007019 0.012329 0.042725 0.035400 0.021240 0.028931 
  Weight 2 (Name: layer20_wk:loraB, Dim: 8192): -0.022461 -0.007629 0.055176 -0.036621 0.081055 0.011353 -0.010925 -0.015625 0.046875 0.057617 ... -0.027954 0.027344 -0.008850 -0.036377 -0.040039 0.032471 -0.013306 0.023804 0.022095 -0.003891 

Layer: layer20_k_norm (Type: reshaped_rms_norm)
  Weight 0 (Name: layer20_k_norm:gamma, Dim: 128): -0.039795 0.029419 0.013123 0.027588 0.046875 0.008789 -0.009583 0.005035 -0.002853 0.040771 ... -0.003555 -0.026367 0.038086 -0.013489 -0.070312 0.007996 -0.004364 -0.053467 0.003189 0.026855 

Layer: layer20_wv (Type: fully_connected)
  Weight 0 (Name: layer20_wv:weight, Dim: 1048576): -0.038086 -0.024170 -0.012024 -0.023438 0.001900 0.027588 0.061523 -0.042236 -0.031494 0.025757 ... -0.023926 0.020142 -0.000299 0.006012 -0.010864 -0.019897 -0.022827 0.013855 0.015564 -0.015869 
  Weight 1 (Name: layer20_wv:loraA, Dim: 8192): 0.014465 0.011536 -0.029907 0.016724 -0.023682 -0.006622 -0.003510 -0.016479 0.017334 0.009216 ... -0.028564 0.022705 -0.005951 -0.063477 -0.002274 -0.006042 0.018921 -0.010742 -0.007385 -0.032715 
  Weight 2 (Name: layer20_wv:loraB, Dim: 8192): 0.058105 -0.010254 0.014038 0.052490 0.061523 -0.015869 0.002991 -0.033691 0.020386 -0.033447 ... 0.018555 -0.004456 0.031982 -0.016846 0.018555 -0.009705 -0.009644 0.007385 0.072754 -0.007172 

Layer: layer20_attention (Type: mha_core)

Layer: layer20_attention_out (Type: fully_connected)
  Weight 0 (Name: layer20_attention_out:weight, Dim: 2097152): -0.016724 0.034180 0.052002 -0.011353 0.013000 -0.006653 -0.007721 -0.009155 0.061035 0.019775 ... 0.024536 -0.025146 0.038086 -0.034424 -0.039062 0.029541 0.016602 0.038818 -0.007751 0.046875 
  Weight 1 (Name: layer20_attention_out:loraA, Dim: 16384): -0.029419 0.024536 0.031738 0.007690 0.007111 -0.036865 -0.001106 0.013855 0.015625 -0.002991 ... 0.009521 0.061035 0.033203 0.027710 -0.037598 -0.058594 0.016724 0.077637 0.001396 0.029053 
  Weight 2 (Name: layer20_attention_out:loraB, Dim: 8192): -0.014709 0.052246 0.045898 0.024170 0.017334 0.000246 0.014893 0.031006 0.130859 0.019897 ... 0.003448 0.021606 -0.013733 -0.031250 0.024048 0.013672 0.047363 -0.000736 -0.044678 0.041992 

Layer: layer20_decoder_add (Type: addition)

Layer: layer20_decoder_add/generated_out_0 (Type: multiout)

Layer: layer20_ffn_norm (Type: rms_norm)
  Weight 0 (Name: layer20_ffn_norm:gamma, Dim: 1024): -0.015747 0.063965 0.035889 0.023560 0.013855 -0.033203 -0.018555 0.075195 0.014709 0.013733 ... 0.004608 -0.035400 -0.016846 0.028564 0.019653 -0.057861 -0.010315 -0.031128 -0.001526 0.012512 

Layer: layer20_ffn_norm/generated_out_0 (Type: multiout)

Layer: layer20_ffn_up (Type: fully_connected)
  Weight 0 (Name: layer20_ffn_up:weight, Dim: 3145728): 0.010315 0.030273 -0.001251 -0.006104 0.041992 0.026611 -0.007629 0.015991 0.145508 -0.022217 ... -0.035889 0.020508 -0.030396 0.003296 -0.036865 0.005493 0.025635 0.003113 -0.001030 -0.008484 
  Weight 1 (Name: layer20_ffn_up:loraA, Dim: 8192): 0.015747 0.022705 0.003555 0.083008 0.016235 -0.031494 -0.027466 0.016479 0.044189 0.005005 ... -0.035400 -0.039062 -0.045654 -0.014038 -0.003693 0.006531 -0.025635 0.050049 -0.002930 -0.017212 
  Weight 2 (Name: layer20_ffn_up:loraB, Dim: 24576): 0.009644 0.026855 -0.043213 0.010376 0.000136 -0.034180 -0.011780 -0.034668 -0.024414 -0.047363 ... 0.070801 0.017578 -0.056885 0.031006 -0.026245 -0.010010 0.024170 -0.020264 -0.026123 0.000284 

Layer: layer20_ffn_gate (Type: fully_connected)
  Weight 0 (Name: layer20_ffn_gate:weight, Dim: 3145728): 0.008850 -0.023438 -0.043213 -0.001205 0.035645 -0.031738 0.029541 -0.000694 -0.016724 -0.010437 ... -0.006989 -0.003906 0.008301 -0.009888 -0.005676 0.009399 0.011719 -0.006104 -0.001495 0.000999 
  Weight 1 (Name: layer20_ffn_gate:loraA, Dim: 8192): 0.002518 -0.016235 0.016357 0.014587 0.028931 -0.017090 0.014343 0.000397 0.009949 -0.002380 ... 0.006744 0.049561 -0.003433 -0.039307 0.013794 -0.047363 0.039062 0.024658 -0.016602 0.008240 
  Weight 2 (Name: layer20_ffn_gate:loraB, Dim: 24576): -0.004761 0.020752 0.005829 -0.057129 -0.000172 -0.023438 -0.025391 -0.047852 -0.030884 -0.025513 ... -0.030762 0.016357 -0.013367 0.008850 -0.001122 0.003189 0.026489 -0.018555 -0.002655 -0.020874 

Layer: layer20_ffn_swiglu (Type: swiglu)

Layer: layer20_ffn_down (Type: fully_connected)
  Weight 0 (Name: layer20_ffn_down:weight, Dim: 3145728): -0.010071 -0.022827 -0.058594 0.083984 0.018921 -0.052246 -0.046143 0.057861 0.027832 -0.008240 ... -0.042236 -0.007935 -0.001259 -0.007324 -0.008728 -0.013062 -0.008972 0.013855 0.000148 0.004303 
  Weight 1 (Name: layer20_ffn_down:loraA, Dim: 24576): 0.046631 -0.006226 -0.007446 -0.019653 0.023804 -0.025513 -0.011292 -0.002136 0.021362 -0.010071 ... 0.006653 0.003098 -0.018066 -0.013306 0.007263 0.030151 0.001717 0.012024 -0.067383 -0.001823 
  Weight 2 (Name: layer20_ffn_down:loraB, Dim: 8192): 0.130859 0.008728 -0.006409 -0.134766 -0.006561 -0.001968 0.004303 0.036621 -0.026245 0.014771 ... 0.004761 -0.024780 0.004303 -0.007446 0.013184 -0.015320 0.000538 0.007690 0.000732 -0.015991 

Layer: layer20_decoder_output (Type: addition)

Layer: layer20_decoder_output/generated_out_0 (Type: multiout)

Layer: layer21_attention_norm (Type: rms_norm)
  Weight 0 (Name: layer21_attention_norm:gamma, Dim: 1024): 0.015442 0.032959 0.001289 -0.009949 0.014526 0.005463 0.001823 0.027588 -0.004669 -0.007202 ... 0.003998 0.006134 -0.006317 -0.023804 0.002533 0.049561 -0.009827 -0.002899 0.016235 0.012024 

Layer: layer21_attention_norm/generated_out_0 (Type: multiout)

Layer: layer21_wq (Type: fully_connected)
  Weight 0 (Name: layer21_wq:weight, Dim: 2097152): -0.002106 -0.012817 -0.004547 0.012329 0.009949 0.012146 -0.002335 0.000523 0.007385 0.010193 ... 0.017578 0.002625 0.024292 -0.050049 -0.041016 0.000425 -0.042725 0.025269 -0.041504 0.002655 
  Weight 1 (Name: layer21_wq:loraA, Dim: 8192): -0.032227 0.014038 0.011841 0.018799 0.018921 -0.026489 -0.050537 0.052734 0.015747 -0.002060 ... -0.022827 -0.022705 0.029907 -0.002563 -0.016724 -0.007935 0.026733 -0.009155 0.001770 -0.012634 
  Weight 2 (Name: layer21_wq:loraB, Dim: 16384): -0.040527 0.014343 0.013855 0.004883 -0.003860 0.015625 -0.003876 -0.012756 0.005707 -0.026611 ... -0.030640 0.003174 -0.013428 -0.006226 0.013733 -0.012512 0.020874 0.029419 -0.025269 -0.015991 

Layer: layer21_q_norm (Type: reshaped_rms_norm)
  Weight 0 (Name: layer21_q_norm:gamma, Dim: 128): -0.017700 -0.011658 -0.001068 -0.026855 0.052002 0.032471 0.003662 -0.009460 -0.012878 -0.017334 ... 0.013672 0.026978 -0.002213 -0.018555 -0.010132 -0.006836 -0.050049 0.016113 -0.063477 0.006439 

Layer: layer21_wk (Type: fully_connected)
  Weight 0 (Name: layer21_wk:weight, Dim: 1048576): -0.000801 -0.030762 0.041992 0.022217 -0.004242 0.004425 0.026733 -0.019043 -0.027954 0.012085 ... -0.028564 0.054443 0.029053 0.008057 -0.023560 0.014465 0.029419 0.044922 0.007111 0.014587 
  Weight 1 (Name: layer21_wk:loraA, Dim: 8192): 0.036377 0.013306 -0.025024 -0.017090 -0.009521 -0.079590 0.008423 0.037842 0.020874 0.006378 ... 0.032715 -0.013062 -0.016846 -0.043213 -0.005859 -0.044434 0.018311 0.023193 -0.024536 0.016846 
  Weight 2 (Name: layer21_wk:loraB, Dim: 8192): -0.009705 0.002975 0.029663 0.064453 0.026855 0.019043 -0.052979 -0.015137 0.011597 0.005432 ... -0.036621 -0.010803 0.015747 -0.015503 0.024170 0.003220 -0.012146 0.026245 0.001053 0.007782 

Layer: layer21_k_norm (Type: reshaped_rms_norm)
  Weight 0 (Name: layer21_k_norm:gamma, Dim: 128): -0.019165 -0.006409 0.020264 -0.044678 -0.019897 -0.002731 -0.016357 0.045410 0.019287 -0.037109 ... -0.019531 -0.039795 -0.023560 -0.035889 0.007812 0.007751 0.016724 -0.049561 0.015137 0.058594 

Layer: layer21_wv (Type: fully_connected)
  Weight 0 (Name: layer21_wv:weight, Dim: 1048576): -0.010620 -0.000813 0.006317 0.027466 -0.009583 -0.015747 0.007751 0.011658 0.005920 -0.014709 ... -0.014893 0.062256 0.017456 -0.019165 -0.011658 0.000362 0.020752 0.017578 0.067383 -0.009033 
  Weight 1 (Name: layer21_wv:loraA, Dim: 8192): -0.030151 0.016724 -0.005280 -0.004974 0.049561 0.041016 -0.026733 -0.042480 0.057861 -0.016602 ... 0.020630 0.009949 0.030151 0.031982 0.008362 -0.009521 -0.020630 -0.069336 -0.025757 0.013306 
  Weight 2 (Name: layer21_wv:loraB, Dim: 8192): -0.065918 -0.042725 -0.048340 -0.040771 0.001228 0.009827 -0.012207 0.021606 0.007568 0.031250 ... -0.025513 0.044922 0.010925 0.053711 0.047607 0.001862 0.036865 0.009827 0.005402 0.029297 

Layer: layer21_attention (Type: mha_core)

Layer: layer21_attention_out (Type: fully_connected)
  Weight 0 (Name: layer21_attention_out:weight, Dim: 2097152): -0.012390 0.029175 -0.012878 -0.019043 -0.009033 0.018799 -0.017090 -0.018433 0.011841 -0.013184 ... 0.004028 -0.018433 -0.040527 0.057861 -0.013428 -0.050781 0.005829 0.010315 -0.060303 -0.008240 
  Weight 1 (Name: layer21_attention_out:loraA, Dim: 16384): -0.042480 0.041992 0.003799 -0.035645 -0.017944 0.003098 -0.004211 0.014771 0.044922 0.010986 ... 0.002029 -0.018677 -0.017456 -0.058350 -0.031982 0.015564 0.008240 0.032959 0.003510 0.020508 
  Weight 2 (Name: layer21_attention_out:loraB, Dim: 8192): 0.018433 -0.052979 -0.001953 0.001930 -0.049072 0.010071 0.011414 -0.029907 0.049072 0.009766 ... 0.002411 -0.005951 -0.011353 0.031982 0.023193 -0.002701 0.012695 0.013245 -0.045166 -0.027954 

Layer: layer21_decoder_add (Type: addition)

Layer: layer21_decoder_add/generated_out_0 (Type: multiout)

Layer: layer21_ffn_norm (Type: rms_norm)
  Weight 0 (Name: layer21_ffn_norm:gamma, Dim: 1024): -0.016602 -0.052734 -0.059814 0.054443 0.003494 0.024536 -0.015198 -0.004456 -0.067871 0.015198 ... -0.011475 -0.018066 0.008057 -0.075195 0.014160 -0.025269 -0.007721 -0.020508 -0.054443 0.003113 

Layer: layer21_ffn_norm/generated_out_0 (Type: multiout)

Layer: layer21_ffn_up (Type: fully_connected)
  Weight 0 (Name: layer21_ffn_up:weight, Dim: 3145728): 0.010315 0.013977 -0.002243 0.041748 0.010071 0.036133 0.010437 -0.040771 -0.052734 0.033936 ... -0.030640 -0.028809 0.003571 -0.031738 0.007599 -0.020264 0.064941 -0.030396 0.034912 -0.013428 
  Weight 1 (Name: layer21_ffn_up:loraA, Dim: 8192): -0.056885 -0.010132 0.013367 0.042969 0.040283 0.038574 0.007538 -0.016724 0.033203 -0.045898 ... -0.030884 0.017090 0.022217 -0.010986 0.002716 -0.020874 -0.021362 0.006927 0.014771 0.036133 
  Weight 2 (Name: layer21_ffn_up:loraB, Dim: 24576): -0.006866 -0.019287 0.037598 0.004425 -0.012939 0.014221 -0.018677 0.020264 -0.029663 0.009033 ... 0.032715 0.042236 0.011414 0.038086 -0.021484 0.005707 0.004517 0.019897 0.009216 0.053955 

Layer: layer21_ffn_gate (Type: fully_connected)
  Weight 0 (Name: layer21_ffn_gate:weight, Dim: 3145728): 0.011414 -0.047852 0.056641 -0.013672 0.019897 -0.047119 0.008301 -0.031128 -0.018433 0.031982 ... -0.021240 0.003433 -0.043945 0.001648 0.011414 0.008728 0.016357 0.044922 0.034668 0.004028 
  Weight 1 (Name: layer21_ffn_gate:loraA, Dim: 8192): -0.030151 0.006897 -0.008545 0.033203 0.004242 0.018555 -0.004181 0.011230 -0.004974 0.006531 ... -0.026855 -0.014404 -0.022949 0.028931 0.013672 0.045654 0.009644 -0.040771 -0.049561 0.018677 
  Weight 2 (Name: layer21_ffn_gate:loraB, Dim: 24576): -0.006012 0.014526 0.001556 0.030273 0.013977 0.032227 0.026855 0.023438 -0.027100 0.016846 ... 0.012146 0.000843 -0.005524 0.004974 0.011963 -0.016479 -0.039307 0.006561 -0.036865 0.005005 

Layer: layer21_ffn_swiglu (Type: swiglu)

Layer: layer21_ffn_down (Type: fully_connected)
  Weight 0 (Name: layer21_ffn_down:weight, Dim: 3145728): 0.004425 -0.001610 -0.026611 -0.046875 0.014404 0.009766 0.020386 0.037842 0.001320 -0.009583 ... 0.013672 -0.006378 0.017578 -0.006744 0.033203 0.022217 0.011475 -0.032227 -0.003128 -0.002930 
  Weight 1 (Name: layer21_ffn_down:loraA, Dim: 24576): 0.020386 0.031738 -0.007690 -0.016602 -0.024780 -0.004669 -0.013123 -0.013916 0.014404 -0.013855 ... 0.000420 -0.021240 0.008362 0.015747 0.024292 -0.007416 -0.009460 -0.011353 0.017334 -0.001450 
  Weight 2 (Name: layer21_ffn_down:loraB, Dim: 8192): -0.012939 -0.009338 -0.003677 -0.013550 -0.031128 0.000965 -0.023682 -0.027588 -0.002228 0.001137 ... 0.007202 -0.002197 0.000809 -0.043701 -0.014526 -0.030884 0.009644 0.001549 0.028442 0.011169 

Layer: layer21_decoder_output (Type: addition)

Layer: layer21_decoder_output/generated_out_0 (Type: multiout)

Layer: layer22_attention_norm (Type: rms_norm)
  Weight 0 (Name: layer22_attention_norm:gamma, Dim: 1024): 0.001053 0.023071 -0.014832 0.014587 -0.002502 -0.004852 0.008362 -0.002823 -0.021973 0.001335 ... -0.006805 -0.020386 -0.022461 0.001114 -0.010925 0.001419 -0.023315 -0.003525 0.002640 -0.003510 

Layer: layer22_attention_norm/generated_out_0 (Type: multiout)

Layer: layer22_wq (Type: fully_connected)
  Weight 0 (Name: layer22_wq:weight, Dim: 2097152): 0.002365 0.003677 0.002686 -0.017700 0.003891 -0.012634 0.030640 0.024292 0.008789 0.001572 ... 0.019043 -0.024048 0.013245 0.008911 0.008911 -0.013123 0.014404 -0.024048 -0.006439 -0.018311 
  Weight 1 (Name: layer22_wq:loraA, Dim: 8192): -0.017212 0.071289 0.017578 -0.022217 -0.011230 -0.010559 0.002274 -0.000460 0.077637 -0.014038 ... 0.032471 0.032471 -0.031128 -0.039062 0.057373 -0.016357 -0.036621 0.017334 -0.004608 -0.023560 
  Weight 2 (Name: layer22_wq:loraB, Dim: 16384): 0.070312 0.000607 -0.038574 0.010864 -0.041016 0.009521 0.037842 0.023193 -0.032715 -0.002884 ... 0.001968 0.005981 -0.020752 0.018677 0.033691 0.004364 0.012207 0.007568 -0.029175 0.013245 

Layer: layer22_q_norm (Type: reshaped_rms_norm)
  Weight 0 (Name: layer22_q_norm:gamma, Dim: 128): 0.017090 -0.024414 0.002029 0.013123 -0.012695 0.006073 -0.004364 -0.003738 0.042969 0.001854 ... -0.006866 0.007446 -0.016968 0.016968 0.041992 0.018311 -0.005096 0.005524 -0.048096 0.001328 

Layer: layer22_wk (Type: fully_connected)
  Weight 0 (Name: layer22_wk:weight, Dim: 1048576): 0.022461 0.020020 -0.004608 -0.016357 0.033936 0.008362 0.045898 0.043457 0.036377 0.005096 ... 0.002914 -0.016968 0.014038 -0.029907 0.049072 -0.009583 -0.036377 -0.036133 0.033203 0.010864 
  Weight 1 (Name: layer22_wk:loraA, Dim: 8192): 0.017212 -0.022827 0.040039 -0.001289 0.005920 -0.036377 0.003159 0.004425 -0.071777 0.031494 ... 0.000305 -0.031250 0.038330 -0.033203 0.021606 0.000935 -0.020142 -0.046875 -0.012695 0.004272 
  Weight 2 (Name: layer22_wk:loraB, Dim: 8192): -0.021484 -0.007690 -0.016724 -0.020142 -0.003998 0.041748 -0.014587 0.012146 0.006195 -0.017700 ... 0.013611 -0.048828 0.014954 -0.028198 0.008362 0.003250 -0.017334 -0.039795 0.063965 -0.077148 

Layer: layer22_k_norm (Type: reshaped_rms_norm)
  Weight 0 (Name: layer22_k_norm:gamma, Dim: 128): -0.006592 0.021362 0.015137 -0.019775 -0.028931 -0.016602 0.006226 -0.013489 0.023560 -0.026855 ... -0.018311 -0.013123 0.016602 -0.045898 -0.066406 -0.039551 -0.065918 0.022461 -0.000862 -0.009644 

Layer: layer22_wv (Type: fully_connected)
  Weight 0 (Name: layer22_wv:weight, Dim: 1048576): 0.038330 -0.003769 0.017700 -0.009766 0.005280 0.002899 0.083008 -0.037354 -0.065430 0.015320 ... -0.012512 0.027100 0.012329 -0.007935 0.013123 -0.009277 -0.009094 0.013855 -0.015320 -0.038330 
  Weight 1 (Name: layer22_wv:loraA, Dim: 8192): -0.006836 -0.000088 0.015076 -0.011658 0.036621 0.009460 0.003998 0.015747 0.026611 0.008789 ... 0.032959 0.009216 -0.006287 0.017944 0.004272 0.012878 -0.031494 0.028198 0.030518 0.007812 
  Weight 2 (Name: layer22_wv:loraB, Dim: 8192): 0.011841 -0.031738 -0.010376 0.033936 0.045410 -0.014709 -0.009644 0.031494 -0.009399 -0.036377 ... -0.006561 0.006287 -0.053711 0.012268 0.002136 -0.007080 -0.029907 -0.012024 -0.036621 0.007263 

Layer: layer22_attention (Type: mha_core)

Layer: layer22_attention_out (Type: fully_connected)
  Weight 0 (Name: layer22_attention_out:weight, Dim: 2097152): 0.009827 -0.037354 0.001694 -0.001839 -0.014221 0.010254 0.043701 -0.005524 0.002350 0.017212 ... -0.034180 -0.003479 -0.030396 -0.041016 -0.013611 -0.042969 -0.018921 -0.009705 0.002380 -0.043457 
  Weight 1 (Name: layer22_attention_out:loraA, Dim: 16384): -0.017334 -0.015198 -0.040039 -0.000725 -0.017822 0.048584 -0.003159 0.010437 -0.007874 0.116699 ... 0.001167 -0.033936 0.007050 -0.031250 -0.010254 -0.030884 0.005127 0.011963 0.023560 -0.004517 
  Weight 2 (Name: layer22_attention_out:loraB, Dim: 8192): 0.059082 -0.016235 0.009338 -0.010315 0.033203 0.020508 -0.032471 0.029419 -0.005066 -0.012817 ... 0.013550 -0.011414 -0.004120 0.023438 0.014282 0.005157 0.003082 0.013611 -0.010681 -0.021118 

Layer: layer22_decoder_add (Type: addition)

Layer: layer22_decoder_add/generated_out_0 (Type: multiout)

Layer: layer22_ffn_norm (Type: rms_norm)
  Weight 0 (Name: layer22_ffn_norm:gamma, Dim: 1024): -0.026367 -0.007446 -0.002136 -0.026733 -0.006836 0.002014 0.003967 -0.007019 -0.016724 -0.078613 ... 0.029541 -0.027710 -0.078613 -0.003647 -0.004364 -0.039551 -0.019653 0.107422 0.000418 -0.020142 

Layer: layer22_ffn_norm/generated_out_0 (Type: multiout)

Layer: layer22_ffn_up (Type: fully_connected)
  Weight 0 (Name: layer22_ffn_up:weight, Dim: 3145728): 0.006836 0.050293 0.028442 0.045898 -0.021362 0.011292 0.015625 0.017456 0.041504 -0.037598 ... 0.013367 -0.015198 0.074707 -0.003799 -0.015991 -0.006866 -0.010010 0.016846 0.022461 -0.012756 
  Weight 1 (Name: layer22_ffn_up:loraA, Dim: 8192): 0.004456 0.002106 0.054443 -0.009277 0.032959 0.012817 -0.024658 -0.018799 -0.022095 -0.050781 ... -0.039062 -0.046875 0.011169 -0.014893 0.014404 -0.001251 -0.014832 0.058350 -0.006226 0.020142 
  Weight 2 (Name: layer22_ffn_up:loraB, Dim: 24576): -0.028198 0.035156 0.007324 0.057129 -0.016602 0.004211 -0.045898 0.041504 0.011719 0.042969 ... 0.072266 0.010864 0.005737 0.019653 -0.054688 0.056396 0.041504 0.020752 0.023071 -0.006531 

Layer: layer22_ffn_gate (Type: fully_connected)
  Weight 0 (Name: layer22_ffn_gate:weight, Dim: 3145728): 0.019165 -0.040527 -0.011475 -0.049072 -0.045898 -0.003296 0.020020 0.020264 -0.018433 0.025879 ... 0.007416 0.017944 0.054199 -0.005524 0.031494 0.006989 0.038574 0.006195 -0.018677 -0.011475 
  Weight 1 (Name: layer22_ffn_gate:loraA, Dim: 8192): 0.020020 0.003357 0.005646 0.005951 -0.009399 -0.004761 -0.004303 0.002274 0.006958 -0.007355 ... -0.012024 -0.046875 0.012817 0.002701 0.024292 0.020752 0.001945 0.007538 0.005341 0.029785 
  Weight 2 (Name: layer22_ffn_gate:loraB, Dim: 24576): 0.034668 -0.056641 -0.022827 -0.016479 -0.032959 -0.040771 -0.015869 0.006439 0.007690 -0.006622 ... -0.002289 -0.031128 0.000161 -0.009583 0.016479 0.018433 -0.009155 -0.007874 0.028198 0.001602 

Layer: layer22_ffn_swiglu (Type: swiglu)

Layer: layer22_ffn_down (Type: fully_connected)
  Weight 0 (Name: layer22_ffn_down:weight, Dim: 3145728): -0.003967 -0.033447 -0.001640 -0.007324 0.014709 0.011841 0.005707 0.001030 0.000847 0.017700 ... 0.010559 0.024658 -0.002487 0.003738 -0.016602 0.023438 0.014160 -0.005737 0.009033 0.020264 
  Weight 1 (Name: layer22_ffn_down:loraA, Dim: 24576): 0.014221 0.005402 -0.002640 -0.008850 0.057617 -0.006012 -0.015991 0.009460 0.007080 0.016602 ... -0.005005 -0.012451 -0.002182 -0.010010 0.021362 -0.015747 0.017212 -0.032227 0.003036 0.007263 
  Weight 2 (Name: layer22_ffn_down:loraB, Dim: 8192): 0.003723 -0.017700 -0.015198 0.007507 0.020020 0.003571 -0.021484 -0.032227 -0.015869 -0.006317 ... 0.012939 -0.016113 0.010071 -0.006805 0.008667 -0.017334 -0.024292 -0.001968 0.013550 -0.032715 

Layer: layer22_decoder_output (Type: addition)

Layer: layer22_decoder_output/generated_out_0 (Type: multiout)

Layer: layer23_attention_norm (Type: rms_norm)
  Weight 0 (Name: layer23_attention_norm:gamma, Dim: 1024): 0.001801 0.002792 0.009766 0.017212 -0.013367 -0.003906 0.039551 0.005951 0.022461 0.005219 ... -0.012329 -0.025024 -0.006042 0.007385 0.002625 0.014893 0.006317 0.002625 0.002701 0.001617 

Layer: layer23_attention_norm/generated_out_0 (Type: multiout)

Layer: layer23_wq (Type: fully_connected)
  Weight 0 (Name: layer23_wq:weight, Dim: 2097152): 0.018799 0.013977 -0.015991 -0.017700 0.026611 0.004639 -0.005463 -0.028931 -0.002716 0.022095 ... 0.014099 -0.022095 -0.015137 0.021729 -0.027832 0.043213 0.055664 0.022583 -0.030029 -0.001289 
  Weight 1 (Name: layer23_wq:loraA, Dim: 8192): -0.003174 -0.005737 0.015137 0.019531 0.024536 0.052979 0.002823 -0.042725 -0.012634 0.007172 ... 0.001236 0.017578 0.011597 -0.001686 0.007721 0.023804 0.001884 0.001701 0.037842 0.024902 
  Weight 2 (Name: layer23_wq:loraB, Dim: 16384): -0.033203 0.008484 0.003799 0.052246 0.018433 -0.014893 0.007812 -0.032715 0.010437 0.049561 ... -0.019653 0.035156 -0.018188 0.009766 0.041504 0.045654 -0.030029 -0.011230 -0.001686 0.029785 

Layer: layer23_q_norm (Type: reshaped_rms_norm)
  Weight 0 (Name: layer23_q_norm:gamma, Dim: 128): 0.008179 0.030640 -0.010986 0.059326 0.054932 -0.015625 -0.021851 0.014221 0.012024 0.024414 ... -0.025757 -0.070801 0.039062 0.065430 -0.014709 0.016968 -0.041992 -0.010132 0.024170 0.020996 

Layer: layer23_wk (Type: fully_connected)
  Weight 0 (Name: layer23_wk:weight, Dim: 1048576): 0.009277 -0.003998 -0.058105 0.017944 -0.017578 -0.012451 -0.009766 -0.033691 -0.030151 0.018677 ... 0.020752 0.019653 -0.003662 0.020142 -0.028931 -0.019531 0.010864 0.001785 -0.002838 0.013611 
  Weight 1 (Name: layer23_wk:loraA, Dim: 8192): -0.005188 0.006073 0.017944 -0.003632 0.036621 0.006561 0.013977 0.020874 -0.030518 -0.012512 ... 0.028320 -0.041748 0.002396 0.014038 0.041016 0.009766 0.012390 -0.023926 0.002670 0.052002 
  Weight 2 (Name: layer23_wk:loraB, Dim: 8192): 0.005554 -0.010315 0.051514 0.019897 -0.017944 -0.027466 -0.010254 0.022339 0.023560 0.029541 ... -0.027344 -0.000584 0.011963 0.007599 -0.024048 -0.024536 -0.025513 0.002167 0.004517 -0.035645 

Layer: layer23_k_norm (Type: reshaped_rms_norm)
  Weight 0 (Name: layer23_k_norm:gamma, Dim: 128): 0.067383 -0.025024 -0.001678 -0.010620 -0.024902 0.039795 -0.053955 -0.028564 0.031128 -0.017090 ... -0.004608 0.000923 0.010803 -0.002228 -0.018311 -0.000698 -0.009033 -0.036133 0.007477 0.014771 

Layer: layer23_wv (Type: fully_connected)
  Weight 0 (Name: layer23_wv:weight, Dim: 1048576): 0.000847 0.028442 -0.028198 -0.021729 0.035156 0.003754 0.021118 0.023560 0.023560 -0.019775 ... 0.027100 0.002151 0.007477 -0.009888 0.024048 -0.044922 -0.066406 -0.007751 0.047852 0.013184 
  Weight 1 (Name: layer23_wv:loraA, Dim: 8192): 0.007172 -0.026855 -0.003754 0.062256 0.028076 0.009460 -0.015625 0.003204 0.041016 0.022949 ... 0.007416 0.025146 -0.009521 -0.014893 -0.029785 -0.023682 -0.063965 0.014038 -0.016479 -0.029053 
  Weight 2 (Name: layer23_wv:loraB, Dim: 8192): -0.033203 0.031250 0.015747 -0.019043 0.004425 -0.015747 0.016968 -0.010132 -0.016724 0.015137 ... 0.004150 -0.023315 -0.078125 0.009949 -0.006042 -0.007935 0.034180 -0.008545 0.022339 0.001984 

Layer: layer23_attention (Type: mha_core)

Layer: layer23_attention_out (Type: fully_connected)
  Weight 0 (Name: layer23_attention_out:weight, Dim: 2097152): 0.037598 -0.040527 -0.016968 0.023071 0.020386 0.036377 0.016479 -0.035156 -0.025269 -0.001396 ... -0.032715 -0.000437 -0.047119 -0.041504 -0.024536 -0.017456 0.022217 -0.004669 0.027954 -0.005768 
  Weight 1 (Name: layer23_attention_out:loraA, Dim: 16384): -0.000324 0.021484 0.012329 0.023438 0.088379 0.012817 -0.029053 0.009521 0.038330 0.015076 ... -0.007111 0.004639 0.047852 0.012817 0.009827 -0.004761 -0.044434 0.001450 0.021484 0.039062 
  Weight 2 (Name: layer23_attention_out:loraB, Dim: 8192): 0.005646 0.052979 -0.000069 -0.005249 0.003967 -0.004852 0.012207 -0.035400 0.008850 -0.018311 ... -0.008606 -0.007233 -0.081543 0.048340 0.006165 0.005341 -0.010315 0.030640 -0.013672 0.063965 

Layer: layer23_decoder_add (Type: addition)

Layer: layer23_decoder_add/generated_out_0 (Type: multiout)

Layer: layer23_ffn_norm (Type: rms_norm)
  Weight 0 (Name: layer23_ffn_norm:gamma, Dim: 1024): -0.019043 0.023804 0.021973 0.037842 0.087891 0.011536 -0.015991 0.002609 0.006531 0.014160 ... 0.010193 0.006470 0.014648 -0.008362 0.032471 -0.023682 -0.004883 -0.008911 0.010559 0.010803 

Layer: layer23_ffn_norm/generated_out_0 (Type: multiout)

Layer: layer23_ffn_up (Type: fully_connected)
  Weight 0 (Name: layer23_ffn_up:weight, Dim: 3145728): -0.003174 -0.028076 0.019043 -0.020142 -0.010254 -0.005188 0.027344 0.023560 -0.006134 0.022339 ... 0.005280 0.001686 -0.007324 0.004517 0.003342 0.030518 0.002228 -0.010986 0.023438 -0.009216 
  Weight 1 (Name: layer23_ffn_up:loraA, Dim: 8192): 0.035889 -0.010742 0.011719 0.024292 -0.002701 -0.010681 -0.004089 0.005035 -0.020142 -0.046631 ... -0.012085 0.016235 -0.016235 -0.020752 0.009644 -0.020752 -0.024902 -0.030884 -0.022461 0.002579 
  Weight 2 (Name: layer23_ffn_up:loraB, Dim: 24576): -0.013977 0.024536 -0.023193 0.001793 -0.025269 0.007538 0.003098 0.006256 0.006622 0.027710 ... 0.007202 -0.054932 -0.066895 0.019531 0.051270 0.007935 -0.003693 0.017578 -0.057129 -0.004700 

Layer: layer23_ffn_gate (Type: fully_connected)
  Weight 0 (Name: layer23_ffn_gate:weight, Dim: 3145728): -0.039062 -0.023193 -0.002808 0.034668 0.022827 0.009521 -0.002625 0.006500 0.012756 0.029419 ... -0.017822 0.001152 0.013916 -0.010498 -0.000199 0.047119 0.011292 -0.035400 0.010803 -0.013367 
  Weight 1 (Name: layer23_ffn_gate:loraA, Dim: 8192): 0.003189 -0.036133 -0.003616 0.005829 0.008667 -0.026367 0.036865 0.014526 0.013123 0.008850 ... -0.012390 0.003357 0.006775 -0.021484 0.019043 -0.000999 0.028442 0.038330 0.024414 -0.021362 
  Weight 2 (Name: layer23_ffn_gate:loraB, Dim: 24576): 0.031738 0.038818 0.007080 0.013000 -0.006226 -0.022949 -0.014587 0.069336 0.004425 -0.011780 ... -0.000420 0.024048 -0.003082 0.021606 0.000652 0.010376 0.000927 -0.017700 0.018433 0.010132 

Layer: layer23_ffn_swiglu (Type: swiglu)

Layer: layer23_ffn_down (Type: fully_connected)
  Weight 0 (Name: layer23_ffn_down:weight, Dim: 3145728): 0.001221 -0.010986 0.009705 0.004089 0.003906 0.022095 0.005463 0.012573 -0.019897 -0.018799 ... -0.006989 -0.025879 0.000406 -0.014221 0.006592 -0.009460 0.010010 0.018677 -0.002563 -0.007812 
  Weight 1 (Name: layer23_ffn_down:loraA, Dim: 24576): 0.014587 -0.008240 0.007324 0.008484 0.011292 -0.007629 -0.000629 -0.001999 0.005035 0.002640 ... -0.008179 -0.015991 -0.002029 0.002457 -0.007019 -0.012207 0.006744 -0.000078 0.007935 -0.006012 
  Weight 2 (Name: layer23_ffn_down:loraB, Dim: 8192): 0.002625 -0.013916 -0.008057 -0.001083 0.011047 -0.000017 0.032959 0.002136 0.010803 -0.002258 ... -0.010010 -0.001053 0.012512 -0.012390 0.007233 0.024414 -0.001289 0.003235 0.015625 0.004242 

Layer: layer23_decoder_output (Type: addition)

Layer: layer23_decoder_output/generated_out_0 (Type: multiout)

Layer: layer24_attention_norm (Type: rms_norm)
  Weight 0 (Name: layer24_attention_norm:gamma, Dim: 1024): 0.001930 -0.021484 0.004974 0.016846 0.036865 0.004822 0.019897 -0.013245 -0.005920 -0.011414 ... -0.001404 0.023438 0.002258 -0.005585 0.009827 0.001534 -0.049561 -0.004761 0.002106 0.000183 

Layer: layer24_attention_norm/generated_out_0 (Type: multiout)

Layer: layer24_wq (Type: fully_connected)
  Weight 0 (Name: layer24_wq:weight, Dim: 2097152): 0.003036 0.021362 -0.002670 0.003357 -0.007660 -0.002487 0.002518 0.016602 0.018066 -0.007538 ... -0.015625 -0.052734 -0.007446 -0.013550 -0.055176 -0.005463 -0.036377 0.011108 0.010376 -0.015198 
  Weight 1 (Name: layer24_wq:loraA, Dim: 8192): 0.015503 -0.021240 -0.002762 -0.020142 0.019775 0.022461 -0.019531 -0.028198 0.005859 -0.018555 ... -0.005646 -0.001556 0.001556 0.010864 -0.021362 0.019287 -0.021118 0.023438 0.027466 0.014343 
  Weight 2 (Name: layer24_wq:loraB, Dim: 16384): 0.011780 -0.025269 -0.032959 0.005096 -0.007812 0.013367 0.006927 0.012451 0.000622 0.005310 ... 0.018311 -0.034180 0.008179 0.027344 -0.010986 -0.000414 0.025146 0.017822 -0.006775 -0.031982 

Layer: layer24_q_norm (Type: reshaped_rms_norm)
  Weight 0 (Name: layer24_q_norm:gamma, Dim: 128): 0.038574 0.030273 0.011169 -0.003906 -0.062500 -0.021851 0.007935 -0.018433 0.029175 0.011536 ... -0.045166 0.032471 0.066895 -0.054932 -0.002335 0.007355 0.006714 -0.011230 0.000557 0.052246 

Layer: layer24_wk (Type: fully_connected)
  Weight 0 (Name: layer24_wk:weight, Dim: 1048576): -0.030518 -0.045654 0.002106 -0.005951 -0.015625 0.002228 -0.005676 0.056885 -0.008118 -0.051025 ... -0.008667 0.013916 0.055176 -0.035645 0.011047 -0.040039 0.000368 0.004395 -0.055420 -0.041260 
  Weight 1 (Name: layer24_wk:loraA, Dim: 8192): -0.022461 -0.006104 0.007080 0.062500 0.007355 0.001678 0.024414 -0.018433 0.071777 -0.002106 ... 0.003967 0.032227 -0.028320 0.000969 0.014832 -0.013245 0.000835 -0.011108 0.017334 -0.040283 
  Weight 2 (Name: layer24_wk:loraB, Dim: 8192): -0.007446 -0.002853 -0.042236 0.004242 0.001938 0.006958 0.003662 -0.018433 0.034424 0.005646 ... -0.000216 0.034180 -0.015076 0.044922 -0.011292 -0.002396 0.006531 -0.007294 -0.023682 -0.057373 

Layer: layer24_k_norm (Type: reshaped_rms_norm)
  Weight 0 (Name: layer24_k_norm:gamma, Dim: 128): -0.006012 0.012634 0.000200 -0.019409 0.010132 0.007751 -0.000828 -0.014648 0.006958 0.016602 ... 0.018799 -0.014160 -0.000205 -0.030518 0.033936 -0.003082 0.020996 -0.009827 -0.019775 0.003860 

Layer: layer24_wv (Type: fully_connected)
  Weight 0 (Name: layer24_wv:weight, Dim: 1048576): -0.030396 -0.012939 0.028931 -0.044189 0.009277 -0.004120 0.032471 0.005920 0.017578 -0.024902 ... 0.001450 -0.030518 0.006073 -0.035400 0.003769 0.007874 -0.022095 -0.013489 -0.004272 -0.024170 
  Weight 1 (Name: layer24_wv:loraA, Dim: 8192): -0.026489 -0.022217 -0.021240 0.023315 0.006744 -0.013367 0.102539 -0.003540 -0.025269 0.015991 ... -0.019531 0.026123 -0.021729 -0.010498 0.022095 -0.007629 0.009460 0.023926 -0.001938 -0.037842 
  Weight 2 (Name: layer24_wv:loraB, Dim: 8192): -0.016968 -0.001122 -0.002197 0.015747 0.029419 0.075684 0.002914 -0.012207 -0.025513 -0.015259 ... 0.000698 0.007690 -0.016357 0.024414 0.020874 0.033691 0.014099 0.022583 0.002701 -0.038330 

Layer: layer24_attention (Type: mha_core)

Layer: layer24_attention_out (Type: fully_connected)
  Weight 0 (Name: layer24_attention_out:weight, Dim: 2097152): -0.005249 -0.004578 0.003708 0.024170 -0.004120 -0.021240 0.008301 -0.013367 0.031250 -0.004120 ... 0.028687 0.009460 0.005035 0.006500 -0.006927 -0.063965 -0.006989 -0.017212 -0.024902 0.014221 
  Weight 1 (Name: layer24_attention_out:loraA, Dim: 16384): -0.010193 -0.002197 0.018311 0.017822 0.022705 0.014526 0.037354 -0.024292 0.012695 -0.004852 ... 0.075195 0.007416 -0.003937 0.048828 -0.093750 0.052002 -0.011169 0.013000 0.027832 0.019531 
  Weight 2 (Name: layer24_attention_out:loraB, Dim: 8192): 0.041016 -0.017944 -0.029785 -0.022827 0.020630 -0.002686 0.011780 0.004547 0.000229 -0.002792 ... 0.020996 0.004089 0.023682 -0.006409 0.065918 -0.020752 -0.005249 0.020630 -0.039062 0.033203 

Layer: layer24_decoder_add (Type: addition)

Layer: layer24_decoder_add/generated_out_0 (Type: multiout)

Layer: layer24_ffn_norm (Type: rms_norm)
  Weight 0 (Name: layer24_ffn_norm:gamma, Dim: 1024): -0.006531 -0.002380 0.000698 0.091797 -0.006134 -0.025635 0.000637 -0.028320 0.005066 0.035156 ... -0.040771 -0.026367 -0.014282 0.062256 0.086426 0.020508 -0.008301 0.059570 0.086426 0.000904 

Layer: layer24_ffn_norm/generated_out_0 (Type: multiout)

Layer: layer24_ffn_up (Type: fully_connected)
  Weight 0 (Name: layer24_ffn_up:weight, Dim: 3145728): -0.064941 -0.015259 -0.002441 -0.033691 0.023438 -0.040283 -0.020142 0.038574 -0.030762 -0.018066 ... -0.017822 -0.080078 -0.010864 -0.001045 -0.001877 -0.055908 -0.023560 0.023438 0.002472 0.016479 
  Weight 1 (Name: layer24_ffn_up:loraA, Dim: 8192): -0.021118 -0.002686 -0.010986 0.010132 -0.012451 0.031128 0.045654 0.013306 -0.031128 0.000454 ... 0.001877 -0.050537 0.002808 0.002701 0.018921 0.026245 -0.011597 0.006775 -0.023193 -0.018921 
  Weight 2 (Name: layer24_ffn_up:loraB, Dim: 24576): -0.042236 -0.032715 0.025024 0.033691 -0.018921 -0.028442 0.051758 0.057861 0.024292 -0.055664 ... -0.034668 -0.047607 0.051270 0.027222 -0.049316 0.030518 -0.010925 0.012268 0.002396 -0.052490 

Layer: layer24_ffn_gate (Type: fully_connected)
  Weight 0 (Name: layer24_ffn_gate:weight, Dim: 3145728): 0.036621 0.032715 -0.024170 -0.019897 -0.059326 -0.018066 0.003143 -0.004974 0.012024 -0.014526 ... 0.061035 -0.026733 -0.036865 0.009277 -0.018921 -0.022949 -0.032471 -0.008850 -0.027344 -0.023804 
  Weight 1 (Name: layer24_ffn_gate:loraA, Dim: 8192): -0.001740 0.000782 -0.036133 0.021240 -0.000277 -0.023315 -0.005798 0.022339 0.002502 -0.015381 ... 0.027954 0.021484 0.004150 -0.030029 0.041260 -0.029785 -0.001289 -0.015015 0.026001 -0.018188 
  Weight 2 (Name: layer24_ffn_gate:loraB, Dim: 24576): -0.005096 0.001381 -0.013184 -0.038330 0.003067 0.014832 -0.005402 0.009644 0.007996 -0.001297 ... -0.016602 0.062500 -0.006195 0.029907 -0.019043 -0.025269 0.024414 -0.017944 -0.039551 0.020264 

Layer: layer24_ffn_swiglu (Type: swiglu)

Layer: layer24_ffn_down (Type: fully_connected)
  Weight 0 (Name: layer24_ffn_down:weight, Dim: 3145728): 0.001404 -0.022949 -0.018555 -0.008301 0.009338 -0.008362 -0.010559 -0.005737 -0.004761 -0.020386 ... -0.007935 0.024536 -0.017578 0.024780 0.021851 -0.001442 0.019653 0.001053 -0.011230 0.023560 
  Weight 1 (Name: layer24_ffn_down:loraA, Dim: 24576): -0.009521 0.040039 0.002396 0.001305 0.011169 -0.002975 0.033203 -0.034912 -0.008423 -0.000038 ... 0.000847 0.011230 -0.006226 0.019165 -0.049805 0.023926 0.017578 -0.044678 -0.005249 0.001030 
  Weight 2 (Name: layer24_ffn_down:loraB, Dim: 8192): 0.024414 0.000176 -0.009277 0.018799 0.030029 -0.005615 -0.012329 -0.006287 0.000664 0.015869 ... 0.015564 -0.029419 -0.009766 0.020996 0.005219 0.034180 -0.006470 0.022827 -0.009521 0.023682 

Layer: layer24_decoder_output (Type: addition)

Layer: layer24_decoder_output/generated_out_0 (Type: multiout)

Layer: layer25_attention_norm (Type: rms_norm)
  Weight 0 (Name: layer25_attention_norm:gamma, Dim: 1024): -0.006439 -0.006500 0.004028 0.003143 -0.002975 0.011230 0.017334 -0.008728 0.007874 0.002258 ... -0.007507 0.004608 0.000881 -0.003418 -0.029907 0.047852 0.007263 0.003265 0.007599 -0.002487 

Layer: layer25_attention_norm/generated_out_0 (Type: multiout)

Layer: layer25_wq (Type: fully_connected)
  Weight 0 (Name: layer25_wq:weight, Dim: 2097152): -0.002930 -0.016846 -0.004181 0.010742 0.005676 -0.006531 0.016846 -0.028076 -0.010315 -0.001213 ... -0.004150 -0.024780 0.017578 -0.054443 0.000044 -0.016724 -0.016846 0.013672 -0.011230 0.012329 
  Weight 1 (Name: layer25_wq:loraA, Dim: 8192): -0.016846 -0.020508 -0.022705 -0.007202 -0.001915 0.020264 0.005707 0.022827 0.036133 -0.001549 ... -0.006348 -0.027588 -0.013062 -0.037109 0.006378 -0.041748 -0.013245 -0.017212 0.004547 -0.006744 
  Weight 2 (Name: layer25_wq:loraB, Dim: 16384): -0.011414 -0.000679 -0.022949 0.015625 0.014221 0.001343 -0.022705 0.020020 -0.082520 -0.018799 ... 0.012817 -0.041504 -0.003876 -0.009033 -0.023193 0.013123 -0.008972 -0.005035 0.041748 -0.017456 

Layer: layer25_q_norm (Type: reshaped_rms_norm)
  Weight 0 (Name: layer25_q_norm:gamma, Dim: 128): -0.020874 0.012024 0.011719 -0.016357 0.008850 0.044922 -0.004059 0.033691 0.016113 -0.027832 ... -0.055176 0.013672 0.011169 -0.064453 0.011597 0.005035 -0.026978 -0.004913 0.010864 0.011108 

Layer: layer25_wk (Type: fully_connected)
  Weight 0 (Name: layer25_wk:weight, Dim: 1048576): -0.004059 0.019043 0.028320 -0.001320 0.019043 -0.006775 -0.006805 0.036865 -0.007477 0.017944 ... 0.017700 -0.030518 0.020020 -0.018311 -0.043701 -0.006897 -0.037109 0.005737 -0.029541 -0.048584 
  Weight 1 (Name: layer25_wk:loraA, Dim: 8192): -0.027588 0.005554 0.013123 -0.028442 -0.063965 -0.013489 -0.031250 -0.001060 0.032227 0.014038 ... -0.006775 0.064453 -0.025391 0.045410 0.012573 -0.037598 0.022217 -0.017822 0.023560 0.026733 
  Weight 2 (Name: layer25_wk:loraB, Dim: 8192): 0.012329 0.020752 -0.013000 0.020996 0.046875 -0.013672 -0.000122 0.030640 0.000383 -0.000629 ... -0.006592 0.022095 -0.003998 0.011536 0.010254 -0.005463 0.021606 -0.005371 0.014893 -0.012512 

Layer: layer25_k_norm (Type: reshaped_rms_norm)
  Weight 0 (Name: layer25_k_norm:gamma, Dim: 128): 0.034180 -0.006317 -0.019897 0.005890 0.033936 -0.031982 -0.065430 0.009460 0.000603 0.031982 ... 0.022095 0.002838 -0.020142 0.027344 -0.013489 0.004425 -0.007599 -0.006042 0.008789 0.006927 

Layer: layer25_wv (Type: fully_connected)
  Weight 0 (Name: layer25_wv:weight, Dim: 1048576): 0.003998 0.043457 0.002533 0.007996 -0.025391 -0.044678 -0.051270 -0.023193 -0.041260 -0.013123 ... 0.016602 -0.018066 -0.010010 0.005341 0.005859 0.005920 -0.018799 -0.017090 0.081543 -0.002686 
  Weight 1 (Name: layer25_wv:loraA, Dim: 8192): -0.030029 -0.003372 -0.009949 -0.019409 -0.024292 0.002808 0.037598 -0.015137 -0.016235 0.000889 ... 0.044189 0.024780 0.000273 0.002975 0.019043 0.027710 0.016602 -0.037354 0.027100 0.008057 
  Weight 2 (Name: layer25_wv:loraB, Dim: 8192): -0.021362 0.001968 0.049561 -0.032227 0.012207 0.048584 -0.017700 -0.049072 -0.005768 0.011230 ... 0.005341 -0.029175 0.046143 0.045410 -0.041504 0.009277 -0.075195 0.014160 0.017822 0.006042 

Layer: layer25_attention (Type: mha_core)

Layer: layer25_attention_out (Type: fully_connected)
  Weight 0 (Name: layer25_attention_out:weight, Dim: 2097152): 0.000322 0.042236 0.098145 -0.012756 0.020630 -0.048096 -0.053223 -0.008179 0.016724 -0.047119 ... -0.003693 -0.030762 -0.000675 -0.002075 -0.004761 -0.015869 0.003571 -0.035889 -0.011963 -0.011292 
  Weight 1 (Name: layer25_attention_out:loraA, Dim: 16384): 0.020874 -0.023071 -0.003036 0.014221 -0.014832 -0.003815 0.021118 0.028076 0.006622 -0.009338 ... -0.005829 0.012756 -0.016846 0.013794 0.011719 0.010559 0.030151 0.012268 0.010193 -0.003555 
  Weight 2 (Name: layer25_attention_out:loraB, Dim: 8192): 0.003021 0.003479 -0.009766 -0.017212 -0.003998 -0.010925 0.022339 -0.005524 -0.003891 -0.002029 ... 0.039307 0.018066 -0.021484 0.022217 0.000851 -0.026123 -0.041748 0.006348 -0.035156 0.013977 

Layer: layer25_decoder_add (Type: addition)

Layer: layer25_decoder_add/generated_out_0 (Type: multiout)

Layer: layer25_ffn_norm (Type: rms_norm)
  Weight 0 (Name: layer25_ffn_norm:gamma, Dim: 1024): 0.007111 -0.023438 0.005005 -0.008057 0.038818 0.005188 0.010010 0.007660 0.012146 -0.001099 ... 0.009583 0.012512 0.000938 0.013184 0.019165 -0.029907 0.021729 0.021118 -0.032471 0.026489 

Layer: layer25_ffn_norm/generated_out_0 (Type: multiout)

Layer: layer25_ffn_up (Type: fully_connected)
  Weight 0 (Name: layer25_ffn_up:weight, Dim: 3145728): -0.004211 -0.011536 -0.002731 0.005219 0.011047 0.023926 0.050049 -0.027466 -0.036377 -0.030151 ... -0.002991 0.001244 -0.035400 0.010620 -0.015503 0.000687 -0.018433 -0.006104 0.014038 -0.007172 
  Weight 1 (Name: layer25_ffn_up:loraA, Dim: 8192): -0.009033 -0.014709 0.012085 0.001656 -0.020386 0.037109 0.009460 -0.004974 0.014832 0.000179 ... 0.033691 0.014038 -0.041748 -0.029541 0.007202 -0.001480 0.001663 0.001556 -0.010010 -0.052979 
  Weight 2 (Name: layer25_ffn_up:loraB, Dim: 24576): 0.011597 -0.102051 0.058105 0.005249 0.049561 -0.109863 0.013550 0.133789 0.007629 -0.042480 ... 0.000935 0.028076 -0.052979 0.006958 0.015747 0.008301 0.015747 0.013367 -0.030396 0.069336 

Layer: layer25_ffn_gate (Type: fully_connected)
  Weight 0 (Name: layer25_ffn_gate:weight, Dim: 3145728): -0.026367 0.007782 0.027100 0.032715 -0.048340 -0.050049 -0.017334 -0.106445 0.022217 -0.136719 ... -0.002411 -0.019775 0.003067 -0.006378 -0.018188 0.024902 0.020752 0.030029 0.052734 0.033203 
  Weight 1 (Name: layer25_ffn_gate:loraA, Dim: 8192): -0.005157 -0.004852 -0.020508 0.006592 0.010498 -0.027100 0.004211 0.011108 0.002060 -0.007172 ... 0.027344 -0.025146 0.022583 0.011963 0.029297 -0.009277 -0.026367 -0.014709 -0.003357 0.049316 
  Weight 2 (Name: layer25_ffn_gate:loraB, Dim: 24576): -0.012756 0.016846 0.000226 0.018188 -0.031006 -0.042725 0.014648 -0.000786 -0.007660 -0.002731 ... -0.006866 -0.045898 0.017456 -0.013000 0.005585 0.026978 -0.017456 0.007599 -0.008728 -0.020996 

Layer: layer25_ffn_swiglu (Type: swiglu)

Layer: layer25_ffn_down (Type: fully_connected)
  Weight 0 (Name: layer25_ffn_down:weight, Dim: 3145728): -0.002792 0.028320 0.007050 0.019531 0.005402 0.010986 0.004852 -0.009155 0.012817 -0.000222 ... -0.129883 -0.014648 -0.000381 -0.018677 -0.008362 0.001465 -0.021973 0.002548 -0.095215 0.021729 
  Weight 1 (Name: layer25_ffn_down:loraA, Dim: 24576): 0.034668 0.024292 -0.003738 -0.011475 0.020996 0.008179 0.002106 0.018555 0.010498 -0.005371 ... -0.011353 -0.027466 0.034180 -0.011597 0.001228 0.002640 -0.009094 -0.009277 0.009888 0.007019 
  Weight 2 (Name: layer25_ffn_down:loraB, Dim: 8192): 0.001335 0.012085 0.014343 -0.001343 0.009338 0.001945 0.001511 0.020386 0.049072 0.004517 ... 0.035645 -0.020142 0.011230 -0.025391 -0.008240 -0.033447 -0.030029 0.013916 -0.027100 -0.022827 

Layer: layer25_decoder_output (Type: addition)

Layer: layer25_decoder_output/generated_out_0 (Type: multiout)

Layer: layer26_attention_norm (Type: rms_norm)
  Weight 0 (Name: layer26_attention_norm:gamma, Dim: 1024): 0.013123 -0.007416 -0.003204 0.018433 -0.008057 -0.032227 0.018188 0.009827 -0.028564 0.011902 ... 0.012451 0.034180 0.000332 0.005615 0.001350 0.004761 -0.024048 -0.010559 0.003845 0.028809 

Layer: layer26_attention_norm/generated_out_0 (Type: multiout)

Layer: layer26_wq (Type: fully_connected)
  Weight 0 (Name: layer26_wq:weight, Dim: 2097152): 0.008911 0.008484 -0.024536 0.005432 -0.018066 -0.013916 -0.000961 0.009094 0.000538 0.001366 ... -0.046143 -0.020874 0.028320 0.000496 0.038574 0.007751 0.009277 -0.034668 0.032959 0.014465 
  Weight 1 (Name: layer26_wq:loraA, Dim: 8192): -0.060059 0.009399 0.010864 -0.020630 -0.003906 -0.018066 0.027100 0.001793 0.037598 -0.026123 ... 0.009521 0.012695 -0.011841 0.006134 0.005463 0.042969 0.059570 0.035889 0.010071 0.010803 
  Weight 2 (Name: layer26_wq:loraB, Dim: 16384): -0.034912 -0.008667 -0.008667 -0.012573 0.007507 -0.009033 -0.035645 -0.010437 -0.017334 -0.014526 ... 0.002487 -0.034424 0.009766 -0.015381 0.031738 -0.037598 0.014709 0.036133 0.000054 0.020264 

Layer: layer26_q_norm (Type: reshaped_rms_norm)
  Weight 0 (Name: layer26_q_norm:gamma, Dim: 128): -0.013550 -0.067383 0.068848 -0.022827 -0.007996 -0.043457 0.001465 0.026489 -0.017456 0.026123 ... -0.031738 0.045410 0.019043 -0.060791 -0.046387 -0.014587 0.001518 -0.077637 -0.028687 0.010193 

Layer: layer26_wk (Type: fully_connected)
  Weight 0 (Name: layer26_wk:weight, Dim: 1048576): -0.020386 -0.013489 -0.010681 0.016968 -0.007599 -0.064453 -0.019653 -0.027588 0.014587 -0.051025 ... 0.019775 0.028320 0.007141 0.004456 0.002426 0.019287 0.010925 -0.015869 -0.000992 0.003159 
  Weight 1 (Name: layer26_wk:loraA, Dim: 8192): 0.019043 -0.002563 0.030762 -0.008484 -0.052002 -0.017700 0.025879 -0.032471 0.012695 0.002991 ... 0.012939 0.030029 0.025513 0.007599 0.028076 0.033203 -0.017822 0.005554 0.001808 0.009033 
  Weight 2 (Name: layer26_wk:loraB, Dim: 8192): -0.010254 0.014709 -0.002014 0.004578 0.014160 -0.011536 0.009521 0.009399 -0.004791 -0.012085 ... -0.006531 -0.014648 -0.008240 0.029785 -0.015747 0.007355 -0.013000 0.012451 0.003891 0.016357 

Layer: layer26_k_norm (Type: reshaped_rms_norm)
  Weight 0 (Name: layer26_k_norm:gamma, Dim: 128): 0.010742 0.015564 0.005341 0.006927 0.017090 0.018188 -0.008972 0.016235 0.003845 0.019775 ... -0.003769 0.001091 0.009399 -0.023438 -0.011963 0.022583 0.005249 -0.016479 -0.041016 0.000334 

Layer: layer26_wv (Type: fully_connected)
  Weight 0 (Name: layer26_wv:weight, Dim: 1048576): 0.020386 -0.021851 -0.060059 0.017212 0.010315 -0.000710 -0.010803 -0.049072 0.030884 0.022339 ... -0.045654 0.041504 -0.047852 0.020020 0.044434 0.055176 -0.058350 0.031738 -0.030396 0.051270 
  Weight 1 (Name: layer26_wv:loraA, Dim: 8192): 0.011414 -0.003357 0.002808 0.006927 -0.022827 0.034180 -0.004059 0.001144 -0.018799 -0.000534 ... -0.007568 0.028931 0.021973 0.017090 -0.014771 -0.018555 0.060059 -0.032471 -0.039551 0.023071 
  Weight 2 (Name: layer26_wv:loraB, Dim: 8192): -0.040771 -0.025757 -0.011841 -0.025269 0.009705 -0.056885 -0.004822 0.047363 -0.030029 -0.038818 ... -0.009338 -0.017700 0.047363 -0.014038 -0.024292 0.029785 -0.024170 0.072266 -0.015503 0.024780 

Layer: layer26_attention (Type: mha_core)

Layer: layer26_attention_out (Type: fully_connected)
  Weight 0 (Name: layer26_attention_out:weight, Dim: 2097152): 0.018433 -0.006927 0.015503 -0.005859 -0.008240 0.010559 0.013367 -0.019287 0.002060 -0.033447 ... -0.011475 0.003601 -0.001122 -0.021729 -0.018799 -0.003601 -0.006409 0.007111 -0.007477 0.029297 
  Weight 1 (Name: layer26_attention_out:loraA, Dim: 16384): -0.025391 -0.026001 0.014587 -0.014465 -0.004761 0.015991 -0.000778 -0.015869 -0.006287 0.007935 ... 0.008240 0.009949 0.016724 -0.036621 -0.018311 0.005096 0.008545 -0.028442 -0.014771 0.032227 
  Weight 2 (Name: layer26_attention_out:loraB, Dim: 8192): -0.013794 0.022095 -0.019531 0.011230 -0.007324 0.004761 -0.018311 -0.000469 -0.042480 0.002914 ... -0.031128 0.044922 0.002563 0.009460 -0.004150 -0.014771 -0.011414 0.001396 0.033691 -0.018677 

Layer: layer26_decoder_add (Type: addition)

Layer: layer26_decoder_add/generated_out_0 (Type: multiout)

Layer: layer26_ffn_norm (Type: rms_norm)
  Weight 0 (Name: layer26_ffn_norm:gamma, Dim: 1024): -0.010315 -0.007721 0.015076 -0.018677 -0.020874 -0.000874 0.009460 -0.008606 -0.033936 -0.009277 ... -0.008301 -0.005127 0.015198 0.019531 -0.029663 -0.007080 0.000393 -0.037842 -0.001297 0.025391 

Layer: layer26_ffn_norm/generated_out_0 (Type: multiout)

Layer: layer26_ffn_up (Type: fully_connected)
  Weight 0 (Name: layer26_ffn_up:weight, Dim: 3145728): -0.007935 0.000437 -0.005829 -0.027710 0.004425 0.035889 0.014160 -0.004974 0.015381 -0.018677 ... 0.005829 -0.006714 -0.028809 -0.065918 -0.023804 -0.067871 -0.060303 0.011719 0.008911 -0.074219 
  Weight 1 (Name: layer26_ffn_up:loraA, Dim: 8192): 0.006409 0.049072 -0.036377 0.075684 -0.010132 -0.018555 -0.004608 -0.024780 0.026489 -0.019287 ... -0.010986 -0.010315 -0.013733 -0.017334 -0.010315 -0.004242 -0.004242 -0.010071 -0.000133 0.002548 
  Weight 2 (Name: layer26_ffn_up:loraB, Dim: 24576): 0.026855 -0.049805 0.051514 -0.075684 0.121094 -0.010742 0.003830 0.077148 0.024902 0.005585 ... -0.012024 0.000107 0.012634 -0.024292 -0.004333 -0.002594 -0.020874 0.005737 -0.004791 0.008118 

Layer: layer26_ffn_gate (Type: fully_connected)
  Weight 0 (Name: layer26_ffn_gate:weight, Dim: 3145728): 0.005188 0.093262 0.007446 -0.055908 -0.045410 -0.003693 -0.006592 -0.074707 0.024902 0.000208 ... -0.046387 0.025146 0.000839 -0.049805 -0.039551 -0.063965 0.007263 0.011597 0.023438 0.035889 
  Weight 1 (Name: layer26_ffn_gate:loraA, Dim: 8192): -0.086914 -0.021606 -0.034180 -0.011719 -0.031982 -0.023438 0.082031 0.030151 -0.040771 -0.046143 ... 0.020996 0.007111 0.021118 0.013367 0.003967 0.012512 -0.001785 -0.001999 0.032959 -0.000828 
  Weight 2 (Name: layer26_ffn_gate:loraB, Dim: 24576): 0.056885 -0.038330 0.018677 0.026855 -0.018311 0.012207 0.045410 -0.007202 0.023438 -0.013062 ... -0.044678 -0.020142 0.008606 -0.002518 -0.000225 -0.019653 0.012939 0.008362 -0.007996 0.038086 

Layer: layer26_ffn_swiglu (Type: swiglu)

Layer: layer26_ffn_down (Type: fully_connected)
  Weight 0 (Name: layer26_ffn_down:weight, Dim: 3145728): -0.075195 -0.015320 0.022217 0.032227 -0.016235 0.048096 0.021851 -0.050049 0.055908 0.017090 ... 0.046387 -0.004059 -0.000172 -0.016724 0.055664 -0.020142 0.000406 -0.016357 0.002975 0.002747 
  Weight 1 (Name: layer26_ffn_down:loraA, Dim: 24576): 0.019043 0.002258 0.060791 -0.011963 0.004669 -0.027588 -0.009949 -0.016724 -0.026245 -0.007080 ... -0.001297 0.008362 0.043945 0.048584 -0.000626 -0.018188 0.023926 -0.036133 0.008362 -0.004944 
  Weight 2 (Name: layer26_ffn_down:loraB, Dim: 8192): 0.022705 0.016724 0.009460 -0.016968 -0.027100 0.001556 -0.003571 0.003937 0.038330 0.041260 ... -0.013794 0.003937 0.023315 0.059326 0.012695 0.004730 0.020264 -0.011963 0.019043 -0.002975 

Layer: layer26_decoder_output (Type: addition)

Layer: layer26_decoder_output/generated_out_0 (Type: multiout)

Layer: layer27_attention_norm (Type: rms_norm)
  Weight 0 (Name: layer27_attention_norm:gamma, Dim: 1024): 0.014282 0.011780 -0.043945 -0.025513 -0.005188 -0.020020 0.044189 -0.016602 -0.001335 -0.010559 ... 0.028564 -0.018677 0.015137 -0.006348 -0.013123 0.017456 0.019409 -0.042725 -0.010132 0.028442 

Layer: layer27_attention_norm/generated_out_0 (Type: multiout)

Layer: layer27_wq (Type: fully_connected)
  Weight 0 (Name: layer27_wq:weight, Dim: 2097152): -0.074707 -0.049805 0.013062 -0.011475 -0.020874 -0.009521 0.075684 0.023926 0.011658 -0.004425 ... -0.004730 -0.022217 0.022583 -0.021240 0.021973 -0.006897 -0.037109 -0.022217 0.033691 -0.018555 
  Weight 1 (Name: layer27_wq:loraA, Dim: 8192): -0.000043 0.033936 -0.006165 -0.009766 -0.003540 0.048096 -0.010193 -0.066406 0.023193 0.025146 ... -0.049316 -0.010376 -0.004059 -0.031250 -0.011597 -0.007538 0.017578 0.025391 -0.001678 -0.013550 
  Weight 2 (Name: layer27_wq:loraB, Dim: 16384): -0.000549 -0.004517 -0.009033 -0.014465 -0.027466 0.030884 0.036621 -0.002289 -0.024170 -0.027954 ... 0.017456 0.046875 -0.061768 0.005554 0.007141 -0.014099 -0.003036 0.020264 0.011719 -0.014343 

Layer: layer27_q_norm (Type: reshaped_rms_norm)
  Weight 0 (Name: layer27_q_norm:gamma, Dim: 128): -0.015198 0.039062 -0.021851 0.021729 0.021729 0.014893 -0.015869 0.040771 0.027832 0.010681 ... -0.011230 0.005646 0.011108 0.019897 -0.080078 0.013855 0.002457 -0.001076 -0.016968 0.001877 

Layer: layer27_wk (Type: fully_connected)
  Weight 0 (Name: layer27_wk:weight, Dim: 1048576): 0.018066 0.009521 0.010010 0.016357 0.021606 -0.049316 0.057617 0.044434 0.044189 -0.008484 ... -0.007141 -0.006897 -0.010071 -0.031982 -0.046631 0.002640 -0.002594 -0.008484 -0.040039 -0.002701 
  Weight 1 (Name: layer27_wk:loraA, Dim: 8192): -0.000595 -0.001114 0.003311 -0.003937 0.179688 0.005066 0.019165 0.018555 -0.035400 0.005310 ... 0.033691 0.008972 0.022461 0.014465 0.019165 0.007507 0.005463 0.052734 0.008972 -0.004639 
  Weight 2 (Name: layer27_wk:loraB, Dim: 8192): 0.036621 -0.046387 -0.017700 0.021606 0.004272 -0.000591 -0.015015 0.009399 -0.048828 -0.021362 ... 0.005066 0.000087 -0.014465 -0.007935 0.011047 0.018555 -0.004974 0.003601 -0.020020 -0.032227 

Layer: layer27_k_norm (Type: reshaped_rms_norm)
  Weight 0 (Name: layer27_k_norm:gamma, Dim: 128): 0.008301 -0.003830 -0.002670 -0.005981 -0.014954 -0.002625 -0.020020 -0.002060 -0.010071 -0.008362 ... 0.006470 0.012146 -0.009216 0.015625 -0.027222 -0.019531 -0.032227 0.002533 -0.021973 0.016479 

Layer: layer27_wv (Type: fully_connected)
  Weight 0 (Name: layer27_wv:weight, Dim: 1048576): 0.014954 0.042725 -0.028931 0.031738 0.019409 0.015076 0.033447 0.005524 -0.007660 0.086914 ... -0.004791 0.012756 -0.024170 0.033447 0.001068 -0.042725 -0.014771 0.023682 0.050293 0.039795 
  Weight 1 (Name: layer27_wv:loraA, Dim: 8192): 0.018799 -0.042969 0.016846 -0.009338 -0.026733 0.021362 -0.014404 0.017456 -0.027100 0.029785 ... 0.000957 -0.012390 0.025269 -0.017822 0.002457 -0.009216 0.018677 0.007996 0.001663 -0.007599 
  Weight 2 (Name: layer27_wv:loraB, Dim: 8192): 0.089355 0.007782 0.064453 0.009644 0.013306 0.008362 -0.025146 -0.011597 0.008911 0.012146 ... -0.022705 0.018677 -0.023682 0.026489 0.027588 0.001488 0.010803 0.047363 -0.009949 0.010071 

Layer: layer27_attention (Type: mha_core)

Layer: layer27_attention_out (Type: fully_connected)
  Weight 0 (Name: layer27_attention_out:weight, Dim: 2097152): -0.045166 -0.014954 -0.052490 0.003281 -0.010376 0.081543 -0.031494 0.052979 0.015381 -0.024658 ... 0.001930 -0.003845 -0.008301 0.012451 0.034668 0.030273 -0.000607 0.010864 -0.033447 -0.009888 
  Weight 1 (Name: layer27_attention_out:loraA, Dim: 16384): 0.012207 -0.000637 -0.017334 0.008545 0.028320 -0.030762 -0.015442 -0.000809 -0.035645 0.029419 ... -0.008728 0.003525 -0.015991 0.026611 -0.000219 -0.005890 0.004395 -0.001755 0.015625 -0.028198 
  Weight 2 (Name: layer27_attention_out:loraB, Dim: 8192): -0.011292 0.044678 -0.006195 0.006042 -0.024292 -0.010559 -0.010986 -0.018799 0.017944 0.032227 ... 0.022949 -0.001160 0.006592 0.007751 0.020874 -0.007050 -0.002029 0.007935 -0.019409 -0.003281 

Layer: layer27_decoder_add (Type: addition)

Layer: layer27_decoder_add/generated_out_0 (Type: multiout)

Layer: layer27_ffn_norm (Type: rms_norm)
  Weight 0 (Name: layer27_ffn_norm:gamma, Dim: 1024): -0.012085 0.000668 0.001122 0.024048 0.012756 0.019165 0.015503 0.017212 0.014038 -0.024658 ... -0.012451 0.008301 -0.044189 -0.012939 0.012634 -0.029663 -0.030396 0.007568 0.016846 -0.005341 

Layer: layer27_ffn_norm/generated_out_0 (Type: multiout)

Layer: layer27_ffn_up (Type: fully_connected)
  Weight 0 (Name: layer27_ffn_up:weight, Dim: 3145728): 0.003326 -0.007172 -0.015381 0.005585 -0.026611 0.013916 0.008362 0.010010 0.006409 0.011780 ... -0.003113 -0.019653 -0.026123 -0.001823 -0.006836 -0.007690 -0.011292 0.006958 -0.007172 -0.016479 
  Weight 1 (Name: layer27_ffn_up:loraA, Dim: 8192): -0.028931 -0.006653 -0.087402 -0.018066 0.072754 -0.005463 0.001762 -0.023926 -0.064453 -0.048584 ... -0.014038 -0.007935 -0.010193 -0.029907 0.000504 0.007996 0.013428 0.033691 -0.002182 -0.014954 
  Weight 2 (Name: layer27_ffn_up:loraB, Dim: 24576): -0.011230 -0.041016 0.061768 0.010864 -0.074219 -0.003708 0.019287 -0.032227 0.085938 0.014343 ... -0.010498 -0.012207 -0.007660 -0.026123 0.010437 0.004456 -0.012634 0.016113 0.001411 -0.023071 

Layer: layer27_ffn_gate (Type: fully_connected)
  Weight 0 (Name: layer27_ffn_gate:weight, Dim: 3145728): -0.013489 -0.013733 0.037354 0.090332 0.017456 -0.006226 0.000171 -0.037598 0.001114 -0.004486 ... -0.031494 -0.007812 -0.031738 -0.005249 0.008850 -0.005127 -0.006409 0.011597 -0.003113 0.010864 
  Weight 1 (Name: layer27_ffn_gate:loraA, Dim: 8192): 0.022217 -0.002380 0.017090 -0.025391 0.004333 -0.017578 0.004578 0.007019 -0.017822 0.014832 ... 0.044434 0.029175 0.025513 0.014160 -0.023804 0.045654 0.039307 0.056152 0.019165 0.034424 
  Weight 2 (Name: layer27_ffn_gate:loraB, Dim: 24576): -0.009460 -0.006317 0.008972 -0.020020 -0.030151 0.045410 0.036621 0.018921 -0.012878 -0.051025 ... -0.009460 0.043701 0.021484 0.004852 -0.040771 -0.023926 -0.044678 -0.044434 -0.021606 0.004608 

Layer: layer27_ffn_swiglu (Type: swiglu)

Layer: layer27_ffn_down (Type: fully_connected)
  Weight 0 (Name: layer27_ffn_down:weight, Dim: 3145728): 0.043945 0.052734 -0.016357 0.005768 0.008606 0.014404 0.002197 -0.009888 -0.006226 0.010864 ... 0.008789 0.002380 -0.007568 0.006195 -0.000083 0.016724 0.012207 0.023438 0.002838 0.073242 
  Weight 1 (Name: layer27_ffn_down:loraA, Dim: 24576): 0.015625 0.000816 0.001999 -0.009827 0.008972 -0.016724 0.000797 -0.013611 -0.002075 0.003357 ... -0.045166 -0.007477 -0.001122 0.005280 0.001846 -0.018433 -0.006409 0.025757 -0.009521 0.043457 
  Weight 2 (Name: layer27_ffn_down:loraB, Dim: 8192): -0.010010 -0.003860 0.004120 0.006592 0.026489 0.003632 0.001060 0.016113 -0.019653 0.009460 ... -0.048584 -0.006409 0.003876 0.019531 -0.000916 -0.006134 -0.004822 0.087891 0.005554 0.012512 

Layer: layer27_decoder_output (Type: addition)

Layer: output_norm (Type: rms_norm)
  Weight 0 (Name: output_norm:gamma, Dim: 1024): 0.000610 0.008179 0.004517 0.003265 -0.002182 0.013000 0.004639 0.011597 0.009583 0.011719 ... 0.014221 0.014709 0.003967 -0.008789 -0.014404 0.006409 -0.020630 0.018066 -0.008911 0.047119 

Layer: output_norm/generated_out_0 (Type: multiout)

Layer: lm_head (Type: tie_word_embeddings)
  Weight 0 (Name: lm_head:Embedding, Dim: 155582464): 1.000000 1.000000 1.000000 1.000000 1.000000 1.000000 1.000000 1.000000 1.000000 1.000000 ... 1.000000 1.000000 1.000000 1.000000 1.000000 1.000000 1.000000 1.000000 1.000000 1.000000 
  Weight 1 (Name: lm_head:bias, Dim: 151936): 0.000000 0.000000 0.000000 0.000000 0.000000 0.000000 0.000000 0.000000 0.000000 0.000000 ... 0.000000 0.000000 0.000000 0.000000 0.000000 0.000000 0.000000 0.000000 0.000000 0.000000 

Layer: output_of_causallm (Type: tie_word_embeddings)
  Weight 0 (Name: embedding0:Embedding, Dim: 155582464): 1.000000 1.000000 1.000000 1.000000 1.000000 1.000000 1.000000 1.000000 1.000000 1.000000 ... 1.000000 1.000000 1.000000 1.000000 1.000000 1.000000 1.000000 1.000000 1.000000 1.000000 

Layer: loss (Type: cross_softmax)

